date,close,rsi_14,macd,macd_signal,score,signal
2020-01-01,7200.85,,0.0,0.0,0.0,0
2020-01-02,6965.71,,-18.757606837607455,-3.751521367521491,0.0,0
2020-01-03,7344.96,,-2.9864143959875946,-3.598499973214712,0.0,0
2020-01-04,7354.11,,10.133880700961528,-0.8520238383794644,0.0,0
2020-01-05,7358.75,,20.667970811666237,3.4519750916296763,0.103411840957983,0
2020-01-06,7758.0,,60.53464573245583,14.868509219794907,0.103411840957983,0
2020-01-07,8145.28,,121.97349764210684,36.289506904257294,0.103411840957983,0
2020-01-08,8055.98,,161.59569218508568,61.350743960422975,0.103411840957983,0
2020-01-09,7817.76,,171.793870904683,83.43936934927498,0.103411840957983,0
2020-01-10,8197.02,,208.08049103081063,108.36759368558212,0.20611035713861892,0
2020-01-11,8020.01,,220.0184356762857,130.69776208372284,0.20611035713861892,0
2020-01-12,8184.98,,240.0241936101902,152.56304838901633,0.20611035713861892,0
2020-01-13,8110.34,,247.00871400159485,171.45218151153205,0.20611035713861892,0
2020-01-14,8810.01,74.84974272495353,305.4801335219072,198.2577719136071,0.2863809570612018,0
2020-01-15,8821.41,74.93798435297522,348.7192213680564,228.35006180449696,0.2863809570612018,0
2020-01-16,8720.01,78.15493156664871,370.5331024854895,256.7866699406955,0.2863809570612018,0
2020-01-17,8913.28,76.7680732967851,398.8187004836436,285.19307604928514,0.2863809570612018,0
2020-01-18,8915.96,76.71664973195257,416.6486282544638,311.4841864903209,0.2863809570612018,0
2020-01-19,8701.7,71.43500148438527,408.77784655633786,330.9429185035243,0.2863809570612018,0
2020-01-20,8642.35,65.83318711932141,393.21836976656505,343.39800875613247,0.7969238271140365,0
2020-01-21,8736.03,61.819207637919135,384.019823908292,351.5223717865644,0.8640496263638868,0
2020-01-22,8682.36,62.71331612190888,368.1553241742231,354.84896226409614,0.8640496263638868,0
2020-01-23,8404.52,61.72066637369663,329.3664959019552,349.75246899166797,0.8640496263638868,0
2020-01-24,8439.0,55.60574891582341,297.97346525101057,339.3966682435365,0.8640496263638868,0
2020-01-25,8340.58,57.707010044573096,262.1309088692069,323.9435163686706,0.6751357255497441,0
2020-01-26,8615.0,59.8214856704337,252.9529412325301,309.7454013414425,0.6751357255497441,0
2020-01-27,8907.57,66.55989963067746,266.2184886256473,301.0400187982835,0.6751357255497441,0
2020-01-28,9374.21,62.975603473653216,310.8027381373413,302.99256266609507,0.6751357255497441,0
2020-01-29,9301.53,60.739209791711446,336.39367165063595,309.67278446300327,0.6751357255497441,0
2020-01-30,9513.21,66.907965416688,369.49615606531734,321.6374587834661,0.5408841270500435,0
2020-01-31,9352.89,59.504300187227855,378.43130874274175,332.99622877532124,0.5408841270500435,0
2020-02-01,9384.61,60.006490927647555,383.6495473504947,343.12689249035594,0.5408841270500435,0
2020-02-02,9331.51,64.44140752188648,379.1299388824882,350.3275017687824,0.5408841270500435,0
2020-02-03,9292.24,65.040338071456,368.1357164202891,353.8891446990838,0.5408841270500435,0
2020-02-04,9197.02,60.66104540640048,347.73083310750917,352.6574823807689,0.5408841270500435,0
2020-02-05,9612.04,68.42132378000937,360.8883651774686,354.30365894010885,0.5408841270500435,0
2020-02-06,9772.0,78.42402826855127,379.8446268826792,359.41185252862294,0.5408841270500435,0
2020-02-07,9813.73,78.48886125790077,393.6965740661599,366.2687968361304,0.7297980278641862,0
2020-02-08,9895.05,82.44359568384368,406.5497341208393,374.3249842930722,0.7297980278641862,0
2020-02-09,10151.75,82.31276782748026,432.4643212392257,385.95285168230293,0.7297980278641862,0
2020-02-10,9851.83,69.79348336463647,423.91416218680206,393.5451137832028,0.7297980278641862,0
2020-02-11,10223.08,68.53516981165038,441.9997736165369,403.2360457498696,0.7297980278641862,0
2020-02-12,10326.46,72.08339258550626,459.37921535075475,414.4646796700467,0.7297980278641862,0
2020-02-13,10229.63,66.23990134830035,460.0361658222846,423.5789769004943,0.7297980278641862,0
2020-02-14,10344.36,72.9491007568919,464.4605439316347,431.7552903067224,0.7297980278641862,0
2020-02-15,9904.72,60.126476303216,427.5629422346101,430.9168206922999,0.5408841270500435,0
2020-02-16,9917.27,61.58764322339684,394.7831922755795,423.6900950089559,0.5408841270500435,0
2020-02-17,9706.0,57.66358463726885,347.74865094271445,408.5018061957076,0.5408841270500435,0
2020-02-18,10164.71,65.7963898256943,343.5275299446821,395.5069509455025,0.5408841270500435,0
2020-02-19,9593.79,49.71651894585434,290.76206443403316,374.5579736432087,0.3803429272048777,0
2020-02-20,9596.42,47.132526342607406,246.31787277259536,348.9099534690861,0.3803429272048777,0
2020-02-21,9677.05,47.795825162555474,215.1219063965691,322.15234405458267,0.3803429272048777,0
2020-02-22,9650.86,45.99077281757435,186.13985973276976,294.9498471902201,0.3803429272048777,0
2020-02-23,9936.4,46.49745136117155,184.0899957114707,272.77787689447024,0.3803429272048777,0
2020-02-24,9656.13,46.796571660544615,158.02836440462306,249.8279743965008,0.3803429272048777,0
2020-02-25,9315.84,34.997254909742736,108.66317333054576,221.5950141833098,0.3803429272048777,0
2020-02-26,8785.25,27.668736724054483,26.422147009481705,182.5604407485442,0.5145945257045783,0
2020-02-27,8823.21,29.26808415292811,-35.284664461547436,138.99141970652587,0.5145945257045783,0
2020-02-28,8692.91,25.76735368262264,-93.62265448059588,92.46860486910153,0.703508426518721,0
2020-02-29,8523.61,27.987823342842987,-151.76754518520102,43.62137485824102,0.6077818067291528,0
2020-03-01,8531.88,27.889443226179097,-194.933399210915,-4.0895799555901915,0.68192224455511,0
2020-03-02,8915.24,38.036768977536745,-195.94991277281588,-42.461646519035334,0.68192224455511,0
2020-03-03,8760.07,26.60040913967383,-206.8915127113669,-75.34761975750165,0.68192224455511,0
2020-03-04,8750.87,32.72492519572073,-213.84015639300924,-103.04612708460316,0.68192224455511,0
2020-03-05,9054.68,40.11740754794078,-192.61177003084413,-120.95925567385136,0.8161738430548106,1
2020-03-06,9131.88,40.042375203200024,-167.6264329091373,-130.29269112090856,0.8161738430548106,1
2020-03-07,8886.66,37.075846953133414,-165.7024629943062,-137.37464549558808,0.6678929674028963,0
2020-03-08,8033.31,23.000377380975976,-230.38023627477375,-155.97576365142524,0.6678929674028963,0
2020-03-09,7929.87,24.21537523973396,-286.6799135027777,-182.11659362169576,0.6678929674028963,0
2020-03-10,7894.56,26.64273881833236,-330.33909180388946,-211.7610932581345,0.6678929674028963,0
2020-03-11,7934.52,33.33111272214272,-357.5927603668242,-240.92742667987247,0.6678929674028963,0
2020-03-12,4800.0,14.38634943284923,-624.9173980116657,-317.7254209462311,0.6678929674028963,1
2020-03-13,5578.6,25.270339590039853,-765.1276708329897,-407.2058709235829,0.6678929674028963,0
2020-03-14,5172.06,24.35280343436969,-898.6901618373549,-505.50272910633726,0.6678929674028963,0
2020-03-15,5361.3,26.39152811947126,-977.9955874181278,-600.0013007686954,0.6678929674028963,0
2020-03-16,5028.97,20.840830205780705,-1055.4948742700935,-691.100015468975,0.6678929674028963,0
2020-03-17,5312.64,24.622849983584572,-1081.5563112706925,-769.1912746293185,0.6678929674028963,0
2020-03-18,5393.04,25.538821520516223,-1083.2357127808964,-832.0001622596342,0.6678929674028963,0
2020-03-19,6162.37,30.26834090360221,-1010.8358625364036,-867.7673023149881,0.6678929674028963,0
2020-03-20,6208.36,29.970128393099387,-938.9241181848892,-881.9986654889684,0.6678929674028963,0
2020-03-21,6186.98,30.91845418331198,-873.5885450526794,-880.3166414017106,0.6678929674028963,0
2020-03-22,5816.19,33.18197678828794,-842.0229701479257,-872.6579071509537,0.6678929674028963,0
2020-03-23,6467.31,39.75680680414278,-755.7552066738544,-849.2773670555339,0.6678929674028963,0
2020-03-24,6744.72,42.2111070166692,-657.4243354998807,-810.9067607444033,0.6678929674028963,0
2020-03-25,6677.43,41.51601987417342,-578.2603271954858,-764.3774740346198,0.6678929674028963,0
2020-03-26,6737.36,72.35061213376957,-504.8666417467948,-712.4753075770549,0.8284341672480621,1
2020-03-27,6359.11,59.92088812737214,-471.7847897086831,-664.3372040033805,0.8284341672480621,1
2020-03-28,6236.65,64.58506297967716,-450.2583838131977,-621.521439965344,0.8284341672480621,1
2020-03-29,5881.42,56.81573967784714,-456.5992523131654,-588.5370024349083,0.8284341672480621,1
2020-03-30,6394.38,67.08381191178643,-415.4438729064377,-553.9183765292142,0.8284341672480621,1
2020-03-31,6410.44,64.72134313147026,-377.1840870703236,-518.5715186374362,0.8284341672480621,1
2020-04-01,6642.92,66.10387870167085,-324.3646641266978,-479.7301477352885,0.8284341672480621,1
2020-04-02,6794.09,59.68147321702243,-267.22631664520577,-437.229381517272,0.8284341672480621,1
2020-04-03,6734.1,58.022841307240625,-224.2000180013565,-394.6235088140889,0.8284341672480621,1
2020-04-04,6856.99,59.91717065863833,-178.13177811798323,-351.3251626748678,0.8284341672480621,1
2020-04-05,6772.78,65.47154248006599,-146.72604284618956,-310.40533870913214,0.8284341672480621,1
2020-04-06,7329.9,64.38873042085773,-76.00569705949965,-263.52541037920565,0.8284341672480621,1
2020-04-07,7197.32,57.93305803086285,-30.308039282925165,-216.88193615994956,0.8284341672480621,1
2020-04-08,7361.28,61.5934682584622,18.91978990707412,-169.72159094654484,0.8284341672480621,1
2020-04-09,7283.54,59.20393650365678,51.07151032764796,-125.56297069170628,0.8284341672480621,1
2020-04-10,6858.92,58.29293140465976,41.806772647725666,-92.0890220238199,0.8284341672480621,1
2020-04-11,6876.83,61.00374021973792,35.500362526445315,-66.57114511376686,0.8284341672480621,1
2020-04-12,6903.79,69.8083816092845,32.305535650496495,-46.795808960914194,0.8284341672480621,1
2020-04-13,6837.91,60.394081281607825,24.178927292981825,-32.60086171013499,0.8284341672480621,1
2020-04-14,6868.7,60.665642601126486,19.99256544828495,-22.082176278451005,0.8284341672480621,1
2020-04-15,6621.24,49.4989090640139,-3.25558204198569,-18.316857431157946,0.6678929674028963,0
2020-04-16,7101.94,56.17475860575013,16.91359678520439,-11.270766587885475,0.8284341672480621,1
2020-04-17,7027.55,55.85212247877123,26.588667412943323,-3.698879787719717,0.8284341672480621,1
2020-04-18,7248.6,57.515439265824064,51.49946442997043,7.3407890558183135,0.6395202664339193,0
2020-04-19,7120.74,56.56771183305524,60.22992403670105,17.918616051994864,0.6395202664339193,0
2020-04-20,6826.83,39.45703974750714,42.937834850673426,22.92245981173058,0.4789790665887535,0
2020-04-21,6841.37,42.151981902926664,30.06046771232468,24.3500613918494,0.4789790665887535,0
2020-04-22,7125.14,45.05482538804984,42.26571604880519,27.93319232324056,0.4789790665887535,0
2020-04-23,7482.39,53.72784570449441,79.84514746856894,38.31558335230624,0.7926929255299849,0
2020-04-24,7505.0,64.26174792943296,110.18145245592224,52.68875717302944,0.7926929255299849,0
2020-04-25,7538.67,64.5086897809579,135.37950961175738,69.22690766077503,0.7926929255299849,0
2020-04-26,7693.1,66.38721759241957,165.89799302887332,88.5611247343947,0.7926929255299849,0
2020-04-27,7774.62,69.32197446316962,194.42093025847865,109.73308583921148,0.7926929255299849,0
2020-04-28,7738.98,67.91584321475625,211.70926079154833,130.12832082967887,0.7926929255299849,0
2020-04-29,8778.57,83.48924068514373,305.7718643625685,165.2570295362568,0.9816068263441277,0
2020-04-30,8620.0,76.18428315164897,363.3335980508309,204.8723432391716,0.9816068263441277,0
2020-05-01,8826.96,79.679814737231,420.800898256156,248.05805424256852,0.9816068263441277,0
2020-05-02,8972.05,79.15754497683906,472.60381553091247,292.9672065002373,0.9816068263441277,0
2020-05-03,8894.16,80.51895754171487,501.5909009680472,334.6919453937993,0.9816068263441277,0
2020-05-04,8871.96,88.82573384515496,516.814504647079,371.11645724445526,0.9816068263441277,-1
2020-05-05,9021.83,89.37184459708348,534.8076470776923,403.8546952111027,0.9816068263441277,-1
2020-05-06,9142.92,88.70847689132052,552.4697655395385,433.57770927678985,0.9816068263441277,-1
2020-05-07,9986.4,90.4837661392804,627.2978097413898,472.32172936970983,1.1298877019960418,-1
2020-05-08,9800.01,85.23856172018709,663.9063593611718,510.6386553680022,1.1298877019960418,-1
2020-05-09,9539.4,78.71863992214347,664.2329853098763,541.3575213563771,1.1298877019960418,0
2020-05-10,8722.77,62.419039302574106,591.7750086564702,551.4410188163957,1.1298877019960418,1
2020-05-11,8561.52,59.31185299839537,515.3988160231002,544.2325782577367,1.1298877019960418,1
2020-05-12,8810.79,62.07295067009997,469.57121420467047,529.3003054471235,1.1298877019960418,1
2020-05-13,9309.37,56.80882941496404,468.08792258960784,517.0578288756204,1.1298877019960418,1
2020-05-14,9791.98,63.87970402091939,500.0902676480109,513.6643166300986,1.1298877019960418,1
2020-05-15,9316.42,55.44992562108621,481.52788537014385,507.2370303781077,1.1298877019960418,1
2020-05-16,9381.27,54.63938797536665,466.67043047585867,499.12371039765793,1.1298877019960418,1
2020-05-17,9680.04,58.484699297800134,473.5452970917213,494.00802773647064,1.1298877019960418,1
2020-05-18,9733.93,59.24295227167935,477.8339783766096,490.77321786449846,0.9409738011818992,1
2020-05-19,9775.53,58.27408893904598,479.0671733619019,488.4320089639792,0.9409738011818992,1
2020-05-20,9511.43,53.92233038643219,453.5060905342889,481.4468252780411,0.9409738011818992,1
2020-05-21,9068.65,39.320764552967375,392.98995908206416,463.7554520388458,0.7804326013367334,0
2020-05-22,9170.0,42.520982466137205,349.18341781229356,440.84104519353536,0.7804326013367334,0
2020-05-23,9179.15,45.45183681405114,311.6126698908229,414.9953701329929,0.7804326013367334,0
2020-05-24,8720.34,49.96627407656201,242.02552926983117,380.40140196036054,0.7804326013367334,0
2020-05-25,8900.35,54.67825356982103,199.10733614204764,344.14258879669796,0.9409738011818992,1
2020-05-26,8841.18,50.44284411129536,158.49282772407423,307.01263658217323,0.7804326013367334,0
2020-05-27,9204.07,48.4023862553633,153.81464787838013,276.3730388414146,0.7804326013367334,0
2020-05-28,9575.89,46.607426014600826,178.05738847929206,256.7099087689901,0.7804326013367334,0
2020-05-29,9427.07,51.93578748849723,183.1501637252568,241.99795976024345,0.7804326013367334,0
2020-05-30,9697.72,55.16432154735442,206.64336183847445,234.9270401758897,0.9409738011818992,1
2020-05-31,9448.27,46.15573446918051,202.79565823101257,228.50076378691423,0.7804326013367334,0
2020-06-01,10200.77,56.28639142495489,257.4985040288029,234.300311835292,0.9409738011818992,1
2020-06-02,9518.04,47.04322004120131,242.95961108941992,236.0321716861176,0.7804326013367334,0
2020-06-03,9666.24,51.82630894715607,240.62219227834248,236.9501758045626,0.7804326013367334,0
2020-06-04,9789.06,59.192725546592094,245.84635483629245,238.72941161090856,0.9409738011818992,1
2020-06-05,9621.16,55.66084137197234,233.74395963427375,237.73232121558163,0.9409738011818992,1
2020-06-06,9666.3,56.057708329706465,225.1991889246092,235.22569475738717,0.9409738011818992,1
2020-06-07,9746.99,64.09153423612122,222.3750045916859,232.65555672424696,0.9409738011818992,1
2020-06-08,9782.01,62.60306478357826,220.42175470587244,230.20879632057205,0.9409738011818992,1
2020-06-09,9772.43,63.50338291461369,215.6152853684871,227.29009413015507,0.9409738011818992,1
2020-06-10,9885.0,60.64655131977649,218.37232180935644,225.50653966599535,0.9409738011818992,1
2020-06-11,9280.4,45.69340682723782,169.81362019682456,214.3679557721612,0.7804326013367334,0
2020-06-12,9465.13,50.54895603159309,144.57015175171546,200.4083949680721,0.7804326013367334,0
2020-06-13,9473.34,46.49859244602297,123.79991121207968,185.0866982168736,0.7804326013367334,0
2020-06-14,9342.1,48.279773034385094,95.64681778402336,167.19872213030357,0.7804326013367334,0
2020-06-15,9426.02,33.97522079963596,79.19403156222324,149.5977840166875,0.7804326013367334,0
2020-06-16,9525.59,50.20581292014457,73.34408188346606,134.34704359004323,0.7804326013367334,0
2020-06-17,9465.14,44.24257346373193,63.10273576041254,120.0981820241171,0.7804326013367334,0
2020-06-18,9386.32,38.17168299617022,48.07213425932423,105.69297247115853,0.7804326013367334,0
2020-06-19,9310.23,40.34756585932213,29.67833383244033,90.4900447434149,0.6272599422406678,0
2020-06-20,9358.95,40.47986321482341,18.81551772781677,76.15513934029528,0.6272599422406678,0
2020-06-21,9294.69,35.84598630599962,4.964188668891438,61.916949206014515,0.49300834374096725,0
2020-06-22,9685.69,47.53500941773812,25.24631902250985,54.582823169313585,0.6461810028370328,0
2020-06-23,9624.89,46.320661552733675,35.99902720243699,50.86606397593827,0.6461810028370328,0
2020-06-24,9296.49,36.75010469153147,17.81611734679791,44.2560746501102,0.49300834374096725,0
2020-06-25,9249.49,49.07077278275143,-0.3820726238227507,35.32844519532361,0.49300834374096725,0
2020-06-26,9162.21,40.32674228489681,-21.59806678742825,23.94314279877324,0.49300834374096725,0
2020-06-27,9012.0,36.492832716540974,-49.95671672429853,9.163170894158885,0.49300834374096725,0
2020-06-28,9116.35,43.28472755180354,-63.28150836459099,-5.325764957591092,0.3447274680890529,0
2020-06-29,9192.56,43.023380907982485,-66.92057294471124,-17.644726555015122,0.3447274680890529,0
2020-06-30,9138.55,38.110100761857936,-73.31755433432409,-28.779292110876916,0.3447274680890529,0
2020-07-01,9232.0,42.98024810309529,-70.03920580100748,-37.03127484890303,0.3447274680890529,0
2020-07-02,9086.54,41.32199346934999,-78.27617825153175,-45.28025552942878,0.3447274680890529,0
2020-07-03,9058.26,42.49834765366823,-86.09356489223865,-53.442917401990755,0.3447274680890529,0
2020-07-04,9135.46,43.45720793250224,-85.07877021025888,-59.770087963644386,0.3447274680890529,0
2020-07-05,9069.41,43.41170965666489,-88.58309038579864,-65.53268844807523,0.3447274680890529,0
2020-07-06,9344.2,39.284840193537455,-68.39857667278011,-66.10586609301622,0.3447274680890529,0
2020-07-07,9257.39,38.65390552639703,-58.730042263176074,-64.6307013270482,0.3447274680890529,0
2020-07-08,9436.06,54.74802179932914,-36.23281396775201,-58.95112385518897,0.5052686679342188,0
2020-07-09,9232.43,49.475528775209064,-34.43785944606498,-54.048470973364175,0.3447274680890529,0
2020-07-10,9288.34,53.95384412832363,-28.1790448271222,-48.874585744115784,0.5052686679342188,0
2020-07-11,9234.03,57.40529507114129,-27.28670807636081,-44.55701021056479,0.5052686679342188,0
2020-07-12,9302.75,56.368295182781,-20.79468688329871,-39.80454554511158,0.5052686679342188,0
2020-07-13,9242.62,51.72928382915814,-20.268064160718495,-35.89724926823296,0.3447274680890529,0
2020-07-14,9255.85,54.169510322470614,-18.569108305013287,-32.43162107558903,0.5052686679342188,0
2020-07-15,9197.6,48.745843784635134,-21.673127411739188,-30.279922342819063,0.3447274680890529,0
2020-07-16,9133.72,51.8288806537143,-28.95390446217607,-30.014718766690468,0.3447274680890529,0
2020-07-17,9154.32,53.74596390522391,-32.684953097565085,-30.548765632865393,0.5052686679342188,0
2020-07-18,9170.28,51.42595049715799,-33.96249885922043,-31.231512278136403,0.3447274680890529,0
2020-07-19,9208.99,55.84701742627345,-31.48841079374688,-31.2828919812585,0.5052686679342188,0
2020-07-20,9160.78,40.51622510392751,-33.036992385827034,-31.63371206217221,0.3447274680890529,0
2020-07-21,9390.0,55.976492433051256,-15.588422494882252,-28.42465414871422,0.5052686679342188,0
2020-07-22,9518.16,53.87659124390892,8.483345054944948,-21.043054307982388,0.5052686679342188,0
2020-07-23,9603.27,69.71714164185458,34.035717408172786,-10.027299964751354,0.653549543586133,0
2020-07-24,9537.8,63.1300265274327,48.44483287114781,1.667126602428479,0.5052686679342188,0
2020-07-25,9700.42,72.03549188770347,72.1544836427529,15.764598010493362,0.5052686679342188,0
2020-07-26,9931.54,75.75593731311493,108.34507061603108,34.280692531600906,0.6584413270302844,0
2020-07-27,11029.96,89.56112547366925,223.0880653031763,72.04216708591599,0.8067222026821986,-1
2020-07-28,10906.27,84.82751053000312,300.57710028252586,117.74915372523796,0.9956361034963414,0
2020-07-29,11100.53,87.97611587631664,373.35902683007953,168.8711283462063,0.9956361034963414,-1
2020-07-30,11099.61,90.2438924531315,426.0537097168508,220.3076446203352,0.9956361034963414,-1
2020-07-31,11335.46,91.0340442183526,481.2976497595701,272.50564564818217,0.9956361034963414,-1
2020-08-01,11801.17,92.33170392634526,556.2457207359512,329.253660665736,0.9956361034963414,-1
2020-08-02,11071.35,74.51389729846417,550.4074775324225,373.4844240390733,1.1298877019960418,1
2020-08-03,11219.81,76.40574223549116,551.4038684409697,409.06831291945264,1.1298877019960418,0
2020-08-04,11191.97,74.3677399288699,543.6798571192776,435.9906217594177,1.1298877019960418,1
2020-08-05,11744.91,77.00904607457613,575.5416732390986,463.9008320553539,1.1298877019960418,0
2020-08-06,11762.46,76.62596462844078,595.3457551194242,490.189816668168,1.1298877019960418,0
2020-08-07,11594.23,74.73198586626836,590.6571496966662,510.28328327386765,1.1298877019960418,1
2020-08-08,11761.41,74.75967025389299,593.5889015768807,526.9444069344703,1.1298877019960418,1
2020-08-09,11681.68,71.8189298359348,582.7610843710445,538.1077424217851,1.1298877019960418,1
2020-08-10,11892.92,63.81434453259571,584.4876539747802,547.3837247323842,1.1298877019960418,1
2020-08-11,11392.08,56.93901278934573,539.2265030492199,545.7522803957513,1.1298877019960418,1
2020-08-12,11564.33,56.666551676555805,511.36119673376015,538.8740636633531,1.1298877019960418,1
2020-08-13,11780.0,59.21111414963813,500.9063704554519,531.2805250217729,1.1298877019960418,1
2020-08-14,11760.54,56.11288151582438,485.4545678675404,522.1153335909264,0.9409738011818992,1
2020-08-15,11852.4,50.82547283818927,475.1440721890631,512.7210813105538,0.7804326013367334,0
2020-08-16,11911.0,67.26360589674529,466.3259451225731,503.4420540729577,0.8067222026821986,0
2020-08-17,12281.13,69.99834182519825,483.6289402115326,499.47943130067273,0.8067222026821986,0
2020-08-18,11945.01,62.71253967182122,464.8609854782517,492.55574213618854,0.8067222026821986,0
2020-08-19,11754.59,50.18620541072913,429.6689869210859,479.97839109316806,0.6461810028370328,0
2020-08-20,11853.55,51.699002868664415,405.09464062221014,465.0016409989765,0.6461810028370328,0
2020-08-21,11531.34,48.890699799271175,355.52141043793745,443.1055948867687,0.6461810028370328,0
2020-08-22,11662.96,48.2414053038287,323.1300601746134,419.1104879443377,0.6461810028370328,0
2020-08-23,11648.13,49.386477263999446,292.88680785805445,393.865751927081,0.6461810028370328,0
2020-08-24,11748.2,47.24136879346103,273.8370026771827,369.8600020771014,0.6461810028370328,0
2020-08-25,11318.42,48.5568068715272,221.5068475904336,340.1893711797679,0.6461810028370328,0
2020-08-26,11461.43,47.96055082965347,189.39134890320565,310.02976672445544,0.6461810028370328,0
2020-08-27,11330.38,40.779370990763354,151.61719638297473,278.3472526561593,0.6461810028370328,0
2020-08-28,11526.91,45.53321173604975,135.9718381818493,249.8721697612973,0.6461810028370328,0
2020-08-29,11465.84,42.52128153536605,117.29286137832425,223.3563080847027,0.6461810028370328,0
2020-08-30,11711.16,46.394237708940786,120.89135121740584,202.86331671124333,0.6461810028370328,0
2020-08-31,11649.51,37.17595750901474,117.41505292930742,185.77366395485615,0.6461810028370328,0
2020-09-01,11921.97,49.51979591326312,135.08809497790023,175.63655015946495,0.6461810028370328,0
2020-09-02,11388.54,43.32510330088732,104.84220946066672,161.47768201970533,0.6461810028370328,0
2020-09-03,10140.85,27.989935024879728,-19.580318616488512,125.26608189246656,0.6272599422406678,0
2020-09-04,10446.25,35.994899210358525,-92.4768255872914,81.71750039651498,0.6272599422406678,0
2020-09-05,10166.69,31.398237129679146,-170.83668916171155,31.206662484869675,0.4789790665887535,0
2020-09-06,10256.2,33.01086529330924,-223.14248895179296,-19.66316780246286,0.6678929674028963,0
2020-09-07,10373.44,33.290468434742436,-252.2274034431466,-66.1760149305996,0.8161738430548106,1
2020-09-08,10126.65,34.84027058724759,-291.82729481451497,-111.30627090738268,0.6678929674028963,0
2020-09-09,10219.2,33.99291282778172,-312.14427757197336,-151.47387224030084,0.8161738430548106,1
2020-09-10,10336.87,37.15356347640342,-315.1181611845477,-184.20273002915025,0.8161738430548106,1
2020-09-11,10387.89,34.69618634047765,-309.7870653119535,-209.31959708571088,0.8161738430548106,1
2020-09-12,10440.92,36.19941184708023,-297.8496304794444,-227.0256037644576,0.8161738430548106,1
2020-09-13,10332.83,30.728533118573623,-293.72520569067456,-240.365524149701,0.8161738430548106,1
2020-09-14,10671.77,37.31321592991088,-260.10857423861125,-244.31413416748308,0.8161738430548106,1
2020-09-15,10785.31,34.61669635075221,-221.74923536034296,-239.80115440605508,0.8161738430548106,1
2020-09-16,10954.01,43.47499647118534,-175.7110156083054,-226.98312664650516,0.8161738430548106,1
2020-09-17,10939.99,69.06290850452751,-138.75718514037544,-209.3379383452792,0.9767150428999763,1
2020-09-18,10933.39,63.55229627321586,-108.74997112544042,-189.22034490131148,0.9767150428999763,1
2020-09-19,11080.65,77.44690563136645,-72.25349323766568,-165.82697456858233,0.7878011420858336,0
2020-09-20,10920.28,69.12871150234469,-55.62903343114522,-143.7873863410949,0.7878011420858336,0
2020-09-21,10417.22,51.03174902433963,-82.10036511058206,-131.44998209499235,0.4789790665887535,0
2020-09-22,10529.61,60.138684809081944,-92.93881169577436,-123.74774801514876,0.7878011420858336,0
2020-09-23,10241.46,50.509886203294755,-123.3576651548774,-123.66973144309448,0.3447274680890529,0
2020-09-24,10736.32,57.801666386722,-106.3083034472802,-120.19744584393165,0.5052686679342188,0
2020-09-25,10686.67,55.838603018767635,-95.69973454876708,-115.29790358489872,0.5052686679342188,0
2020-09-26,10728.6,55.646186939659906,-82.95273914909012,-108.82887069773702,0.5052686679342188,0
2020-09-27,10774.25,58.88126126706154,-68.3788511390976,-100.73886678600914,0.5052686679342188,0
2020-09-28,10696.12,50.54736075457109,-62.41390923794643,-93.0738752763966,0.3447274680890529,0
2020-09-29,10840.48,51.22321107874047,-45.51335465171178,-83.56177115145964,0.3447274680890529,0
2020-09-30,10776.59,45.87456750623163,-36.85014687444345,-74.2194462960564,0.3447274680890529,0
2020-10-01,10619.13,43.00580705915178,-42.203700360920266,-67.81629710902918,0.3447274680890529,0
2020-10-02,10570.4,42.230156385788725,-49.80441947014333,-64.21392158125201,0.3447274680890529,0
2020-10-03,10542.06,37.85301560237621,-57.452567838108735,-62.861650832623354,0.3447274680890529,0
2020-10-04,10666.63,44.18546009710382,-52.85276877781689,-60.85987442166206,0.3447274680890529,0
2020-10-05,10792.21,60.39507897698606,-38.628849072143566,-56.413669351758365,0.5052686679342188,0
2020-10-06,10599.66,51.8592244605462,-42.40465159251653,-53.61186579991,0.3447274680890529,0
2020-10-07,10666.39,62.78038774564947,-39.55646665443419,-50.80078597081484,0.5052686679342188,0
2020-10-08,10925.57,56.63220606273,-16.19886914847848,-43.88040260634757,0.5052686679342188,0
2020-10-09,11050.64,62.11480724551815,12.262939372125402,-32.65173421065298,0.5052686679342188,0
2020-10-10,11293.22,66.57896900435748,53.77343961622137,-15.366699445278114,0.5052686679342188,0
2020-10-11,11369.02,67.1604240119564,91.72983223349,6.052606890475512,0.5052686679342188,0
2020-10-12,11528.25,72.93544350548767,133.1245007258403,31.46698565754848,0.6584413270302844,0
2020-10-13,11420.56,66.31821762124451,155.4484774565899,56.26328401735677,0.6584413270302844,0
2020-10-14,11417.89,68.68393758230486,170.9542885424289,79.20148492237121,0.6584413270302844,0
2020-10-15,11505.12,76.91424405358612,188.11303752942695,100.98379544378236,0.6584413270302844,0
2020-10-16,11319.32,71.00144698320824,184.59111109440343,117.70525857390658,0.5052686679342188,0
2020-10-17,11360.2,72.78230746953597,182.9892472368283,130.76205630649093,0.6584413270302844,0
2020-10-18,11503.14,73.05794600673673,191.0514992317549,142.8199448915437,0.6584413270302844,0
2020-10-19,11751.47,74.765578206002,215.00065393738987,157.25608670071296,0.6584413270302844,0
2020-10-20,11909.99,84.43434157622258,243.95955686701927,174.5967807339742,0.6584413270302844,0
2020-10-21,12780.96,89.0590308435141,333.3470784572746,206.34684027863432,0.6584413270302844,-1
2020-10-22,12968.52,88.76168286361545,414.5432611452852,247.9861244519645,0.9956361034963414,-1
2020-10-23,12923.07,86.63314616633727,469.8087232382241,292.35064420921645,0.9956361034963414,-1
2020-10-24,13111.73,86.34504922593558,522.8037294564729,338.44126125866774,0.9956361034963414,-1
2020-10-25,13028.83,83.07936368745584,551.7530508017517,381.10361916728453,0.9956361034963414,0
2020-10-26,13052.19,82.11052862247989,570.0098347525909,418.88486228434584,0.9956361034963414,0
2020-10-27,13636.17,88.88058260945859,624.4030434348424,459.9884985144451,0.9956361034963414,-1
2020-10-28,13266.4,78.73614500909413,630.405779086921,494.0719546289404,0.9956361034963414,0
2020-10-29,13455.7,79.39019171774515,643.0255203632005,523.8626677757924,0.9956361034963414,0
2020-10-30,13560.1,84.61177255623998,653.913061017116,549.8727464240571,0.9956361034963414,0
2020-10-31,13791.0,85.46500770344085,673.4105579850875,574.5803087362632,0.9956361034963414,-1
2020-11-01,13761.5,84.07713664896184,678.6589039516166,595.3960277793338,0.9956361034963414,0
2020-11-02,13549.37,77.42875450051872,658.1148000342073,607.9397822303085,0.9956361034963414,0
2020-11-03,14023.53,79.41158461915259,672.3438377053626,620.8205933253194,0.9956361034963414,0
2020-11-04,14144.01,73.97583155969113,685.4408462772881,633.7446439157131,0.9956361034963414,1
2020-11-05,15590.02,81.96171665447451,803.2419687051242,667.6441088735954,1.1298877019960418,0
2020-11-06,15579.92,82.67435711386864,885.5768427587846,711.2306556506333,1.1298877019960418,0
2020-11-07,14818.3,68.39527358411249,879.2361675272205,744.8317580259508,1.1298877019960418,1
2020-11-08,15475.1,73.46537464676327,916.6429186417828,779.1939901491172,1.1298877019960418,1
2020-11-09,15328.41,71.32953761731984,923.802362749866,808.1156646692671,1.1298877019960418,1
2020-11-10,15297.21,67.36377967242726,916.3950626892492,829.7715442732635,1.1298877019960418,1
2020-11-11,15684.24,75.18415438970734,931.0225619273496,850.0217478040809,1.1298877019960418,0
2020-11-12,16291.86,77.17336317508008,980.3440207386556,876.0862023909959,1.1298877019960418,0
2020-11-13,16320.7,76.83800368650691,1010.11480447129,902.8919228070548,1.1298877019960418,0
2020-11-14,16070.45,72.07729693187122,1001.9652497949064,922.7065882046252,1.1298877019960418,1
2020-11-15,15957.0,70.92395137218423,975.1117212046338,933.187614804627,1.1298877019960418,1
2020-11-16,16713.57,77.32082848370348,1003.3134099592116,947.212773835544,1.1298877019960418,0
2020-11-17,17659.38,79.02888157548057,1089.4242098671093,975.655061041857,1.1298877019960418,0
2020-11-18,17776.12,79.01634996237253,1153.7874381725323,1011.2815364679922,1.1298877019960418,0
2020-11-19,17802.82,72.86224382260681,1193.1958086320792,1047.6643909008096,1.1298877019960418,1
2020-11-20,18655.67,77.06492413989723,1278.5072577541505,1093.8329642714775,1.1298877019960418,0
2020-11-21,18703.8,89.09992191084953,1334.6162591147022,1141.989623240123,1.1298877019960418,-1
2020-11-22,18414.43,81.94055963053516,1340.283354093881,1181.6483694108745,1.1298877019960418,0
2020-11-23,18368.0,83.76579374759774,1325.7456837317695,1210.4678322750535,1.1298877019960418,0
2020-11-24,19160.01,86.70607016610285,1362.427843035166,1240.859834427076,1.1298877019960418,-1
2020-11-25,18719.11,78.54644851918951,1340.4696733380006,1260.781802209261,0.9956361034963414,0
2020-11-26,17149.47,56.83061763164477,1182.7765241640009,1245.180746600209,1.1298877019960418,1
2020-11-27,17139.52,56.541349779510455,1044.9550936240994,1205.1356160049872,1.1298877019960418,1
2020-11-28,17719.85,62.51654302400407,971.3611512509668,1158.3807230541831,1.1298877019960418,1
2020-11-29,18184.99,66.05048288541144,939.7376220269908,1114.6521028487448,1.1298877019960418,1
2020-11-30,19695.87,69.37846983968562,1024.7781319281276,1096.6773086646217,1.1298877019960418,1
2020-12-01,18764.96,57.197805202617715,1005.4663019996368,1078.4351073316243,1.1298877019960418,1
2020-12-02,19204.09,58.92216930734272,1013.9079588704808,1065.529677639396,1.1298877019960418,1
2020-12-03,19421.9,59.88029506388008,1026.342442642563,1057.6922306400293,1.1298877019960418,1
2020-12-04,18650.52,49.968256942484054,962.8537624908604,1038.7245370101955,0.9693465021508761,1
2020-12-05,19147.66,52.59233128762695,941.7971183550144,1019.3390532791592,0.7804326013367334,0
2020-12-06,19359.4,55.56953057680951,931.4579570707464,1001.7628340374768,0.9409738011818992,1
2020-12-07,19166.9,54.62891073137833,897.3864437332631,980.887555976634,0.9409738011818992,1
2020-12-08,18324.11,45.18504096660923,793.2345008764496,943.3569449565972,0.7804326013367334,0
2020-12-09,18541.28,48.948561522424725,719.9183689985912,898.6692297649961,0.7804326013367334,0
2020-12-10,18254.63,57.70305233692803,631.4060905301994,845.2166019180368,0.9409738011818992,1
2020-12-11,18036.53,56.07592861777889,537.4650622084628,783.666293976122,0.9409738011818992,1
2020-12-12,18808.69,57.18848616887833,519.3363925864978,730.8003136981972,0.9409738011818992,1
2020-12-13,19174.99,56.62237479698073,528.4351683232853,690.3272846232148,0.9409738011818992,1
2020-12-14,19273.14,46.5132391829005,537.3714152017019,659.7361107389123,0.7804326013367334,0
2020-12-15,19426.43,56.25881146261291,550.4771195628346,637.8843125036968,0.9409738011818992,1
2020-12-16,21335.52,65.77838907831638,706.7639577994742,651.6602415628523,0.9409738011818992,1
2020-12-17,22797.16,71.10038634175615,937.7546833945672,708.8791299291953,1.1298877019960418,1
2020-12-18,23107.39,79.56680089426094,1132.791352354885,793.6615744143332,1.1298877019960418,0
2020-12-19,23821.61,80.13884393018856,1329.6633710291535,900.8619337372974,1.1298877019960418,0
2020-12-20,23455.52,75.89733927808223,1439.5512104915688,1008.5997890881516,1.1298877019960418,0
2020-12-21,22719.71,71.01834071055609,1450.5434355918478,1096.988518388891,1.1298877019960418,1
2020-12-22,23810.79,81.5327161671636,1529.662889039737,1183.5233925190605,1.1298877019960418,0
2020-12-23,23232.76,75.88876969464198,1528.108353831787,1252.4403847816056,1.1298877019960418,0
2020-12-24,23729.2,79.52641837717606,1549.0781242092417,1311.767932667133,1.1298877019960418,0
2020-12-25,24712.47,83.26062695549929,1626.2916124057192,1374.6726686148504,1.1298877019960418,0
2020-12-26,26493.39,84.78952534098232,1810.3209651248328,1461.802327916847,1.1298877019960418,0
2020-12-27,26281.66,82.62936880566463,1916.982925629836,1552.8384474594448,1.1298877019960418,0
2020-12-28,27079.41,83.67793856383183,2042.3422060753,1650.739199182616,1.1298877019960418,0
2020-12-29,27385.0,83.88964638571812,2141.6611613408313,1748.923591614259,1.1298877019960418,0
2020-12-30,28875.54,83.29415172555092,2313.9722384139277,1861.9333209741928,1.1298877019960418,0
2020-12-31,28923.63,80.9111999346101,2426.4399798425475,1974.834652747864,1.1298877019960418,0
2021-01-01,29331.69,81.09780347375298,2519.455788883857,2083.7588799750624,1.1298877019960418,0
2021-01-02,32178.33,84.41800850738547,2790.702069028659,2225.147517785782,1.1298877019960418,0
2021-01-03,33000.05,87.88813933677207,3036.9644016887905,2387.5108945663837,1.1298877019960418,-1
2021-01-04,31988.71,86.00674373795758,3114.6189996226385,2532.932515577635,1.1298877019960418,-1
2021-01-05,33949.53,86.89245422802222,3296.383952424112,2685.6228029469307,1.1298877019960418,-1
2021-01-06,36769.36,92.34755742757498,3626.1704658449344,2873.7323355265316,1.1298877019960418,-1
2021-01-07,39432.28,93.26103270553774,4055.6529995410783,3110.116468329441,1.1298877019960418,-1
2021-01-08,40582.81,93.32257071227656,4437.70406725696,3375.633988114945,1.1298877019960418,-1
2021-01-09,40088.22,89.91400545503123,4647.005227806363,3629.908236053229,1.1298877019960418,-1
2021-01-10,38150.02,81.63778975103189,4603.416049002542,3824.609798643092,1.1298877019960418,0
2021-01-11,35404.47,70.10454772459214,4297.786167614911,3919.245072437456,1.1298877019960418,1
2021-01-12,34051.24,65.32323835075849,3901.404965187394,3915.677050987443,1.1298877019960418,1
2021-01-13,37371.38,68.0136597678026,3811.243909551162,3894.790422700188,1.1298877019960418,1
2021-01-14,39144.5,70.19400798761117,3838.617396906808,3883.555817541512,1.1298877019960418,1
2021-01-15,36742.22,63.5719468691703,3624.6840619642862,3831.781466426067,1.1298877019960418,1
2021-01-16,35994.98,57.572264519070494,3356.156644992636,3736.656502139381,1.1298877019960418,1
2021-01-17,35828.61,55.761715885498994,3094.253436311228,3608.1758889737503,1.1298877019960418,1
2021-01-18,36631.27,59.537881489784475,2917.826324822243,3470.105976143449,1.1298877019960418,1
2021-01-19,35891.49,54.200387256861355,2687.3345841990013,3313.5516977545594,1.1298877019960418,1
2021-01-20,35468.23,46.8601878293638,2442.360661098748,3139.3134904233975,0.9693465021508761,1
2021-01-21,30850.13,31.075785940935077,1854.200913244145,2882.290974987547,0.9693465021508761,1
2021-01-22,32945.17,33.8319596131342,1539.3871972527195,2613.7102194405816,0.9693465021508761,1
2021-01-23,32078.0,33.306574569838276,1206.0194460086932,2332.1720647542043,0.9693465021508761,1
2021-01-24,32259.9,36.7553463237728,945.6006158772288,2054.857774978809,0.9693465021508761,1
2021-01-25,32254.2,41.920723184613855,730.3379926588241,1789.9538185148122,0.9693465021508761,1
2021-01-26,32467.77,45.68685570590636,570.3989232693712,1546.042839465724,0.9693465021508761,1
2021-01-27,30366.15,29.562061897056864,270.9396646506357,1291.0222045027065,0.9693465021508761,1
2021-01-28,33364.86,34.26315388217867,272.44628921258845,1087.307021444683,0.9693465021508761,1
2021-01-29,34252.2,42.61054126015076,341.30684931996075,938.1069870197384,0.9693465021508761,1
2021-01-30,34262.88,44.62478044178525,392.2198596682356,828.929561549438,0.9693465021508761,1
2021-01-31,33092.98,42.0082931016048,334.313872224091,730.0064236843687,0.9693465021508761,1
2021-02-01,33526.37,40.72951649811062,319.70851029806363,647.9468410071077,0.9693465021508761,1
2021-02-02,35466.24,48.8152120916626,459.369625480831,610.2313979018523,0.9693465021508761,1
2021-02-03,37618.87,55.46524073955484,735.2755177125582,635.2402218639936,1.1298877019960418,1
2021-02-04,36936.66,69.33492505907029,888.6405840740263,685.9202943060002,1.1298877019960418,1
2021-02-05,38290.24,67.81895511949047,1106.6493331142192,770.066102067644,1.1298877019960418,1
2021-02-06,39186.94,73.65263045821746,1336.3741440931262,883.3277104727405,1.1298877019960418,1
2021-02-07,38795.69,71.44689131497691,1469.9178091724025,1000.6457302126728,1.1298877019960418,1
2021-02-08,46374.87,80.95195091060617,2162.401788261035,1232.9969418223454,1.1298877019960418,0
2021-02-09,46420.42,80.81060443120296,2683.9370791337715,1523.1849692846308,1.1298877019960418,0
2021-02-10,44807.58,82.59352897444823,2933.3015710809777,1805.2082896439003,1.1298877019960418,0
2021-02-11,47969.51,82.72083451889925,3347.4784058421064,2113.6623128835417,1.1298877019960418,0
2021-02-12,47287.6,79.4763567753064,3579.430644975844,2406.8159793020022,1.1298877019960418,0
2021-02-13,47153.69,78.98785015414992,3709.6860956364617,2667.390002568894,1.1298877019960418,0
2021-02-14,48577.79,84.42744357809691,3883.065880676695,2910.5251781904544,1.1298877019960418,0
2021-02-15,47911.1,81.65326209657012,3921.470032709054,3112.7141490941744,1.1298877019960418,0
2021-02-16,49133.45,81.05502291996802,4004.379040338863,3291.047127343112,1.1298877019960418,0
2021-02-17,52119.71,81.74653632512876,4261.922461811344,3485.2221942367587,0.9270943395051771,0
2021-02-18,51552.6,82.16060476971715,4369.893034625267,3662.1563623144607,0.9270943395051771,0
2021-02-19,55906.0,84.24102307724007,4751.96578501082,3880.1182468537327,0.7202706575892112,0
2021-02-20,55841.19,83.45397124857732,4991.987047734416,4102.4920070298695,0.5148736252279393,0
2021-02-21,57408.57,85.70142346269789,5248.182315706072,4331.63006876511,0.5148736252279393,-1
2021-02-22,54087.67,67.68249458713181,5124.181658809721,4490.140386774033,0.5148736252279393,0
2021-02-23,48891.0,54.58189201439452,4554.085740628143,4502.929457544855,0.5148736252279393,0
2021-02-24,49676.2,59.315216002069434,4118.168018512908,4425.977169738466,0.5148736252279393,0
2021-02-25,47073.73,48.24859344719229,3522.101905533593,4245.202116897492,0.3543324253827735,0
2021-02-26,46276.87,48.0326890534181,2951.3934477232033,3986.4403830626343,0.5611561072987394,0
2021-02-27,46106.43,47.9644807468637,2457.0267249632307,3680.557651442754,0.5611561072987394,0
2021-02-28,45135.66,43.18964865691569,1964.2617230861797,3337.298465771439,0.5611561072987394,0
2021-03-01,49587.03,52.88396643858978,1910.9025709251143,3052.0192868021745,0.9270943395051771,1
2021-03-02,48440.65,48.80469371656749,1755.871183096075,2792.789666060955,0.7665531396600113,0
2021-03-03,50349.37,46.82762965872568,1766.6604811434518,2587.5638290774546,0.3500064216982957,0
2021-03-04,48374.09,44.57789233606214,1597.4085581760885,2389.5327748971813,0.3500064216982957,0
2021-03-05,48751.71,35.88054724575258,1476.723221854918,2206.9708642887285,0.3500064216982957,0
2021-03-06,48882.2,36.30149740852067,1375.749887451093,2040.7266689212015,0.3500064216982957,0
2021-03-07,50971.75,37.58459760395514,1447.64941306119,1922.111217749199,0.3500064216982957,0
2021-03-08,52375.17,46.433070446285896,1599.4372532051566,1857.576424840391,0.3500064216982957,0
2021-03-09,54884.5,64.05743530085046,1900.3066179537857,1866.12246346307,0.3037239396274955,0
2021-03-10,55851.59,64.36151236826035,2191.5213439767467,1931.2022395658057,0.09832690726622367,0
2021-03-11,57773.16,75.69644683266014,2547.9940627243486,2054.5606041975143,0.09832690726622367,0
2021-03-12,57221.72,76.5994263485936,2754.2553202875715,2194.4995474155257,0.09832690726622367,0
2021-03-13,61188.39,80.94408220043742,3200.8980113096186,2395.7792401943443,0.09832690726622367,0
2021-03-14,58968.31,76.99684726302849,3337.2538745170896,2584.0741670588936,0.09832690726622367,0
2021-03-15,55605.2,62.26658377750373,3137.7717288874264,2694.8136794246,0.09832690726622367,0
2021-03-16,56900.75,67.13964226788416,3049.072934119031,2765.6655303634866,0.09832690726622367,0
2021-03-17,58912.97,67.27687300622753,3105.351280848983,2833.6026804605863,0.09832690726622367,0
2021-03-18,57648.16,69.26242940728079,3013.1588598442613,2869.5139163373215,0.09832690726622367,0
2021-03-19,58030.01,69.26782953817681,2937.0513065232444,2883.021394374506,0.09832690726622367,0
2021-03-20,58102.28,69.19333726356179,2849.717339601957,2876.3605834199966,-0.11450485157272239,0
2021-03-21,57351.56,64.06475624257885,2688.9313844402423,2838.874743624046,-0.11450485157272239,0
2021-03-22,54083.25,53.479483821972856,2271.59650350795,2725.419095600827,-0.11450485157272239,0
2021-03-23,54340.89,48.78077882487721,1939.2900696891156,2568.193290418485,-0.2750460514178882,0
2021-03-24,52303.65,42.40708147930019,1494.3209825696397,2353.418828848716,-0.2750460514178882,0
2021-03-25,51293.78,35.57045365668111,1048.1097492701083,2092.3570129329946,-0.2750460514178882,0
2021-03-26,55025.59,45.716063615420474,984.2640280323612,1870.738415952868,-0.4639599522320309,0
2021-03-27,55817.14,38.041049951841366,986.169357227489,1693.8246042077924,-0.4639599522320309,0
2021-03-28,55777.63,42.132058554599766,973.2719444062604,1549.714072247486,-0.4639599522320309,0
2021-03-29,57635.47,55.407941638223264,1100.2794763052298,1459.8271530590348,-0.5336413689031957,0
2021-03-30,58746.57,54.965421585495896,1275.8827622510871,1423.0382748974453,-0.5336413689031957,0
2021-03-31,58740.55,49.48005312251592,1398.4434818696172,1418.1193162918796,-0.6941825687483615,0
2021-04-01,58720.44,53.49599369842147,1476.9259433158222,1429.880641696668,-0.5336413689031957,0
2021-04-02,58950.01,53.02959253297646,1539.8972627586843,1451.8839659090715,-0.5336413689031957,0
2021-04-03,57051.94,46.91246466651304,1420.27208838761,1445.5615904047793,-0.6941825687483615,0
2021-04-04,58202.01,52.44259913572,1402.10670005258,1436.8706123343395,-0.8284341672480621,0
2021-04-05,59129.99,66.74612665727835,1445.92302884932,1438.6810956373356,-0.6678929674028963,0
2021-04-06,57991.15,61.44312264022,1372.9266707402203,1425.530210657913,-0.6678929674028963,0
2021-04-07,55953.45,61.44135061730252,1137.538336942598,1367.93183591485,-0.6678929674028963,0
2021-04-08,58077.52,69.87706455136589,1109.595359329738,1316.2645405978276,-0.5336413689031957,0
2021-04-09,58142.54,61.63262411876888,1080.244532318757,1269.0605389420134,-0.5336413689031957,0
2021-04-10,59769.13,63.883691469307195,1174.694858366347,1250.18740282688,-0.5336413689031957,0
2021-04-11,60002.43,64.64272147774756,1253.918391784071,1250.9336006183185,-0.6678929674028963,0
2021-04-12,59860.0,58.750502522644005,1290.3365060938595,1258.8141817134267,-0.6678929674028963,0
2021-04-13,63575.0,65.76396511341666,1600.5178035605786,1327.1549060828572,-0.6678929674028963,0
2021-04-14,62959.53,63.24705385883891,1776.2004975466334,1416.9640243756126,-0.6678929674028963,0
2021-04-15,63159.98,63.78348740977711,1909.5923461391649,1515.489688728323,-0.6678929674028963,0
2021-04-16,61334.8,56.73663021315615,1846.7414885277467,1581.740048688208,-0.6678929674028963,0
2021-04-17,60006.66,58.62428080400509,1670.50538654127,1599.4931162588205,-0.6678929674028963,0
2021-04-18,56150.01,44.82780002036617,1205.7385785855877,1520.742208724174,-1.1298877019960418,-1
2021-04-19,55633.14,40.999428077532315,786.6326341349995,1373.920293806339,-1.1298877019960418,-1
2021-04-20,56425.0,45.89556013424374,512.477120572461,1201.6316591595637,-1.1298877019960418,-1
2021-04-21,53787.63,44.496961135051635,81.45422965511534,977.5961732586738,-0.9956361034963414,-1
2021-04-22,51690.96,33.750038165996656,-424.42574732747744,697.1917891414437,-0.8067222026821986,0
2021-04-23,51125.14,32.5886521303308,-861.0703361619599,385.539364080763,-0.8067222026821986,0
2021-04-24,50047.84,25.203966226774043,-1279.296491674315,52.57219292974743,-0.8067222026821986,0
2021-04-25,49066.77,23.131426201506812,-1670.6496734384127,-292.0721803438846,-0.8067222026821986,0
2021-04-26,54001.39,38.349175717421566,-1564.581771134639,-546.5740985020356,-0.6584413270302844,0
2021-04-27,55011.97,30.918506732982607,-1383.0340782056446,-713.8660944427575,-0.6584413270302844,0
2021-04-28,54846.22,31.55087266745589,-1238.2570073557945,-818.7442770253649,-0.6584413270302844,0
2021-04-29,53555.0,29.19117296601688,-1213.719792218668,-897.7393800640256,-0.6584413270302844,0
2021-04-30,57694.27,42.831680462360175,-850.4657371429275,-888.284651479806,-0.6584413270302844,0
2021-05-01,57800.37,45.43610874948027,-547.7092468454939,-820.1695705529437,-0.6584413270302844,0
2021-05-02,56578.21,50.99411886522793,-401.759412602827,-736.4875389629204,-0.6584413270302844,0
2021-05-03,57169.39,53.554329120812255,-235.673138907252,-636.3246589517868,-0.49790012718511856,0
2021-05-04,53200.01,43.49498497084737,-419.5085297280166,-592.9614331070328,-0.8067222026821986,0
2021-05-05,57436.11,56.91334668828319,-220.83587547388743,-518.5363215804038,-0.49790012718511856,0
2021-05-06,56393.68,59.28181366740115,-145.8208229901793,-443.9932218623589,-0.49790012718511856,0
2021-05-07,57314.75,62.047560302909154,-11.910900696784664,-357.57675762924407,-0.8350949036511756,0
2021-05-08,58862.05,66.84787158764183,216.57135637862663,-242.74713482766995,-0.49300834374096725,0
2021-05-09,58240.84,67.78032875720442,343.55840843054466,-125.48602617602704,-0.6461810028370328,0
2021-05-10,55816.14,53.89624470499325,245.7111311671761,-51.24659470738642,-0.6461810028370328,0
2021-05-11,56670.02,53.58392685378321,234.36581557715544,5.875887349521951,-0.6461810028370328,0
2021-05-12,49631.32,41.309861455038714,-338.68553784040705,-63.03639768846385,-0.8067222026821986,0
2021-05-13,49670.97,43.24590053326368,-780.6347687192319,-206.55607189461747,-0.8067222026821986,0
2021-05-14,49841.45,34.157697965731586,-1104.3956217585437,-386.12398186740273,-0.8067222026821986,0
2021-05-15,46762.99,30.117629257080253,-1591.0438613562,-627.1079577651623,-0.8067222026821986,0
2021-05-16,46431.5,31.11609716805944,-1980.6330649001684,-897.8129791921635,-0.599898520766233,0
2021-05-17,43538.04,26.63328797588889,-2494.1127763388868,-1217.0729386215082,-0.3870667619272869,0
2021-05-18,42849.78,30.00897355023855,-2922.892689559092,-1558.236888809025,-0.18166972956601507,0
2021-05-19,36690.09,12.701477628459187,-3716.8933316597177,-1989.968177379164,-0.18166972956601507,1
2021-05-20,40526.64,24.077615022431047,-3990.566275394856,-2390.0877969823023,-0.18166972956601507,0
2021-05-21,37252.01,19.56359611462429,-4420.729906236971,-2796.2162188332363,-0.18166972956601507,0
2021-05-22,37449.73,16.129264940738167,-4691.601469931084,-3175.293269052806,0.23487698839570054,0
2021-05-23,34655.25,15.09163863164423,-5073.278718182242,-3554.8903588786934,0.23487698839570054,0
2021-05-24,38796.29,26.02736060040864,-4984.159083983781,-3840.7441038997113,0.23487698839570054,0
2021-05-25,38324.72,23.87913491729455,-4895.154594694577,-4051.6262020586846,0.23487698839570054,0
2021-05-26,39241.91,32.083931288060896,-4696.470341323322,-4180.595029911612,0.23487698839570054,0
2021-05-27,38529.98,31.223229890501045,-4544.077147470358,-4253.291453423361,0.23487698839570054,0
2021-05-28,35663.49,28.0953905328808,-4601.562284508975,-4322.945619640484,0.23487698839570054,0
2021-05-29,34605.15,29.96588321989637,-4678.587023960783,-4394.073900504544,0.23487698839570054,0
2021-05-30,35641.27,32.62301243869469,-4602.963363714072,-4435.85179314645,0.43767035088656564,0
2021-05-31,37253.81,39.44414115844799,-4362.622964788992,-4421.206027474959,0.43767035088656564,0
2021-06-01,36693.09,39.61387374274646,-4169.335381986843,-4370.831898377336,0.43767035088656564,0
2021-06-02,37568.68,51.80372253479894,-3900.5378127602457,-4276.7730812539185,0.43767035088656564,0
2021-06-03,39246.79,47.11699653143045,-3511.624528462933,-4123.743370695722,0.43767035088656564,0
2021-06-04,36829.0,49.00886285282359,-3359.7740119512237,-3970.9494989468226,0.43767035088656564,0
2021-06-05,35513.2,45.688496289247645,-3307.478889191887,-3838.255376995836,0.43767035088656564,0
2021-06-06,35796.31,52.860324249962645,-3206.2305862984867,-3711.850418856366,0.5982115507317315,0
2021-06-07,33552.79,35.474119637738085,-3269.337008974042,-3623.3477368799017,0.4789790665887535,0
2021-06-08,33380.81,36.0728887957393,-3295.2411633896554,-3557.7264221818523,0.6678929674028963,0
2021-06-09,37388.05,45.55200563551141,-2958.317966269242,-3437.8447309993303,0.4789790665887535,0
2021-06-10,36675.72,45.551131303359746,-2717.4578207615778,-3293.76734895178,0.4789790665887535,0
2021-06-11,37331.98,54.47809785044648,-2445.4303241870657,-3124.0999439988373,0.6395202664339193,0
2021-06-12,35546.11,52.43054443410077,-2346.8977804413735,-2968.6595112873447,0.4789790665887535,0
2021-06-13,39020.57,57.75235233986011,-1965.7897443962647,-2768.085557909129,0.6395202664339193,0
2021-06-14,40516.29,57.524690361418,-1525.481969780907,-2519.5648402834845,0.8284341672480621,1
2021-06-15,40144.04,58.02918841900174,-1192.8222378767823,-2254.216319802144,0.8284341672480621,1
2021-06-16,38349.01,51.7410719664499,-1061.7912543293787,-2015.731306707591,0.6678929674028963,0
2021-06-17,38092.97,47.2511602199415,-967.4563099052904,-1806.076307347131,0.6678929674028963,0
2021-06-18,35819.84,47.57910908066789,-1063.8543299729718,-1657.6319118722993,0.6678929674028963,0
2021-06-19,35483.72,49.92579189711959,-1154.069139655934,-1556.9193574290264,0.6678929674028963,0
2021-06-20,35600.16,49.50206611465352,-1202.3098123174495,-1485.997448406711,0.6678929674028963,0
2021-06-21,31608.93,45.46761113779549,-1544.792392752337,-1497.7564372758363,0.6678929674028963,0
2021-06-22,32509.56,48.03531361693972,-1723.6696008679646,-1542.939069994262,0.6678929674028963,0
2021-06-23,33678.07,40.40556490579817,-1750.9581302933948,-1584.5428820540888,0.6678929674028963,0
2021-06-24,34663.09,44.86749689264541,-1673.8069994410253,-1602.395705531476,0.6678929674028963,0
2021-06-25,31584.45,36.954681287334154,-1839.8757487795883,-1649.891714181099,0.6678929674028963,0
2021-06-26,32283.65,42.210881072961,-1893.2427091014831,-1698.5619131651758,0.6678929674028963,0
2021-06-27,34700.34,39.136771328637906,-1720.6946271986817,-1702.988455971877,0.6678929674028963,0
2021-06-28,34494.89,33.8085486044708,-1582.2875017512051,-1678.8482651277427,0.6678929674028963,0
2021-06-29,35911.73,39.22471494177139,-1342.7928307966067,-1611.6371782615156,0.6678929674028963,0
2021-06-30,35045.0,41.17078650844679,-1208.9929281307996,-1531.1083282353725,0.6678929674028963,0
2021-07-01,33504.69,38.52639717848616,-1213.2599795677745,-1467.538658501853,0.6678929674028963,0
2021-07-02,33786.55,44.353123557585775,-1180.2922280774585,-1410.089372416974,0.6678929674028963,0
2021-07-03,34669.13,47.80435500991097,-1070.606927302113,-1342.192883394002,0.6678929674028963,0
2021-07-04,35286.51,49.17681789001877,-923.2208149874932,-1258.3984697127005,0.6678929674028963,0
2021-07-05,33690.14,56.24754971268975,-924.5720852254744,-1191.6331928152551,0.8284341672480621,1
2021-07-06,34220.01,55.251466800119125,-872.8255068053695,-1127.871655613278,0.6395202664339193,0
2021-07-07,33862.12,50.59467535346108,-850.8862159428318,-1072.4745676791888,0.4789790665887535,0
2021-07-08,32875.71,44.225398708470166,-902.6885810397798,-1038.5173703513071,0.4789790665887535,0
2021-07-09,33815.81,58.36487305138523,-857.9936980697094,-1002.4126358949876,0.6395202664339193,0
2021-07-10,33502.87,54.706897004343936,-838.1625083003382,-969.5626103760578,0.6395202664339193,0
2021-07-11,34258.99,48.04554130114208,-752.7562769049546,-926.2013436818372,0.4789790665887535,0
2021-07-12,33086.63,44.25563887692367,-770.7857391803118,-895.1182227815322,0.4789790665887535,0
2021-07-13,32729.77,35.79200520103089,-804.594967582023,-877.0135717416304,0.4789790665887535,0
2021-07-14,32820.02,39.32484430925121,-814.715075673601,-864.5538725280245,0.4789790665887535,0
2021-07-15,31880.0,41.72849839273148,-888.3467834299809,-869.3124547084158,0.4789790665887535,0
2021-07-16,31383.87,38.028834272685934,-975.4891552228072,-890.5477948112941,0.4789790665887535,0
2021-07-17,31520.07,33.04933845772912,-1021.7814504425768,-916.7945259375508,0.3447274680890529,0
2021-07-18,31778.56,30.358644615179585,-1025.7858247550105,-938.5927857010428,0.3447274680890529,0
2021-07-19,30839.65,32.77139455186126,-1092.132091526808,-969.3006468661956,0.3447274680890529,0
2021-07-20,29790.35,24.808518672699392,-1215.3716784103854,-1018.5148531750336,0.3447274680890529,0
2021-07-21,32144.51,42.03944105855905,-1110.2802814854404,-1036.8679388371152,0.4789790665887535,0
2021-07-22,32287.83,47.044391442671625,-1003.8580157295946,-1030.2659542156111,0.4789790665887535,0
2021-07-23,33634.09,49.12223755038005,-801.6448101860697,-984.541725409703,0.4789790665887535,0
2021-07-24,34258.14,53.54173485781382,-584.2983407695101,-904.4930484816643,0.6395202664339193,0
2021-07-25,35381.02,55.08663827534025,-317.77950187311944,-787.1503391599555,0.6395202664339193,0
2021-07-26,37237.6,67.7188794723313,42.756220930299605,-621.1690271419045,0.9816068263441277,1
2021-07-27,39457.87,74.77789349788831,501.8555339993036,-396.56411491366293,1.1298877019960418,1
2021-07-28,40019.56,75.62431219239963,900.6367561018051,-137.12394071056934,1.1298877019960418,0
2021-07-29,40016.48,81.02845480088962,1202.5628217820922,130.813411787963,1.1298877019960418,0
2021-07-30,42206.37,86.5499544750856,1600.1022427933494,424.6711779890403,1.1298877019960418,-1
2021-07-31,41461.83,82.2503376927379,1833.9364644654925,706.5242352843308,1.1298877019960418,0
2021-08-01,39845.44,74.04962757850903,1867.2975616221229,938.6789005518892,0.9816068263441277,1
2021-08-02,39147.82,75.13053515329372,1816.5048307719337,1114.244086595898,0.9816068263441277,0
2021-08-03,38207.05,75.62707426239993,1680.9618669346455,1227.5876426636478,0.9816068263441277,0
2021-08-04,39723.18,74.31637497938523,1676.5558198605868,1317.3812781030356,1.1298877019960418,1
2021-08-05,40862.46,75.85924244681513,1744.8804744907611,1402.8811173805807,1.1298877019960418,0
2021-08-06,42836.87,76.74048297320138,1936.0293010586684,1509.5107541161983,1.1298877019960418,0
2021-08-07,44572.54,78.15188436176254,2202.184771434564,1648.0455575798717,1.1298877019960418,0
2021-08-08,43794.37,73.40358474704988,2323.5387750460577,1783.144201073109,1.1298877019960418,1
2021-08-09,46253.4,74.26610625861959,2588.2995610659345,1944.1752730716744,1.1298877019960418,1
2021-08-10,45584.99,67.9943941526266,2712.916478191866,2097.923514095713,1.1298877019960418,1
2021-08-11,45511.0,66.60311367338721,2773.732051687206,2233.0852216140115,1.1298877019960418,1
2021-08-12,44399.0,62.41767395998027,2701.063546001933,2326.680886491596,1.1298877019960418,1
2021-08-13,47800.0,64.83138458568806,2884.6530239294007,2438.275313979157,1.1298877019960418,1
2021-08-14,47068.51,64.87628128522275,2937.2649166198244,2538.07323450729,1.1298877019960418,1
2021-08-15,46973.82,70.57530425465835,2937.4583377690724,2617.950255159647,1.1298877019960418,1
2021-08-16,45901.29,69.08021835766155,2818.576621145039,2658.0755283567255,1.1298877019960418,1
2021-08-17,44695.95,68.0627141309443,2597.162665144504,2645.8929557142815,1.1298877019960418,1
2021-08-18,44705.29,65.13826810125582,2394.837968390304,2595.6819582494863,1.1298877019960418,1
2021-08-19,46760.62,66.97663976421015,2372.9878160228764,2551.1431298041643,1.1298877019960418,1
2021-08-20,49322.47,68.05684554236242,2533.1902571478495,2547.552555272902,1.1298877019960418,1
2021-08-21,48821.87,62.7044619723902,2589.902822050346,2556.0226086283906,1.1298877019960418,1
2021-08-22,49239.22,66.63773952740794,2638.1140586884867,2572.44089864041,1.1298877019960418,1
2021-08-23,49488.85,61.42981796086494,2665.735921482592,2591.0999032088466,1.1298877019960418,1
2021-08-24,47674.01,56.82687166911331,2512.2246638827346,2575.324855343624,0.9409738011818992,1
2021-08-25,48973.32,60.475815870211136,2466.9716311320444,2553.6542105013086,0.9409738011818992,1
2021-08-26,46843.87,56.96832024625559,2233.532683750367,2489.6299051511205,0.9409738011818992,1
2021-08-27,49069.9,53.87926768321667,2202.7606003744077,2432.256044195778,0.9409738011818992,1
2021-08-28,48895.35,55.777175659231254,2139.6245168134774,2373.729738719318,0.9409738011818992,1
2021-08-29,48767.83,55.66159860688844,2055.6032032906587,2310.1044316335865,0.9409738011818992,1
2021-08-30,46982.91,53.26653805313584,1823.962080692545,2212.8759614453784,0.9409738011818992,1
2021-08-31,47100.89,57.77356856102971,1631.1024879938268,2096.521266755068,0.9409738011818992,1
2021-09-01,48810.52,61.95536254607872,1597.794345702874,1996.7758825446297,0.9409738011818992,1
2021-09-02,49246.64,57.99374653532076,1588.2799396834307,1915.07669397239,0.8067222026821986,0
2021-09-03,49999.14,52.462331964865726,1622.754066708847,1856.6121685196813,0.6461810028370328,0
2021-09-04,49915.64,54.10471706397724,1624.6098178916218,1810.2116983940696,0.8067222026821986,0
2021-09-05,51756.88,58.536049506279824,1754.4292261642622,1799.0552039481083,0.8067222026821986,0
2021-09-06,52663.9,60.30551893231963,1908.5009651110377,1820.9443561806945,0.599898520766233,0
2021-09-07,46863.73,47.91056599453118,1544.7715188145155,1765.7097887074588,0.3607771605818217,0
2021-09-08,46048.31,42.264354532014885,1177.1463227837376,1647.9970955227143,0.5676008424977876,0
2021-09-09,46395.14,48.68971929105325,903.3734618162198,1499.0723687814157,0.7804326013367334,0
2021-09-10,44850.91,37.169793992444795,555.3977620631413,1310.3374474377608,0.7804326013367334,0
2021-09-11,45173.69,38.78332909379585,302.1867407516038,1108.7073061005294,0.7804326013367334,0
2021-09-12,46025.24,42.079798358427816,168.2882284334264,920.6234905671088,0.7804326013367334,0
2021-09-13,44940.73,43.85384639461449,-25.04944621395407,731.4889032108963,0.7804326013367334,0
2021-09-14,47111.52,50.028473788846085,-3.0709355107537704,584.5769354665663,0.7804326013367334,0
2021-09-15,48121.41,48.08224172142122,94.74471743917093,486.6104918610872,0.7804326013367334,0
2021-09-16,47737.82,45.788717440306534,139.70142881089123,417.2286792510481,0.7804326013367334,0
2021-09-17,47299.98,42.331652969198885,138.40447699316428,361.4638387994713,0.7804326013367334,0
2021-09-18,48292.74,45.61582657161906,215.00561756909883,332.1721945533968,0.7804326013367334,0
2021-09-19,47241.75,37.258619161920656,188.73089160928063,303.4839339645736,0.7804326013367334,0
2021-09-20,43015.62,27.068831437985892,-171.13267877643375,208.56061141637215,0.6272599422406678,0
2021-09-21,40734.38,32.50611494672786,-633.1061008304678,40.22726896700417,0.8161738430548106,1
2021-09-22,43543.61,43.58176048412391,-763.7380856211748,-120.56580195063164,0.8161738430548106,1
2021-09-23,44865.26,46.26625040635168,-751.9507450939855,-246.84279057930243,0.8161738430548106,1
2021-09-24,42810.57,45.14150161637212,-898.0533045659176,-377.08489337662553,0.8161738430548106,1
2021-09-25,42670.64,43.98732824112084,-1013.4494032454604,-504.3577953503925,0.6678929674028963,0
2021-09-26,43160.9,42.997922116019275,-1053.2011112907348,-614.1264585384611,0.4789790665887535,0
2021-09-27,42147.35,43.147615557236726,-1153.1963114824391,-721.9404291272567,0.4789790665887535,0
2021-09-28,41026.54,34.26235325275083,-1307.8076357183018,-839.1138704454657,0.6678929674028963,0
2021-09-29,41524.28,32.47346896268465,-1374.3323184020337,-946.1575600367794,0.6678929674028963,0
2021-09-30,43824.1,40.56327351007685,-1227.3294650243042,-1002.3919410342844,0.8161738430548106,1
2021-10-01,48141.61,51.70949667110952,-753.7528765941897,-952.6641281462656,0.9693465021508761,1
2021-10-02,47634.9,48.63689823483047,-414.5486221079773,-845.041026938608,0.8161738430548106,1
2021-10-03,48200.01,52.0264011997777,-98.98610224433652,-695.8300419997537,0.9693465021508761,1
2021-10-04,49224.94,65.18677622561654,231.13833471144608,-510.43636665751376,1.1298877019960418,1
2021-10-05,51471.99,76.30607884074615,666.4006333553043,-275.06896665495015,1.1298877019960418,0
2021-10-06,55315.0,77.44838936387416,1306.388694875648,41.22256565116951,0.923064020080076,0
2021-10-07,53785.22,70.59951318420943,1670.8824901422922,367.15455054939406,0.7202706575892112,0
2021-10-08,53951.43,78.18698317311342,1950.67207344075,683.8580551276652,0.7202706575892112,0
2021-10-09,54949.72,79.7735585171851,2227.2862247607263,992.5436890542776,0.5148736252279393,0
2021-10-10,54659.0,78.15230612832522,2395.433195455742,1273.1215903345703,0.5148736252279393,0
2021-10-11,57471.35,84.48238617032193,2724.220899613312,1563.3414521903187,0.5148736252279393,0
2021-10-12,55996.93,83.15899289658519,2833.15530145057,1817.304222042369,0.5148736252279393,0
2021-10-13,57367.0,83.78557859385704,2995.5094305088132,2052.945263735658,0.5148736252279393,0
2021-10-14,57347.94,81.94826229068256,3087.052643525858,2259.766739693698,0.09832690726622367,0
2021-10-15,61672.42,81.95420502083158,3468.567210493333,2501.5268338536252,0.09832690726622367,0
2021-10-16,60875.57,80.8463014034357,3664.380421530601,2734.0975513890207,0.09832690726622367,0
2021-10-17,61528.33,80.92420503406501,3828.108032211872,2952.8996475535914,0.09832690726622367,0
2021-10-18,62009.84,80.43073211415863,3951.17054163781,3152.553826370435,0.09832690726622367,0
2021-10-19,64280.59,80.45278565267384,4183.701903249152,3358.7834417461786,-0.13189570925010707,0
2021-10-20,66001.41,78.25885984132702,4455.480469716735,3578.12284734029,-0.13189570925010707,0
2021-10-21,62193.15,69.84261241211996,4313.844868291439,3725.26725153052,-0.3447274680890529,0
2021-10-22,60688.22,64.95384960979379,4033.664783205611,3786.9467578655385,-0.3447274680890529,0
2021-10-23,61286.75,64.3206416484863,3815.928764597564,3792.743159211944,-0.3447274680890529,0
2021-10-24,60852.22,63.90527416194119,3567.188137316647,3747.6321548328847,-0.3447274680890529,0
2021-10-25,63078.78,62.93015943437255,3509.271484748213,3699.9600208159504,-0.3447274680890529,0
2021-10-26,60328.81,59.43391459936547,3204.532665958155,3600.8745498443914,-0.3447274680890529,0
2021-10-27,58413.44,52.226053186682655,2776.4652419379345,3435.9926882631003,-0.5052686679342188,0
2021-10-28,60575.89,56.292847292376685,2581.9472858886,3265.1836077882003,-0.3447274680890529,0
2021-10-29,62253.71,51.263612929984696,2533.966468062048,3118.94017984297,-0.6941825687483615,0
2021-10-30,61859.19,52.17626792242768,2436.0258675647565,2982.3573173873274,-0.6941825687483615,0
2021-10-31,61299.8,49.49227763457765,2286.9070966046056,2843.2672732307833,-0.6941825687483615,0
2021-11-01,60911.11,47.54885535317428,2113.0079216745144,2697.21540291953,-0.6941825687483615,0
2021-11-02,63219.99,47.63793766970503,2136.8664265392654,2585.145607643477,-0.6941825687483615,0
2021-11-03,62896.48,42.62606390128724,2105.400167655076,2489.196519645797,-0.6941825687483615,0
2021-11-04,61395.01,47.8712429227242,1936.978566903592,2378.752929097356,-0.8284341672480621,0
2021-11-05,60937.12,50.70312402893176,1746.4236538714686,2252.287074052179,-0.8284341672480621,0
2021-11-06,61470.61,50.52130648148463,1619.783837064293,2125.786426654602,-0.8284341672480621,0
2021-11-07,63273.59,56.37102371784651,1645.9329966932637,2029.8157406623343,-0.6678929674028963,0
2021-11-08,67525.83,60.57377856041302,1986.87318732345,2021.2272299945575,-0.5336413689031957,0
2021-11-09,66947.66,67.55023500718839,2185.227317448822,2054.0272474854105,-0.5336413689031957,0
2021-11-10,64882.43,67.01763007103273,2150.9824072342453,2073.4182794351777,-0.6678929674028963,0
2021-11-11,64774.26,62.38278242967832,2091.0107834794107,2076.9367802440247,-0.6678929674028963,0
2021-11-12,64122.23,55.86601333864101,1968.1814966802776,2055.1857235312755,-0.6678929674028963,0
2021-11-13,64380.0,57.98234442121583,1870.0811552088128,2018.164809866783,-0.6678929674028963,0
2021-11-14,65519.1,62.88759299238467,1862.778823227367,1987.0876125388995,-0.6678929674028963,0
2021-11-15,63606.74,57.532516379044885,1683.2764397863211,1926.325377988384,-0.6678929674028963,0
2021-11-16,60058.87,41.738778650531984,1240.4370631326674,1789.147715017241,-0.8284341672480621,0
2021-11-17,60344.87,43.31856314582474,902.1619154623404,1611.750555106261,-0.8284341672480621,0
2021-11-18,56891.62,39.30135817984419,351.3775471683475,1359.6759535186784,-0.8473552278444271,-1
2021-11-19,58052.24,43.36787240773027,8.43210138624272,1089.4271830921914,-0.8473552278444271,-1
2021-11-20,59707.51,46.1455656187339,-128.30911227650358,845.8799240184525,-0.6941825687483615,0
2021-11-21,58622.02,39.50153406426143,-320.5721245504392,612.5895143046741,-0.8473552278444271,-1
2021-11-22,56247.18,22.187424942679,-656.9982210664748,358.67196723044435,-0.6584413270302844,0
2021-11-23,57541.27,27.595394265173184,-809.8605106893956,124.96547164647636,-0.6584413270302844,0
2021-11-24,57138.29,29.968432227064454,-952.5417859131704,-90.535979865453,-0.6584413270302844,0
2021-11-25,58960.36,36.18615322181322,-908.1236193686856,-254.0535077660995,-0.6584413270302844,0
2021-11-26,53726.53,29.71613476242841,-1280.487578692875,-459.34032195145465,-0.6584413270302844,0
2021-11-27,54721.03,31.680314328014987,-1478.2999390899713,-663.132245379158,-0.6584413270302844,0
2021-11-28,57274.88,35.159999164777204,-1412.7084842547702,-813.0474931542805,-0.6584413270302844,0
2021-11-29,57776.25,38.94317802111278,-1305.224598167304,-911.4829141568852,-0.6584413270302844,0
2021-11-30,56950.56,43.4268107774326,-1272.006230455845,-983.5875774166772,-0.6584413270302844,0
2021-12-01,57184.07,43.30093729229684,-1212.8570679416734,-1029.4414755216765,-0.6584413270302844,0
2021-12-02,56480.34,49.0133308767364,-1208.831404228957,-1065.3194612631326,-0.6584413270302844,0
2021-12-03,53601.05,40.134996948207295,-1421.588489306123,-1136.5732668717308,-0.9956361034963414,-1
2021-12-04,49152.47,29.18451736266961,-1926.950553234892,-1294.648724144363,-0.8067222026821986,0
2021-12-05,49396.33,31.181424425969297,-2281.476722372987,-1492.014323790088,-0.8067222026821986,0
2021-12-06,50441.92,37.479456876478984,-2449.8307668843336,-1683.577612408937,-0.8067222026821986,0
2021-12-07,50588.95,34.22500031766374,-2542.0848955825786,-1855.2790690436657,-0.8067222026821986,0
2021-12-08,50471.19,34.6737984042783,-2594.788103017585,-2003.1808758384495,-0.599898520766233,0
2021-12-09,47545.59,25.026964420966124,-2839.8907515433893,-2170.5228509794374,-0.599898520766233,0
2021-12-10,47140.54,31.731372545756244,-3031.8709946727977,-2342.7924797181095,-0.599898520766233,0
2021-12-11,49389.99,36.174946940824746,-2968.288324820649,-2467.8916487386173,-0.599898520766233,0
2021-12-12,50053.9,29.238626784171984,-2831.6847136849683,-2540.6502617278875,-0.3945014884049611,0
2021-12-13,46702.75,22.644786118714237,-2959.7173862859563,-2624.4636866395012,-0.18166972956601507,0
2021-12-14,48343.28,29.56004833047099,-2895.4304216709425,-2678.65703364579,-0.18166972956601507,0
2021-12-15,48864.98,30.51117380077899,-2770.449689603098,-2697.0155648372515,-0.18166972956601507,0
2021-12-16,47632.38,29.77340996063478,-2739.285301919139,-2705.469512253629,-0.18166972956601507,0
2021-12-17,46131.2,31.775510771694528,-2803.4040830565573,-2725.056426414215,-0.18166972956601507,0
2021-12-18,46834.48,43.08008566640139,-2765.5898622034656,-2733.1631135720654,-0.18166972956601507,0
2021-12-19,46681.23,41.85050137831012,-2716.6717135327635,-2729.864833564205,-0.18166972956601507,0
2021-12-20,46914.16,38.86820292551415,-2628.8049963288577,-2709.652866117136,0.23487698839570054,0
2021-12-21,48889.88,45.193336467861755,-2372.398366082729,-2642.2019661102545,0.43767035088656564,0
2021-12-22,48588.16,44.72778973315706,-2168.542933655335,-2547.470159619271,0.24875645007242297,0
2021-12-23,50838.81,59.582718388744304,-1804.5753676947788,-2398.8912012343726,0.1964658910786427,0
2021-12-24,50820.0,60.95280790241997,-1500.3511451593586,-2219.18319001937,0.1964658910786427,0
2021-12-25,50399.66,53.37281371907774,-1278.4322113192466,-2031.0329942793455,0.1964658910786427,0
2021-12-26,50775.49,52.45778350905229,-1060.0143319707931,-1836.8292618176351,0.04193276815645691,0
2021-12-27,50701.44,67.53413040370657,-882.7163999231925,-1646.006689438747,0.2024739680016227,0
2021-12-28,47543.74,46.905747475185294,-985.6446138468892,-1513.9342743203752,0.24875645007242297,0
2021-12-29,46464.66,41.09484653272131,-1141.1344154811595,-1439.374302552532,0.24875645007242297,0
2021-12-30,47120.87,48.0175183613356,-1197.605292368622,-1391.0205005157502,0.24875645007242297,0
2021-12-31,46216.93,50.3483965144906,-1300.3101071110068,-1372.8784218348017,0.24875645007242297,0
2022-01-01,47722.65,53.38842281559138,-1245.8440775546333,-1347.4715529787682,0.40929764991758877,0
2022-01-02,47286.18,52.25910194582636,-1223.791728727796,-1322.735588128574,0.11450485157272239,0
2022-01-03,46446.1,48.32791762406116,-1259.5828317412015,-1310.1050368510994,0.11450485157272239,0
2022-01-04,45832.01,37.89891164721888,-1322.2573103785908,-1312.5354915565977,0.11450485157272239,0
2022-01-05,43451.13,32.543555901412574,-1546.2205365431728,-1359.2725005539128,0.11450485157272239,0
2022-01-06,43082.31,19.776777155895928,-1733.4910922385752,-1434.1162188908454,0.11450485157272239,0
2022-01-07,41566.48,17.710607270270714,-1981.3790650228548,-1543.568788117247,0.30341875238686505,0
2022-01-08,41679.74,18.90620141549394,-2143.978484554442,-1663.6507274046864,0.30341875238686505,0
2022-01-09,41864.62,17.78662585017291,-2232.190126813606,-1777.3586072864705,0.30341875238686505,0
2022-01-10,41822.49,17.827769802211577,-2279.2245459418555,-1877.7317950175477,0.30341875238686505,0
2022-01-11,42729.29,29.15495848267132,-2217.7634834817436,-1945.7381327103867,0.30341875238686505,0
2022-01-12,43902.66,38.99718960221535,-2050.734406243974,-1966.737387417104,0.30341875238686505,0
2022-01-13,42560.11,31.50366377317539,-2003.598982126132,-1974.1097063589095,0.30341875238686505,0
2022-01-14,43059.96,36.762928804258046,-1903.9624078785273,-1960.0802466628336,0.30341875238686505,0
2022-01-15,43084.29,27.79273680642403,-1802.261132808424,-1928.5164238919515,0.30341875238686505,0
2022-01-16,43071.66,28.968411597385128,-1703.0495796018367,-1883.423055033929,0.11450485157272239,0
2022-01-17,42201.62,28.882049383748026,-1675.3166580912366,-1841.8017756453903,0.3447274680890529,0
2022-01-18,42352.12,31.848856702625863,-1622.4909599494204,-1797.9396125061965,0.3447274680890529,0
2022-01-19,41660.01,38.65963454939159,-1617.8244333716502,-1761.9165766792871,0.3447274680890529,0
2022-01-20,40680.91,35.88637159736611,-1673.836420430409,-1744.3005454295117,0.3447274680890529,0
2022-01-21,36445.31,27.1929207323319,-2036.5280180356424,-1802.746039950738,0.5336413689031957,0
2022-01-22,35071.42,23.5408535384192,-2407.077867805725,-1923.6124055217351,0.6678929674028963,0
2022-01-23,36244.55,29.147901867241345,-2576.3805949155503,-2054.1660434004984,0.6678929674028963,0
2022-01-24,36660.35,31.36371184935416,-2646.495488293156,-2172.63193237903,0.6678929674028963,0
2022-01-25,36958.32,28.2077386153629,-2647.499629961734,-2267.605471895571,0.6678929674028963,0
2022-01-26,36809.34,20.96823307532121,-2629.999859132702,-2340.0843493429975,0.6678929674028963,0
2022-01-27,37160.1,25.94583903876189,-2558.3368494047463,-2383.7348493553473,0.6678929674028963,0
2022-01-28,37716.56,26.31744568445129,-2428.645809311274,-2392.717041346533,0.6678929674028963,0
2022-01-29,38166.84,28.99827030259027,-2263.439372664696,-2366.8615076101655,0.6678929674028963,0
2022-01-30,37881.76,28.338773091145853,-2130.9513738941314,-2319.679480866959,0.6678929674028963,0
2022-01-31,38466.9,34.03256148031605,-1956.188054357146,-2246.9811955649966,0.6678929674028963,0
2022-02-01,38694.59,34.46511592347595,-1778.809179456577,-2153.3467923433127,0.5336413689031957,0
2022-02-02,36896.36,31.504855914416,-1763.014343799936,-2075.2803026346373,0.6678929674028963,0
2022-02-03,37311.61,36.31951899667538,-1697.422784880342,-1999.7087990837783,0.6678929674028963,0
2022-02-04,41574.25,70.779577516145,-1286.6498793464125,-1857.0970151363051,0.8284341672480621,1
2022-02-05,41382.59,78.27820777179461,-965.4456954740016,-1678.7667512038447,0.8284341672480621,0
2022-02-06,42380.87,77.93243398256774,-623.1528939161362,-1467.643979746303,0.8284341672480621,0
2022-02-07,43839.99,79.84666856231617,-231.47627851990543,-1220.4104395010236,0.8284341672480621,0
2022-02-08,44042.99,79.6862704346172,94.22450309844862,-957.4834509811292,0.8284341672480621,0
2022-02-09,44372.72,81.21926936628442,374.6326425077205,-691.0602322833593,0.8284341672480621,0
2022-02-10,43495.44,75.06099760756469,520.073861218596,-448.8334135829682,0.8284341672480621,0
2022-02-11,42373.73,67.63399567893899,538.6156267474216,-251.34360551689025,0.8284341672480621,1
2022-02-12,42217.87,65.6886900524915,534.5713048483813,-94.16062344383596,0.8284341672480621,1
2022-02-13,42053.66,66.30948099266604,512.2113226785004,27.11376578063133,0.8284341672480621,1
2022-02-14,42535.94,66.03633342634237,527.3281306915087,127.1566387628068,0.8284341672480621,1
2022-02-15,44544.86,70.21772622245939,693.4180728020874,240.40892557066297,0.9816068263441277,1
2022-02-16,43873.56,76.14899364676745,762.0923229137697,344.7456050392843,0.8284341672480621,0
2022-02-17,40515.7,59.83824464116286,539.3486462444125,383.66621328031,0.8284341672480621,1
2022-02-18,39974.44,43.6325818091506,315.51051043515326,370.03507271127864,0.6678929674028963,0
2022-02-19,40079.17,44.77609786830872,144.89772015228664,325.0076021994803,0.6678929674028963,0
2022-02-20,38386.89,34.83629648415962,-125.4212206123848,234.92183763710727,0.6678929674028963,0
2022-02-21,37008.16,23.90269803615972,-445.76442240108736,98.78458562946837,0.6678929674028963,0
2022-02-22,38230.33,29.399886024700308,-594.1705842309675,-39.80644834261882,0.6678929674028963,0
2022-02-23,37250.01,25.869796617771883,-781.8742086363636,-188.22000040136777,0.6678929674028963,0
2022-02-24,38327.21,32.72515296985121,-834.0947211062667,-317.39494454234756,0.6678929674028963,0
2022-02-25,39219.17,39.29138819260942,-794.3493708065507,-412.7858297951882,0.6678929674028963,0
2022-02-26,39116.72,39.434383574991784,-762.3300864314879,-482.6946811224482,0.6678929674028963,0
2022-02-27,37699.07,36.331345567956994,-841.6451190557927,-554.4847687091171,0.6678929674028963,0
2022-02-28,43160.0,51.49241238659712,-458.5653854246266,-535.3008920522191,0.8210656264989619,1
2022-03-01,44421.2,49.693304179952015,-52.59732761759369,-438.760179165294,0.8210656264989619,1
2022-03-02,43892.98,50.04850886448294,223.93100630663685,-306.22194207090786,0.8210656264989619,1
2022-03-03,42454.0,55.35498793242157,323.2419117309619,-180.32917131053392,0.9816068263441277,1
2022-03-04,39148.66,48.02086648745863,133.69208650237124,-117.5249197479529,0.6678929674028963,0
2022-03-05,39397.96,48.37859105153444,3.5480116195467417,-93.31033347445296,0.6678929674028963,0
2022-03-06,38420.81,50.08358138342959,-176.40644034414436,-109.92955484839123,0.6678929674028963,0
2022-03-07,37988.0,52.53245168947279,-349.912219628015,-157.926087804316,0.6678929674028963,0
2022-03-08,38730.63,51.32592040555194,-422.6210527463991,-210.86508079273264,0.6678929674028963,0
2022-03-09,41941.71,61.119406168678815,-218.61593849161,-212.41525233250812,0.9816068263441277,1
2022-03-10,39422.0,52.42861281639583,-257.2940291638806,-221.39100769878263,0.6678929674028963,0
2022-03-11,38729.57,48.90420181308047,-339.9018320647956,-245.09317257198524,0.6678929674028963,0
2022-03-12,38807.36,49.30684080192801,-394.5440499265897,-274.98334804290613,0.6678929674028963,0
2022-03-13,37777.34,50.17847378576487,-515.0255134943582,-322.9917811331966,0.6678929674028963,0
2022-03-14,39671.37,40.49973067460973,-452.4598736857006,-348.8853996436974,0.6678929674028963,0
2022-03-15,39280.33,35.30384728192915,-429.4790462152596,-365.00412895800986,0.6678929674028963,0
2022-03-16,41114.0,42.60751501118856,-260.3041067872473,-344.06412452385734,0.6678929674028963,0
2022-03-17,40917.9,45.624419618187105,-140.43651485034206,-303.3386025891543,0.6678929674028963,0
2022-03-18,41757.51,58.64580771864148,22.05469267686567,-238.2599435359503,0.9816068263441277,1
2022-03-19,42201.13,59.171662296513006,184.49977330158436,-153.7080001684434,0.9816068263441277,1
2022-03-20,41262.11,59.3196733571423,234.76142024913133,-76.01411608492845,0.7926929255299849,0
2022-03-21,41002.25,60.000424667614645,250.73528700006864,-10.664235467929032,0.6395202664339193,0
2022-03-22,42364.13,61.579134549320386,369.0330425798674,65.27522014163027,0.9409738011818992,1
2022-03-23,42882.76,53.620144321060906,498.8831582896164,151.9968077712275,0.9409738011818992,1
2022-03-24,43991.46,69.71906718221362,683.3756061158929,258.2725674401606,0.9409738011818992,1
2022-03-25,44313.16,74.8919146158901,845.7958930895766,375.77723257004385,0.9409738011818992,1
2022-03-26,44511.27,75.15841139591689,979.213201765946,496.4644264092243,1.1298877019960418,0
2022-03-27,46827.76,85.85046021140097,1257.3745324751726,648.646447622414,1.1298877019960418,-1
2022-03-28,47122.21,83.79715646001772,1484.4670333729882,815.8105647725289,1.1298877019960418,0
2022-03-29,47434.8,87.25397302554819,1670.4074596220237,986.7299437424278,0.9956361034963414,-1
2022-03-30,47067.99,81.41095238547433,1767.7901017302647,1142.9419753399952,0.9956361034963414,0
2022-03-31,45510.34,71.18456110828183,1699.684307350915,1254.2904417421794,0.9956361034963414,1
2022-04-01,46283.49,71.00678940948659,1688.6312284798987,1341.158599089723,0.9956361034963414,1
2022-04-02,45811.0,66.70999386198066,1623.036238156681,1397.534126903115,0.9956361034963414,1
2022-04-03,46407.35,74.59751827637044,1600.7200920270188,1438.171319927896,0.9956361034963414,1
2022-04-04,46580.51,76.89054160367752,1578.8074408766915,1466.2985441176552,0.9956361034963414,0
2022-04-05,45497.55,65.52236942745839,1457.2573302503442,1464.490301344193,0.8473552278444271,1
2022-04-06,43170.47,51.20869389137173,1159.7828295573345,1403.548806986821,0.3447274680890529,0
2022-04-07,43444.19,47.52740426016406,935.3370773954884,1309.9064610685548,0.49790012718511856,0
2022-04-08,42252.01,41.36668679982475,653.7274758168933,1178.6706640182226,0.3447274680890529,0
2022-04-09,42753.97,42.822096815303304,465.6856799839006,1036.0736672113585,0.3447274680890529,0
2022-04-10,42158.85,27.808667001911672,265.57856723743316,881.9746472165733,0.3447274680890529,0
2022-04-11,39530.45,20.468397229729874,-103.8999805523854,684.7997216627816,0.3447274680890529,0
2022-04-12,40074.94,21.87784665798536,-348.75833018199774,478.08811129382576,0.5336413689031957,0
2022-04-13,41147.79,28.536873276119636,-451.0409878099599,292.2622914730686,0.5336413689031957,0
2022-04-14,39942.38,29.28481500552114,-622.1949675719297,109.37083966406897,0.5336413689031957,0
2022-04-15,40551.9,28.41321242059739,-700.5767469572602,-52.61867766019687,0.5336413689031957,0
2022-04-16,40378.71,29.068562211832443,-767.818918875033,-195.6587259031641,0.5336413689031957,0
2022-04-17,39678.12,24.27788264020927,-867.638980418873,-330.0547768063059,0.5336413689031957,0
2022-04-18,40801.13,29.404197147923657,-846.3731143302139,-433.3184443110875,0.5336413689031957,0
2022-04-19,41493.18,35.3207615782609,-764.8602777726555,-499.62681100340114,0.5336413689031957,0
2022-04-20,41358.19,42.084371407506296,-703.0490208939664,-540.3112529815143,0.5336413689031957,0
2022-04-21,40480.01,37.70247777536231,-716.6636883434985,-575.5817400539112,0.5336413689031957,0
2022-04-22,39709.18,39.06835336814384,-780.6540552815204,-616.5962030994331,0.5336413689031957,0
2022-04-23,39441.6,35.467229894851016,-843.2380287482738,-661.9245682292012,0.3447274680890529,0
2022-04-24,39450.13,37.47078990750832,-881.9810503675471,-705.9358646568704,0.3447274680890529,0
2022-04-25,40426.08,54.890320917925536,-824.4306422303125,-729.6348201715589,0.5052686679342188,0
2022-04-26,38112.65,41.02018010069458,-954.493192638678,-774.6064946649827,0.3447274680890529,0
2022-04-27,39235.72,41.290030456445834,-955.9270062903817,-810.8705969900625,0.3447274680890529,0
2022-04-28,39742.07,49.02547077190733,-905.7640169144796,-829.849280974946,0.3447274680890529,0
2022-04-29,38596.11,40.95689638431213,-947.556044988458,-853.3906337776485,0.3447274680890529,0
2022-04-30,37630.8,38.16151020650828,-1046.5055137644958,-892.013609775018,0.3447274680890529,0
2022-05-01,38468.35,44.84888173934813,-1045.29093216436,-922.6690742528864,0.3447274680890529,0
2022-05-02,38525.16,39.34130654075883,-1027.895337666654,-943.71432693564,0.3447274680890529,0
2022-05-03,37728.95,32.54189179788048,-1066.0677312919142,-968.185007806895,0.3447274680890529,0
2022-05-04,39690.0,43.38377432514649,-927.3889202428472,-960.0257902940856,0.3447274680890529,0
2022-05-05,36552.97,36.791571985367625,-1058.4163028084731,-979.703892796963,0.4789790665887535,0
2022-05-06,36013.77,37.37391545596121,-1192.0244651854373,-1022.168007274658,0.4789790665887535,0
2022-05-07,35472.39,36.68749911959019,-1326.3059090399183,-1082.9955876277102,0.4789790665887535,0
2022-05-08,34038.4,33.433435639727236,-1530.789935888417,-1172.5544572798517,0.6678929674028963,0
2022-05-09,30076.31,23.2140906848701,-1989.6174790216976,-1335.967061628221,0.6678929674028963,0
2022-05-10,31017.1,30.231701602347822,-2251.3752694649083,-1519.0487031955586,0.6678929674028963,0
2022-05-11,29103.94,22.963001310783863,-2583.416213322518,-1731.9222052209504,0.6678929674028963,0
2022-05-12,29029.75,20.738913242049037,-2820.039901948032,-1949.5457445663667,0.6678929674028963,0
2022-05-13,29287.05,23.27449492020584,-2952.76626879767,-2150.1898494126276,0.6678929674028963,0
2022-05-14,30086.74,28.133717168953368,-2959.3114705311746,-2312.014173636337,0.6678929674028963,0
2022-05-15,31328.89,29.780674526933964,-2831.626241455931,-2415.936587200256,0.6678929674028963,0
2022-05-16,29874.01,27.297275877796324,-2815.3775150698457,-2495.824772774174,0.6678929674028963,0
2022-05-17,30444.93,30.656231045336114,-2725.019481404739,-2541.6637145002874,0.6678929674028963,0
2022-05-18,28715.32,20.492429171699,-2761.146384015781,-2585.560248403386,0.6678929674028963,0
2022-05-19,30319.23,31.73344366785713,-2630.037645217988,-2594.4557277663066,0.6678929674028963,0
2022-05-20,29201.01,30.69195138043382,-2586.547919433753,-2592.874166099796,0.6678929674028963,0
2022-05-21,29445.06,32.62511566767273,-2503.5300668172313,-2575.0053462432834,0.6678929674028963,0
2022-05-22,30293.94,38.82906996725505,-2342.2404094474005,-2528.452358884107,0.6678929674028963,0
2022-05-23,29109.15,46.54154395410276,-2283.694832767927,-2479.500853660871,0.6678929674028963,0
2022-05-24,29654.58,44.98600887012611,-2168.2906934006132,-2417.2588216088197,0.6678929674028963,0
2022-05-25,29542.15,51.85895668331008,-2062.1332543703757,-2346.2337081611313,0.6678929674028963,0
2022-05-26,29201.35,50.711852425857,-1982.6477023738043,-2273.516507003666,0.6678929674028963,0
2022-05-27,28629.8,47.3427932185738,-1943.3721536314915,-2207.487636329231,0.4789790665887535,0
2022-05-28,29031.33,45.5911238475581,-1858.4231379088087,-2137.674736645147,0.4789790665887535,0
2022-05-29,29468.1,41.66594259824414,-1735.84697871971,-2057.3091850600595,0.4789790665887535,0
2022-05-30,31734.22,57.76704988137797,-1439.2566889992522,-1933.698685847898,0.6395202664339193,0
2022-05-31,31801.04,55.91108290449494,-1185.153223389214,-1783.989593356161,0.6395202664339193,0
2022-06-01,29805.83,54.64580186103024,-1131.7253432287653,-1653.5367433306822,0.6395202664339193,0
2022-06-02,30452.62,50.618727033718976,-1025.3729545762326,-1527.9039855797923,0.4789790665887535,0
2022-06-03,29700.21,52.39687024058969,-990.3845822179684,-1420.4001049074277,0.4789790665887535,0
2022-06-04,29864.04,52.02731734885845,-938.616545957586,-1324.0433931174591,0.4789790665887535,0
2022-06-05,29919.21,48.03593423238799,-882.9600326942345,-1235.8267210328145,0.4789790665887535,0
2022-06-06,31373.1,61.54046132279851,-713.3124507050634,-1131.3238669672644,0.6395202664339193,0
2022-06-07,31125.33,57.73176365695204,-592.0338898793052,-1023.4658715496726,0.6395202664339193,0
2022-06-08,30204.77,53.21061087950445,-563.7032352166243,-931.5133442830628,0.6395202664339193,0
2022-06-09,30109.93,54.50986076007173,-542.6484689114841,-853.7403692087472,0.6395202664339193,0
2022-06-10,29091.88,52.196247823144255,-601.1805070608862,-803.228396779175,0.4789790665887535,0
2022-06-11,28424.7,47.18772860744282,-693.4102177812347,-781.264760979587,0.4789790665887535,0
2022-06-12,26574.53,38.13994971640676,-905.3597607355696,-806.0837609307836,0.4789790665887535,0
2022-06-13,22487.41,17.02234195755861,-1387.1376674862804,-922.2945422418828,0.6678929674028963,0
2022-06-14,22136.41,16.21701357453408,-1776.7911537726068,-1093.1938645480277,0.6678929674028963,0
2022-06-15,22583.72,21.691521461513673,-2026.144042985281,-1279.7839002354783,0.6678929674028963,0
2022-06-16,20401.31,14.835173677607514,-2372.5114172346985,-1498.3294036353227,0.6678929674028963,1
2022-06-17,20468.81,16.077990416556432,-2611.4600846126195,-1720.955539830782,0.6678929674028963,0
2022-06-18,18970.79,13.545755669470353,-2888.410521052727,-1954.446536075171,0.6678929674028963,1
2022-06-19,20574.0,21.662341568909767,-2944.586726000929,-2152.474574060323,0.6678929674028963,0
2022-06-20,20573.89,14.087028815616634,-2955.05165322814,-2312.9899898938866,0.6678929674028963,1
2022-06-21,20723.52,15.181316867854632,-2917.6385716742116,-2433.9197062499516,0.6678929674028963,0
2022-06-22,19987.99,15.371730630528036,-2913.7516437140184,-2529.8860937427653,0.6678929674028963,0
2022-06-23,21110.13,21.48240298414767,-2787.985741252738,-2581.50602324476,0.6678929674028963,0
2022-06-24,21237.69,23.623990774329044,-2647.503558512388,-2594.705530298286,0.6678929674028963,0
2022-06-25,21491.19,26.050399268818893,-2487.045967379494,-2573.1736177145276,0.6678929674028963,0
2022-06-26,21038.07,28.83318448466757,-2369.135251051677,-2532.365944381958,0.6678929674028963,0
2022-06-27,20742.56,40.60549935121224,-2273.32981517032,-2480.5587185396307,0.6678929674028963,0
2022-06-28,20281.29,40.12900108760198,-2209.158150987827,-2426.2786050292702,0.6678929674028963,0
2022-06-29,20123.01,36.49117952873308,-2146.331939437583,-2370.289271910933,0.6678929674028963,0
2022-06-30,19942.21,46.76971312294367,-2087.0722929017757,-2313.6458761091017,0.6678929674028963,0
2022-07-01,19279.8,42.280248640127546,-2069.7013186312506,-2264.8569646135315,0.6678929674028963,0
2022-07-02,19252.81,52.263381091032834,-2034.6582895745016,-2218.8172296057255,0.4789790665887535,0
2022-07-03,19315.83,36.586301965726136,-1978.9886994066835,-2170.8515235659174,0.4789790665887535,0
2022-07-04,20236.71,46.9951734561476,-1839.3598330426464,-2104.553185461263,0.4789790665887535,0
2022-07-05,20175.83,45.040737863304045,-1713.8591561700523,-2026.4143796030212,0.4789790665887535,0
2022-07-06,20564.51,55.57019849121938,-1564.995444589873,-1934.130592600392,0.6395202664339193,0
2022-07-07,21624.98,55.034351122645134,-1345.9337281713306,-1816.4912197145795,0.6395202664339193,0
2022-07-08,21594.75,53.55918214368308,-1161.3774121377537,-1685.4684581992144,0.6395202664339193,0
2022-07-09,21591.83,51.05593164143654,-1003.7798720870888,-1549.1307409767894,0.3447274680890529,0
2022-07-10,20862.47,48.25852391058573,-927.0494931632091,-1424.7144914140736,0.3447274680890529,0
2022-07-11,19963.61,43.10059255453891,-928.0723644546052,-1325.38606602218,0.3447274680890529,0
2022-07-12,19328.75,41.81475396312538,-968.9415386634792,-1254.09716055044,0.3447274680890529,0
2022-07-13,20234.87,50.85175010051047,-917.6364012070336,-1186.8050086817586,0.3447274680890529,0
2022-07-14,20588.84,54.79720757012606,-838.7457504795384,-1117.1931570413146,0.5052686679342188,0
2022-07-15,20830.04,62.26758503681292,-748.1374543200509,-1043.3820164970618,0.5052686679342188,0
2022-07-16,21195.6,64.59206160122937,-639.4607840603967,-962.5977700097288,0.5052686679342188,0
2022-07-17,20798.16,60.60105014281771,-578.7325576853364,-885.8247275448504,0.5052686679342188,0
2022-07-18,22432.58,64.249698571182,-394.1771375033313,-787.4952095365466,0.6395202664339193,0
2022-07-19,23396.62,68.7078378230812,-168.18691214702267,-663.6335500586418,0.8284341672480621,1
2022-07-20,23223.3,65.83976446393743,-3.0384801767286262,-531.5145360822593,0.8284341672480621,1
2022-07-21,23152.19,60.31423357614937,120.71335091312358,-401.0689586831827,0.8284341672480621,1
2022-07-22,22684.83,56.95156200975955,179.01198380787173,-285.05277018497185,0.8284341672480621,1
2022-07-23,22451.07,55.32275769447107,204.00000691563037,-187.2422147648514,0.8284341672480621,1
2022-07-24,22579.68,61.49307354265972,231.5122186733861,-103.49132807720392,0.8284341672480621,1
2022-07-25,21310.9,58.59180797265499,149.2158350799073,-52.949895445781685,0.8284341672480621,1
2022-07-26,21254.67,63.26040496177318,78.5525620641638,-26.649403943792592,0.8284341672480621,1
2022-07-27,22952.45,66.87187561308139,157.72985457815955,10.22644776059784,0.8284341672480621,1
2022-07-28,23842.93,68.9409540528679,289.00129623923203,65.98141745632469,0.8284341672480621,1
2022-07-29,23773.75,67.48447090603904,383.03719729860313,129.39257342478038,0.8284341672480621,1
2022-07-30,23643.51,64.95774647887323,441.9574366209162,191.9055460640076,0.8284341672480621,1
2022-07-31,23293.32,65.33501321369306,455.1480806868786,244.5540529885818,0.8284341672480621,1
2022-08-01,23268.01,56.400398995463,458.2767268275966,287.2985877563848,0.8284341672480621,1
2022-08-02,22987.79,46.50128282587973,433.151686318728,316.4692074688535,0.4789790665887535,0
2022-08-03,22818.37,46.532343838579685,395.0156382127061,332.17849361762404,0.4789790665887535,0
2022-08-04,22622.98,45.56251519801442,345.0486986628275,334.7525346266648,0.4789790665887535,0
2022-08-05,23312.42,55.073459627519966,356.96669532702435,339.1953667667367,0.7926929255299849,0
2022-08-06,22954.21,53.98717485434615,333.6610038778672,338.08849418896284,0.7926929255299849,0
2022-08-07,23174.39,54.645409737464945,329.1633709319103,336.30346953755236,0.6584413270302844,0
2022-08-08,23810.0,71.66393891689837,372.5923665334339,343.5612489367287,0.6584413270302844,0
2022-08-09,23149.95,64.87263995480015,349.71830477926414,344.7926601052358,0.6584413270302844,0
2022-08-10,23954.05,59.141989258892806,391.9563668832088,354.2254014608304,0.7926929255299849,0
2022-08-11,23934.39,50.99257683625628,419.0138073705384,367.183082642772,0.49790012718511856,0
2022-08-12,24403.68,56.290103868144776,472.87380994755586,388.3212281037288,0.6584413270302844,0
2022-08-13,24441.38,58.11706346380404,512.6903497449639,413.19505243197585,0.8067222026821986,0
2022-08-14,24305.24,60.76345751289167,527.1828484495454,435.99261163548977,0.6584413270302844,0
2022-08-15,24094.82,58.46130544861366,515.7439474522798,451.9428787988478,0.8067222026821986,0
2022-08-16,23854.74,58.945578441873096,481.75274071707463,457.9048511824932,0.8067222026821986,0
2022-08-17,23342.66,55.052569699422754,408.78170705596494,448.0802223571875,0.8067222026821986,0
2022-08-18,23191.2,55.52268282916249,334.86990909291853,425.43815970433377,0.8067222026821986,0
2022-08-19,20834.39,31.810728163962793,85.13798864787896,357.37812549304283,0.3447274680890529,0
2022-08-20,21140.07,36.5803357172235,-87.10642752584681,268.4812148892649,0.3447274680890529,0
2022-08-21,21515.61,38.00526999314497,-191.1054837585252,176.56387515970687,0.3447274680890529,0
2022-08-22,21399.83,31.15520603491281,-279.6443969464235,85.3222207384808,0.3447274680890529,0
2022-08-23,21529.12,36.17989676041901,-335.5119283962449,1.155390911535657,0.5336413689031957,0
2022-08-24,21368.08,25.23477438100585,-388.305784336746,-76.73684413812067,0.5336413689031957,0
2022-08-25,21559.04,27.97448940798587,-410.0100784857241,-143.39149100764138,0.5336413689031957,0
2022-08-26,20241.05,16.650777042671223,-527.4811912407822,-220.20943105426952,0.6678929674028963,0
2022-08-27,20037.6,15.631555616602526,-629.735411305388,-302.11462710449325,0.6678929674028963,0
2022-08-28,19555.61,14.830945847284797,-741.121989289848,-389.9160995415642,0.6678929674028963,1
2022-08-29,20285.73,23.810859607797823,-761.7016502259357,-464.27320967843855,0.6678929674028963,0
2022-08-30,19811.66,23.068612065129617,-806.9625053727214,-532.8110688172951,0.6678929674028963,0
2022-08-31,20050.02,27.23731911610581,-814.2126624777775,-589.0913875493916,0.6678929674028963,0
2022-09-01,20131.46,28.640618106476467,-804.1175700389722,-632.0966240473077,0.6678929674028963,0
2022-09-02,19951.86,41.14869486551488,-801.3716421163845,-665.9516276611231,0.6678929674028963,0
2022-09-03,19831.9,36.37206511389514,-799.657292409327,-692.6927606107639,0.6678929674028963,0
2022-09-04,20000.3,33.502161155810015,-775.7676190786224,-709.3077323043357,0.6678929674028963,0
2022-09-05,19796.84,32.87451416947813,-764.4404092716177,-720.3342676977921,0.6678929674028963,0
2022-09-06,18790.61,25.36012682942625,-827.1233029069117,-741.692074739616,0.4789790665887535,0
2022-09-07,19292.84,32.40803219932654,-826.7439938985881,-758.7024585714105,0.4789790665887535,0
2022-09-08,19319.77,30.474536249853912,-814.8769683917963,-769.9373605354876,0.3447274680890529,0
2022-09-09,21360.11,58.66604301348395,-633.5309288250282,-742.6560741933959,0.6395202664339193,0
2022-09-10,21648.34,62.31196570743701,-461.2382661579031,-686.3725125862974,0.7878011420858336,0
2022-09-11,21826.87,68.20532551018773,-306.75315134852644,-610.4486403387432,0.6395202664339193,0
2022-09-12,22395.74,67.36162194630268,-136.84209955942788,-515.7273321828801,0.6395202664339193,0
2022-09-13,20173.57,52.31259784657656,-179.4285735188605,-448.4675804500762,0.4789790665887535,0
2022-09-14,20226.71,51.15641930851766,-206.51018618201851,-400.0761015964647,0.4789790665887535,0
2022-09-15,19701.88,47.34266824365453,-267.24136207273114,-373.509153691718,0.4789790665887535,0
2022-09-16,19803.3,49.07204981048728,-303.68679774696284,-359.544682502767,0.4789790665887535,0
2022-09-17,20113.62,51.718831984966606,-304.02522401313036,-348.44079080483965,0.4789790665887535,0
2022-09-18,19416.18,46.65227747376819,-356.4619371958761,-350.04502008304695,0.4789790665887535,0
2022-09-19,19537.02,48.49667651061388,-383.8429297214389,-356.8046020107254,0.4789790665887535,0
2022-09-20,18875.0,50.50853830940388,-453.73170814207697,-376.1900232369957,0.4789790665887535,0
2022-09-21,18461.36,44.93538578487268,-536.3140649315537,-408.21483157590734,0.6678929674028963,0
2022-09-22,19401.63,50.448692510244406,-519.8962069753725,-430.5511066558004,0.6678929674028963,0
2022-09-23,19289.91,35.610500678395866,-510.0206065028615,-446.4450066252126,0.6678929674028963,0
2022-09-24,18920.5,31.250979432602666,-525.939716030065,-462.3439485061831,0.6678929674028963,0
2022-09-25,18807.38,29.058107615120107,-541.4421555054505,-478.16358990603663,0.6678929674028963,0
2022-09-26,19227.82,27.56678440625538,-513.8782872254196,-485.3065293699133,0.6678929674028963,0
2022-09-27,19079.13,39.02773043530567,-498.2878116530264,-487.90278582653593,0.6678929674028963,0
2022-09-28,19412.82,42.274931898212735,-453.775412709947,-481.0773112032182,0.6678929674028963,0
2022-09-29,19591.51,48.87874336358701,-399.47532336468794,-464.75691363551215,0.6678929674028963,0
2022-09-30,19422.61,46.18485164926572,-365.85359725812305,-444.9762503600343,0.4789790665887535,0
2022-10-01,19310.95,41.62232571343881,-344.2498677186959,-424.83097383176664,0.4789790665887535,0
2022-10-02,19056.8,45.86657281401531,-343.67486745027054,-408.59975255546743,0.4789790665887535,0
2022-10-03,19629.08,50.95922211941619,-293.6558801465144,-385.6109780736769,0.3447274680890529,0
2022-10-04,20337.82,65.09493540264995,-194.58304530572423,-347.40539152008637,0.5052686679342188,0
2022-10-05,20158.26,68.39928697206005,-129.06828244976714,-303.73796970602257,0.5052686679342188,0
2022-10-06,19960.67,57.22527813391783,-92.03035391647065,-261.3964465481122,0.5052686679342188,0
2022-10-07,19530.09,52.8678208955224,-96.31151698677786,-228.37946063584533,0.5052686679342188,0
2022-10-08,19417.96,56.32865335782729,-107.5129807371668,-204.20616465610965,0.5052686679342188,0
2022-10-09,19439.02,58.22842195218542,-113.38383717137911,-186.04169915916356,0.5052686679342188,0
2022-10-10,19131.87,48.71203558781916,-141.19338181731655,-177.07203569079417,0.3447274680890529,0
2022-10-11,19060.0,49.737805128767405,-167.1056645818826,-175.07876146901185,0.3447274680890529,0
2022-10-12,19155.53,46.22729765476304,-177.8823457839535,-175.63947833200018,0.3447274680890529,0
2022-10-13,19375.13,46.86478497739659,-166.78051657436663,-173.86768598047348,0.3447274680890529,0
2022-10-14,19176.93,46.47021637309273,-171.99269577968153,-173.4926879403151,0.3447274680890529,0
2022-10-15,19069.39,46.5252964631557,-182.69497070373473,-175.33314449299905,0.3447274680890529,0
2022-10-16,19262.98,53.01836962950383,-173.55487304362032,-174.9774902031233,0.5052686679342188,0
2022-10-17,19549.86,48.734512878511936,-141.53098031226546,-168.28818822495174,0.3447274680890529,0
2022-10-18,19327.44,30.89079698906839,-132.5710531830009,-161.1447612165616,0.3447274680890529,0
2022-10-19,19123.97,30.613920325684873,-140.27161109388544,-156.97013119202637,0.3447274680890529,0
2022-10-20,19041.92,31.99990595869241,-151.25157400305395,-155.8264197542319,0.3447274680890529,0
2022-10-21,19164.37,41.8509407559917,-148.36235321675122,-154.33360644673576,0.3447274680890529,0
2022-10-22,19204.35,45.082167244531014,-141.21869188028722,-151.71062353344607,0.3447274680890529,0
2022-10-23,19570.4,52.61008113541908,-104.81190659524871,-142.33088014580662,0.3447274680890529,0
2022-10-24,19329.72,54.037244267051946,-94.29317844776232,-132.72333980619777,0.5052686679342188,0
2022-10-25,20080.07,66.30134972305584,-25.120463478106103,-111.20276454057944,0.5052686679342188,0
2022-10-26,20771.59,71.69336175559359,84.52494526994997,-72.05722257847356,0.6584413270302844,0
2022-10-27,20295.11,61.552719217612726,131.4564199840097,-31.35449406597691,0.5052686679342188,0
2022-10-28,20591.84,67.33877589033841,190.39878427583608,12.99616160238569,0.6584413270302844,0
2022-10-29,20809.67,70.76468566846754,251.78566474064792,60.754062230038144,0.6584413270302844,0
2022-10-30,20627.48,66.32536347712893,282.477771489539,105.09880408193833,0.6584413270302844,0
2022-10-31,20490.74,61.67652037508626,292.3971397801033,142.55847122157132,0.6584413270302844,0
2022-11-01,20483.62,65.15848375829916,296.2685862780636,173.3004942328698,0.6584413270302844,0
2022-11-02,20151.84,63.0375829221578,269.45871004395303,192.5321373950865,0.5052686679342188,0
2022-11-03,20207.82,64.88681982083213,249.8487077517675,203.99545146642268,0.5052686679342188,0
2022-11-04,21148.52,70.95580391750968,306.67906256271453,224.53217368568107,0.6584413270302844,0
2022-11-05,21299.37,71.62043343653252,359.7429694651619,251.57433284157725,0.8067222026821986,0
2022-11-06,20905.58,63.70050525987435,365.8041732267375,274.4203009186093,0.6584413270302844,0
2022-11-07,20591.13,62.75050490143558,341.2999405815135,287.79622885119016,0.6584413270302844,0
2022-11-08,18547.23,37.71774630372143,155.16585585284702,261.27015425152155,0.4789790665887535,0
2022-11-09,15922.81,20.336450930874463,-201.78940546850936,168.65824230751537,0.6678929674028963,0
2022-11-10,17601.15,35.63193746653269,-345.27094176907485,65.87240549219732,0.6678929674028963,0
2022-11-11,17070.31,31.67574329295769,-496.0967500755687,-46.52142562135589,0.6678929674028963,0
2022-11-12,16812.08,29.285660247913597,-629.2111383490228,-163.05936816688927,0.6678929674028963,0
2022-11-13,16329.85,28.40250186695239,-764.8010307188379,-283.407700677279,0.6678929674028963,0
2022-11-14,16619.46,30.83949698284735,-839.21395459013,-394.5689514598493,0.6678929674028963,0
2022-11-15,16900.57,32.73433607389197,-865.5262572859829,-488.760412625076,0.6678929674028963,0
2022-11-16,16662.76,33.03349652702809,-895.2483604546869,-570.0580021909982,0.6678929674028963,0
2022-11-17,16692.56,32.862555674292736,-905.955440026126,-637.2374897580238,0.6678929674028963,0
2022-11-18,16700.45,26.14533312882712,-903.3904973538774,-690.4680912771945,0.6678929674028963,0
2022-11-19,16700.68,24.932598540225584,-891.0675309029284,-730.5879792023413,0.6678929674028963,0
2022-11-20,16280.23,24.86034278657857,-904.7983403114122,-765.4300514241555,0.6678929674028963,0
2022-11-21,15781.29,24.371576546814737,-945.0464862546796,-801.3533383902604,0.6678929674028963,0
2022-11-22,16226.94,35.098740615627676,-930.2597460534852,-827.1346199229055,0.6678929674028963,0
2022-11-23,16603.11,56.14288552182473,-878.06557927416,-837.3208117931564,0.8284341672480621,1
2022-11-24,16598.95,37.0286193543043,-827.498120067863,-835.3562734480978,0.6678929674028963,0
2022-11-25,16522.14,41.96017118937896,-784.5768557886513,-825.2003899162086,0.6678929674028963,0
2022-11-26,16458.57,44.501202390470446,-747.0791489512194,-809.5761417232108,0.6678929674028963,0
2022-11-27,16428.78,51.79091886646944,-711.5632914694579,-789.9735716724603,0.4789790665887535,0
2022-11-28,16212.91,42.43838928671071,-692.8488926849495,-770.5486358749581,0.4789790665887535,0
2022-11-29,16442.53,41.31434032676465,-651.9736356009635,-746.8336358201592,0.4789790665887535,0
2022-11-30,17163.64,58.02676871598624,-554.9945181066614,-708.4658122774597,0.5052686679342188,0
2022-12-01,16977.37,54.34621382987486,-487.54814949310094,-664.282279720588,0.5052686679342188,0
2022-12-02,17092.74,55.79622991657828,-419.9461438899598,-615.4150525544624,0.5052686679342188,0
2022-12-03,16885.2,52.56897185435996,-378.75179597992246,-568.0824012395544,0.3447274680890529,0
2022-12-04,17105.7,62.17015542391423,-324.5710186033393,-519.3801247123114,0.5052686679342188,0
2022-12-05,16966.35,69.54396427181383,-289.5391158883176,-473.41192294751266,0.5052686679342188,0
2022-12-06,17088.96,65.91182616271766,-249.0120226969084,-428.53194289739184,0.5052686679342188,0
2022-12-07,16836.64,54.51721349844671,-234.5503739264641,-389.7356291032063,0.5052686679342188,0
2022-12-08,17224.1,60.53082855208051,-189.63859356299872,-349.7162219951648,0.5052686679342188,0
2022-12-09,17128.56,60.151259491382454,-159.9116021834925,-311.75529803283035,0.5052686679342188,0
2022-12-10,17127.49,61.43679772399316,-134.8842260065794,-276.38108362758015,0.5052686679342188,0
2022-12-11,17085.05,61.17218860973691,-117.1242677368391,-244.52972044943195,0.5052686679342188,0
2022-12-12,17209.83,67.51452926584163,-91.92106091312236,-214.00798854217004,0.5052686679342188,0
2022-12-13,17774.7,70.93797053341002,-26.0665705422507,-176.41970494218617,0.5052686679342188,0
2022-12-14,17803.15,62.848945378269455,28.095398500936422,-135.51668425356166,0.5052686679342188,0
2022-12-15,17356.34,56.89259433052879,34.56685118718451,-101.49997716541245,0.5052686679342188,0
2022-12-16,16632.12,43.14137154701066,-18.52938219182397,-84.90585817069474,0.3447274680890529,0
2022-12-17,16776.52,48.35074450197583,-48.39874586834412,-77.60443571022462,0.3447274680890529,0
2022-12-18,16738.21,44.09679274439942,-74.30518469333038,-76.94458550684577,0.3447274680890529,0
2022-12-19,16438.88,41.94114177980271,-117.63364605543028,-85.08239761656267,0.3447274680890529,0
2022-12-20,16895.56,47.31886388590064,-113.80957850658888,-90.82783379456792,0.3447274680890529,0
2022-12-21,16824.67,49.825268228596435,-115.17158166910303,-95.69658336947496,0.3447274680890529,0
2022-12-22,16821.43,43.37938132803693,-115.1846430452133,-99.59419530462264,0.3447274680890529,0
2022-12-23,16778.5,44.14305887392,-117.30684619691964,-103.13672548308205,0.3447274680890529,0
2022-12-24,16836.12,45.21555220576882,-113.03624358134402,-105.11662910273444,0.3447274680890529,0
2022-12-25,16832.11,45.79350349571271,-108.7220535710585,-105.83771399639926,0.3447274680890529,0
2022-12-26,16919.39,45.10885673483682,-97.14048528868808,-104.09826825485705,0.3447274680890529,0
2022-12-27,16706.36,29.590019868561825,-103.95343908126232,-104.0693024201381,0.3447274680890529,0
2022-12-28,16547.31,27.148264065798088,-120.79431810300592,-107.41430555671168,0.3447274680890529,0
2022-12-29,16633.47,34.85914165427393,-125.73900317015068,-111.07924507939948,0.3447274680890529,0
2022-12-30,16607.48,49.27053975321509,-130.2533974174003,-114.91407554699964,0.3447274680890529,0
2022-12-31,16542.4,42.7273856858847,-137.49751373740946,-119.43076318508162,0.3447274680890529,0
2023-01-01,16616.75,46.30964244913834,-135.67512608228935,-122.67963576452316,0.3447274680890529,0
2023-01-02,16672.87,58.34230585483763,-128.2243650866003,-123.7885816289386,0.5052686679342188,0
2023-01-03,16675.18,38.377317891272575,-120.74135444796411,-123.17913619274373,0.3447274680890529,0
2023-01-04,16850.36,51.22060151090428,-99.52815403936984,-118.44893976206896,0.3447274680890529,0
2023-01-05,16831.85,50.48800134879444,-83.25048244814388,-111.40924829928396,0.3447274680890529,0
2023-01-06,16950.65,57.527394205458805,-60.07167442141872,-101.14173352371093,0.5052686679342188,0
2023-01-07,16943.57,54.91559540692624,-41.79184848114892,-89.27175651519852,0.5052686679342188,0
2023-01-08,17127.83,61.61325793276783,-12.294983730440435,-73.8764019582469,0.5052686679342188,0
2023-01-09,17178.26,60.46912282120753,14.97811524780991,-56.10549851703554,0.5052686679342188,0
2023-01-10,17440.66,78.55598419562565,57.10743079775057,-33.46291265407832,0.6584413270302844,0
2023-01-11,17943.26,92.83973804219048,129.55737966681772,-0.8588541898991126,0.6584413270302844,-1
2023-01-12,18846.62,95.23149680968892,256.90662872757457,50.69424239359562,0.8067222026821986,-1
2023-01-13,19930.01,97.41228983952026,440.1782440460847,128.59104272409346,0.8067222026821986,-1
2023-01-14,20954.92,99.4267087841924,660.5100424404081,234.9748426673564,0.9956361034963414,-1
2023-01-15,20871.5,97.56280783496577,818.952903946607,351.77045492320656,0.9956361034963414,-1
2023-01-16,21185.65,97.69573856430198,958.8166512355492,473.1796941856751,0.9956361034963414,-1
2023-01-17,21134.81,96.65538893526912,1053.4142122028352,589.2265977891071,0.9956361034963414,-1
2023-01-18,20677.47,87.80615984621126,1079.0414270666297,687.1895636446117,0.9956361034963414,-1
2023-01-19,21071.59,88.98898309760717,1118.2627329904935,773.4041975137881,0.9956361034963414,-1
2023-01-20,22667.21,91.340946959178,1263.5338674551676,871.430131502064,0.9956361034963414,-1
2023-01-21,22783.55,91.57646536184464,1372.2317207542146,971.590449352494,0.9956361034963414,-1
2023-01-22,22707.88,90.34982551387722,1435.7195349257854,1064.4162664671526,0.9956361034963414,-1
2023-01-23,22916.45,90.56559489758556,1485.7372863715937,1148.680470448041,0.9956361034963414,-1
2023-01-24,22632.89,86.59649360224083,1485.3733333861528,1216.0190430356631,0.9956361034963414,-1
2023-01-25,23060.94,86.45413956297887,1502.3072923475777,1273.276692898046,0.9956361034963414,-1
2023-01-26,23009.65,83.75099517290477,1494.3628181168133,1317.4939179417995,0.9956361034963414,0
2023-01-27,23074.16,80.53527413424396,1476.2548361056215,1349.246101574564,0.9956361034963414,0
2023-01-28,23022.6,74.76239748601215,1441.131205343514,1367.6231223283542,0.9956361034963414,1
2023-01-29,23742.3,79.83380860138176,1454.6015093863823,1385.0187997399598,0.9956361034963414,0
2023-01-30,22826.15,65.15243879911037,1375.4953201392127,1383.1141038198105,0.9956361034963414,1
2023-01-31,23125.13,67.57779795317818,1321.6926326077885,1370.829809577406,0.9956361034963414,1
2023-02-01,23732.66,76.28504813607154,1312.941437161713,1359.2521350942675,0.9956361034963414,0
2023-02-02,23488.94,71.349966880106,1271.6807405910113,1341.7378561936164,0.8067222026821986,0
2023-02-03,23431.9,59.274208219430655,1220.3116963764587,1317.452624230185,0.8067222026821986,0
2023-02-04,23326.84,56.60713286747307,1157.777753514616,1285.5176500870712,0.8067222026821986,0
2023-02-05,22932.91,52.54004266702786,1064.1652597793836,1241.2471720255337,0.6461810028370328,0
2023-02-06,22762.52,48.247397796182135,965.1025338069994,1186.018244381827,0.6461810028370328,0
2023-02-07,23240.46,56.62439896638575,914.6172352952271,1131.738042564507,0.8067222026821986,0
2023-02-08,22963.0,48.89589336363596,842.5066767997341,1073.8917694115523,0.6461810028370328,0
2023-02-09,21796.35,39.07059031243353,683.3424879294762,995.7819131151372,0.6461810028370328,0
2023-02-10,21625.19,37.193734787273705,537.2000323994507,904.065536972,0.6461810028370328,0
2023-02-11,21862.55,40.07328339383235,435.5137207175285,810.3551737211056,0.6461810028370328,0
2023-02-12,21783.54,31.17438556968156,344.57904665656315,717.1999483081972,0.6461810028370328,0
2023-02-13,21773.97,37.75338702919129,268.64368610559177,627.4886958676761,0.6461810028370328,0
2023-02-14,22199.84,39.53928491483688,240.0612391086106,550.0032045158631,0.6461810028370328,0
2023-02-15,24324.05,54.97855833194429,384.384493010024,516.8794622146953,0.9409738011818992,1
2023-02-16,23517.72,50.22131719876102,428.7551962887955,499.2546090295154,0.7804326013367334,0
2023-02-17,24569.97,57.58997704473277,542.5726396406644,507.9182151517453,0.9409738011818992,1
2023-02-18,24631.95,58.75429796447867,630.5069597637485,532.4359640741459,0.9409738011818992,1
2023-02-19,24271.76,59.02145041285002,663.4830002047529,558.6453713002674,0.9409738011818992,1
2023-02-20,24842.2,63.296472567969495,727.2630546789915,592.3689079760122,0.9409738011818992,1
2023-02-21,24452.16,57.83509127684119,737.8309827749981,621.4613229358094,0.9409738011818992,1
2023-02-22,24182.21,57.891316645544784,716.1678952972288,640.4026374080934,0.9409738011818992,1
2023-02-23,23940.2,65.76274526239015,671.7282923411731,646.6677683947094,0.9409738011818992,1
2023-02-24,23185.29,60.563885744002015,569.0351755825395,631.1412498322754,0.9409738011818992,1
2023-02-25,23157.07,59.02107044200821,479.8417060356624,600.8813410729529,0.9409738011818992,1
2023-02-26,23554.85,61.818582151793144,436.2242389429739,567.9499206469571,0.9409738011818992,1
2023-02-27,23492.09,61.382891609049494,392.0732976145955,532.7745960404849,0.9409738011818992,1
2023-02-28,23141.57,56.30207224968179,325.05232309675193,491.2301414517383,0.9409738011818992,1
2023-03-01,23628.97,44.04364860371772,307.71962427967446,454.5280380173256,0.6461810028370328,0
2023-03-02,23465.32,49.495387222896305,277.5783972944482,419.13810987275014,0.6461810028370328,0
2023-03-03,22354.34,28.90209738269951,162.17500410323555,367.7454887188472,0.6272599422406678,0
2023-03-04,22346.57,28.01089939229732,69.29126295225069,308.05464356552795,0.6272599422406678,0
2023-03-05,22430.24,31.28574622467029,2.403986974102736,246.92451224724292,0.6272599422406678,0
2023-03-06,22410.0,22.170987894459856,-51.6425567349761,187.2110984507991,0.6272599422406678,0
2023-03-07,22197.96,23.11243111715453,-110.31306754140678,127.70626525235794,0.49300834374096725,0
2023-03-08,21705.44,21.94714201251796,-194.3122077169137,63.30257065850361,0.49300834374096725,0
2023-03-09,20362.22,17.565377251762285,-365.0605687351381,-22.37005722022472,0.49300834374096725,0
2023-03-10,20150.69,19.484946604187215,-511.55172829374715,-120.20639143492922,0.68192224455511,0
2023-03-11,20455.73,24.268639314780415,-596.1606797622408,-215.39724910039155,0.68192224455511,0
2023-03-12,21997.11,37.81629728816531,-532.6968020835739,-278.857159697028,0.68192224455511,0
2023-03-13,24113.48,53.67846153299717,-308.07653550246687,-284.7010348581158,1.1298877019960418,1
2023-03-14,24670.41,58.834427013870744,-84.15368806140032,-244.59156549877272,1.1298877019960418,1
2023-03-15,24285.66,53.840251973955816,61.551148971473594,-183.36302260472348,1.1298877019960418,1
2023-03-16,24998.78,58.42601180716429,231.89298825396327,-100.31182043298614,1.1298877019960418,1
2023-03-17,27395.13,74.26973508728511,553.8708624695428,30.52471614751965,1.1298877019960418,1
2023-03-18,26907.49,70.98943376776378,760.9207540917814,176.60392373637202,1.1298877019960418,1
2023-03-19,27972.87,73.39351420798191,999.4554469115828,341.1742283714142,1.1298877019960418,1
2023-03-20,27717.01,71.96222851434307,1154.5413122614373,503.8476451494189,1.1298877019960418,1
2023-03-21,28105.47,74.09546806106758,1293.8784282790002,661.8538017753351,1.1298877019960418,1
2023-03-22,27250.97,71.97027383160612,1320.135388939154,793.5101192080989,1.1298877019960418,1
2023-03-23,28295.41,82.19181528597804,1408.9799548245792,916.604086331395,1.1298877019960418,0
2023-03-24,27454.47,78.19739698992214,1395.447236303764,1012.3727163258689,1.1298877019960418,0
2023-03-25,27462.95,77.68645393769856,1369.6186136871256,1083.8218957981203,1.1298877019960418,0
2023-03-26,27968.05,75.69622802608295,1374.0672015095697,1141.8709569404102,1.1298877019960418,0
2023-03-27,27124.91,64.55487579131744,1294.6346455127969,1172.4236946548876,1.1298877019960418,1
2023-03-28,27261.07,63.05207812726716,1228.509256677571,1183.6408070594243,1.1298877019960418,1
2023-03-29,28348.6,69.11593943785229,1249.4560402775787,1196.8038537030552,1.1298877019960418,1
2023-03-30,28028.53,64.802302118907,1226.095873123424,1202.662257587129,1.1298877019960418,1
2023-03-31,28465.36,56.46701383643543,1228.6679829243185,1207.863402654567,1.1298877019960418,1
2023-04-01,28452.73,59.905994215028606,1215.6737329629211,1209.425468716238,1.1298877019960418,1
2023-04-02,28171.87,51.41838916607271,1169.2344347542676,1201.387261923844,0.7804326013367334,0
2023-04-03,27800.0,50.58189513126472,1089.860916958267,1179.0819929307286,0.7804326013367334,0
2023-04-04,28165.47,50.42205846353838,1044.4079224803972,1152.1471788406625,0.7804326013367334,0
2023-04-05,28170.01,57.34285065978912,997.256682676023,1121.1690796077346,0.9409738011818992,1
2023-04-06,28033.82,47.55514681829821,938.0859200637497,1084.5524476989376,0.6461810028370328,0
2023-04-07,27906.33,54.87300382196379,870.8664801816121,1041.8152541954726,0.8067222026821986,0
2023-04-08,27938.38,55.10125688583307,810.833967679293,995.6189968922369,0.8067222026821986,0
2023-04-09,28323.76,53.91732981514071,785.302238879136,953.5556452896168,0.8067222026821986,0
2023-04-10,29637.34,75.07089898516165,861.1364429373716,935.0718048191676,0.8067222026821986,0
2023-04-11,30200.42,77.02815779842837,955.6552473369848,939.1884933227312,0.8067222026821986,0
2023-04-12,29888.07,66.5094511613143,993.9009744610483,950.1309895503946,0.8067222026821986,0
2023-04-13,30373.84,74.28817606962593,1051.2899518435916,970.362782009034,0.8067222026821986,0
2023-04-14,30466.93,72.31728121132386,1091.6982964955168,994.6298849063306,0.8067222026821986,0
2023-04-15,30295.09,69.8377968627519,1097.2082155647404,1015.1455510380126,0.8067222026821986,0
2023-04-16,30304.65,74.38990361963843,1089.7839274786347,1030.073226326137,0.8067222026821986,0
2023-04-17,29430.27,66.72150686083654,1001.7968763857752,1024.4179563380646,0.8067222026821986,0
2023-04-18,30380.01,70.28323661303088,997.2073990180288,1018.9758448740575,0.8067222026821986,0
2023-04-19,28797.1,54.45540333730733,855.9754449661705,986.3757648924802,0.8067222026821986,0
2023-04-20,28243.65,51.40737282803934,691.4190656381761,927.3844250416196,0.6461810028370328,0
2023-04-21,27262.84,46.12728229090308,476.3724543055542,837.1820308944065,0.49790012718511856,0
2023-04-22,27816.85,49.31183075781855,346.654426004432,739.0765099164116,0.6461810028370328,0
2023-04-23,27590.6,45.7722568338404,223.02458131262028,635.8661241956534,0.6461810028370328,0
2023-04-24,27510.93,35.70367262747564,117.2665596160441,532.1462112797316,0.6461810028370328,0
2023-04-25,28300.79,37.60629670563397,96.0801145874866,444.9329919412826,0.6461810028370328,0
2023-04-26,28415.29,40.13654190285354,87.52002102280312,373.4503977575867,0.6461810028370328,0
2023-04-27,29472.77,44.3946227395164,164.17339477101632,331.5949971602726,0.6461810028370328,0
2023-04-28,29311.7,42.87381577762342,209.5096460578352,307.17792693978515,0.6461810028370328,0
2023-04-29,29230.45,43.35840318205751,236.16044525910183,292.9744306036485,0.6461810028370328,0
2023-04-30,29233.21,43.31030676286876,254.56958485828,285.2934614545748,0.6461810028370328,0
2023-05-01,28068.26,41.79384506748637,173.16113770825177,262.8669967053102,0.6461810028370328,0
2023-05-02,28669.86,39.24511072791009,155.39712768805475,241.37302290185912,0.6461810028370328,0
2023-05-03,29026.16,51.703311738915765,168.13134060455923,226.72468644239916,0.6461810028370328,0
2023-05-04,28838.16,54.674915978743435,161.1951103755564,213.6187712290306,0.8067222026821986,0
2023-05-05,29505.61,68.55016004565645,207.1676352915747,212.32854404153943,0.8067222026821986,0
2023-05-06,28848.2,58.3869367574469,188.3821475728801,207.5392647478076,0.8067222026821986,0
2023-05-07,28430.1,56.62024477950917,138.16466121124904,193.66434404049588,0.653549543586133,0
2023-05-08,27668.79,51.12403233248458,36.514668634914415,162.2344089593796,0.49300834374096725,0
2023-05-09,27628.27,44.63931002598562,-46.7741251913867,120.43270212922636,0.49300834374096725,0
2023-05-10,27598.75,43.401931567685665,-113.8507115203538,73.57601939931033,0.49300834374096725,0
2023-05-11,26968.62,28.263983042755925,-215.37292916817387,15.786229685813488,0.49300834374096725,0
2023-05-12,26795.01,28.202587603132557,-306.30796659403495,-48.632609570156205,0.49300834374096725,0
2023-05-13,26775.28,28.50637060330321,-375.6365803425688,-114.03340372463872,0.3447274680890529,0
2023-05-14,26917.62,30.211913580141427,-414.31835373139256,-174.09039372598951,0.49300834374096725,0
2023-05-15,27162.14,40.81114847460929,-420.39714081686543,-223.35174314416471,0.3447274680890529,0
2023-05-16,27033.84,31.64761152641546,-430.6036305183952,-264.80212061901085,0.3447274680890529,0
2023-05-17,27405.61,31.884025568391436,-404.0361380564209,-292.64892410649287,0.3447274680890529,0
2023-05-18,26821.28,29.288730427353244,-425.2299700243166,-319.1651332900576,0.3447274680890529,0
2023-05-19,26880.26,19.190155307857864,-432.28394128093714,-341.78889488823353,0.3447274680890529,0
2023-05-20,27102.43,27.181445783762484,-415.16128125372416,-356.4633721613317,0.3447274680890529,0
2023-05-21,26747.78,27.639903452529083,-425.3060771725286,-370.2319131635711,0.3447274680890529,0
2023-05-22,26849.27,36.79071326795744,-420.31141782489794,-380.2478140958365,0.3447274680890529,0
2023-05-23,27219.61,44.04612049372357,-382.0655574491211,-380.6113627664934,0.3447274680890529,0
2023-05-24,26329.01,35.21136931161716,-418.7918428248049,-388.24745877815576,0.3447274680890529,0
2023-05-25,26473.79,43.50209186339992,-431.2440397108803,-396.8467749647006,0.3447274680890529,0
2023-05-26,26705.92,48.84781422249123,-417.5680795536937,-400.9910358824993,0.3447274680890529,0
2023-05-27,26854.27,50.988672632830614,-390.26049732736647,-398.8449281714728,0.3447274680890529,0
2023-05-28,28065.0,61.33071572186429,-267.8358047303591,-372.64310348325006,0.5052686679342188,0
2023-05-29,27736.4,55.5783510322077,-195.0798683112771,-337.13045644885545,0.5052686679342188,0
2023-05-30,27694.4,56.52608616615161,-139.20464897084094,-297.54529495325255,0.5052686679342188,0
2023-05-31,27210.35,48.11277352509084,-132.45506516884052,-264.52724899637013,0.3447274680890529,0
2023-06-01,26817.93,49.966374172152214,-156.96162982346505,-243.0141251617891,0.3447274680890529,0
2023-06-02,27242.59,53.38818059573927,-140.49718184832818,-222.51073649909696,0.5052686679342188,0
2023-06-03,27069.22,49.6865898980214,-139.82666355614856,-205.9739219105073,0.3447274680890529,0
2023-06-04,27115.21,53.68202488821548,-134.03914451177843,-191.58696643076155,0.5052686679342188,0
2023-06-05,25728.2,41.06721402128754,-238.62192424041496,-200.99395799269223,0.3447274680890529,0
2023-06-06,27230.08,50.07068049042945,-198.03257019030937,-200.40168043221567,0.3447274680890529,0
2023-06-07,26339.34,50.06973406546228,-235.03119513464117,-207.3275833727008,0.3447274680890529,0
2023-06-08,26498.61,50.16722362960168,-248.63500447695696,-215.58906759355204,0.3447274680890529,0
2023-06-09,26477.81,48.41807133831819,-258.1190715744742,-224.0950683897365,0.3447274680890529,0
2023-06-10,25841.21,43.42008178620234,-313.39098657595605,-241.9542520269804,0.3447274680890529,0
2023-06-11,25925.55,33.72232273693531,-346.3958090235428,-262.8425634262929,0.3447274680890529,0
2023-06-12,25905.19,35.38187176797598,-369.9309171061432,-284.260234162263,0.3447274680890529,0
2023-06-13,25934.25,35.92003903656477,-381.8361907650906,-303.7754254828285,0.3447274680890529,0
2023-06-14,25128.6,34.16233652609877,-451.0806508595342,-333.2364705581697,0.3447274680890529,0
2023-06-15,25598.49,40.830754238588085,-462.70738568156594,-359.13065358284894,0.3447274680890529,0
2023-06-16,26345.0,43.56240505947813,-406.9929769446207,-368.7031182552033,0.3447274680890529,0
2023-06-17,26516.99,46.038573390013624,-344.98399030519795,-363.9592926652022,0.3447274680890529,0
2023-06-18,26339.97,44.54142445135417,-306.5912629916311,-352.48568673048806,0.3447274680890529,0
2023-06-19,26844.35,58.97444556475927,-232.7821317574526,-328.544975735881,0.5052686679342188,0
2023-06-20,28307.99,58.72060191739814,-55.54407017218182,-273.94479462314115,0.6584413270302844,0
2023-06-21,29993.89,76.19595120573555,218.43838913448053,-175.46815787161682,0.7926929255299849,0
2023-06-22,29884.92,74.44950332918896,421.914921193722,-55.991542058549065,0.7926929255299849,0
2023-06-23,30688.5,77.31415471679016,640.6289571809466,83.33255778935008,1.1298877019960418,0
2023-06-24,30527.43,82.39758529719204,791.8366040976507,225.03336705101023,0.9816068263441277,0
2023-06-25,30462.66,81.45183763841727,896.1135171623318,359.24939707327457,0.8473552278444271,0
2023-06-26,30267.99,79.52985610049952,952.0706027011876,477.8136381988572,0.8473552278444271,0
2023-06-27,30692.44,80.56984332777812,1018.9210759558335,586.0351257502525,0.8473552278444271,0
2023-06-28,30077.41,82.59282627336876,1010.6229444492928,670.9526894900606,0.8473552278444271,0
2023-06-29,30447.31,82.36050230382762,1022.1121810814984,741.1845878083482,0.8473552278444271,0
2023-06-30,30472.0,80.47978895312599,1021.4352903394174,797.2347283145621,0.8473552278444271,0
2023-07-01,30585.9,80.31084763489707,1018.3507145119838,841.4579255540465,0.8473552278444271,0
2023-07-02,30617.03,82.56935645011941,1006.812192544483,874.5287789521338,0.8473552278444271,0
2023-07-03,31156.2,82.66122495974018,1029.309109036676,905.4848449690425,0.8473552278444271,0
2023-07-04,30766.51,72.24132066322652,1004.118498208205,925.2115756168748,0.8473552278444271,1
2023-07-05,30504.81,56.22660088916624,952.0629655282572,930.5818535991516,0.8473552278444271,1
2023-07-06,29895.43,50.114161451012706,851.8174859011924,914.8289800595596,0.49790012718511856,0
2023-07-07,30344.7,45.95417080507059,799.409460713021,891.745076190252,0.49790012718511856,0
2023-07-08,30284.63,47.07316132329755,744.4470539620306,862.2854717446078,0.49790012718511856,0
2023-07-09,30160.71,46.41131265495118,683.0162560350473,826.4316286026957,0.49790012718511856,0
2023-07-10,30411.57,51.6839621313767,647.1146763938486,790.5682381609263,0.6461810028370328,0
2023-07-11,30622.1,49.131441949600415,628.4065478841476,758.1359001055706,0.6461810028370328,0
2023-07-12,30380.0,54.11540376083627,587.2750335488054,723.9637267942176,0.8067222026821986,0
2023-07-13,31454.23,61.49284122867889,634.0504564080256,705.9810727169793,0.8067222026821986,0
2023-07-14,30312.01,48.545061356778696,572.354956295927,679.2558494327689,0.6461810028370328,0
2023-07-15,30289.52,47.25917185153399,515.701388330086,646.5449572122324,0.6461810028370328,0
2023-07-16,30231.99,46.456574074755785,460.8484631337123,609.4056583965283,0.6461810028370328,0
2023-07-17,30138.0,39.793463486220865,405.1229124740639,568.5491092120354,0.6461810028370328,0
2023-07-18,29859.13,40.69766011367273,334.6004677979945,521.7593809292273,0.6461810028370328,0
2023-07-19,29909.21,43.61703039733876,279.5297152136336,473.31344778610855,0.6461810028370328,0
2023-07-20,29800.0,48.85448351526995,224.48568153399535,423.54789453568594,0.6461810028370328,0
2023-07-21,29901.72,44.198521669434385,186.9161886905822,376.2215533666652,0.6461810028370328,0
2023-07-22,29794.0,43.65368247586967,146.7582534008361,330.3288933734994,0.49790012718511856,0
2023-07-23,30083.75,49.04546920348276,136.73698497267833,291.6105116933352,0.6461810028370328,0
2023-07-24,29176.5,36.8264539677325,54.95408822728132,244.2792270001244,0.49300834374096725,0
2023-07-25,29228.91,34.62116713065478,-5.566233590074262,194.3101348820847,0.3447274680890529,0
2023-07-26,29351.96,38.34559190299555,-43.103052864757046,146.82749733271635,0.3447274680890529,0
2023-07-27,29222.78,17.804511364980755,-82.32599613848288,100.9967986384765,0.3447274680890529,0
2023-07-28,29314.14,29.33682872182257,-104.83005715193212,59.83142748039478,0.3447274680890529,0
2023-07-29,29352.9,30.73496017902984,-118.1748336479177,24.230175254732288,0.3447274680890529,0
2023-07-30,29281.09,30.55546467306843,-133.01185416588123,-7.218230629390417,0.3447274680890529,0
2023-07-31,29232.25,31.1302869571377,-147.0165642108259,-35.177897345677515,0.3447274680890529,0
2023-08-01,29705.99,47.04918917252437,-118.52228787326747,-51.84677545119551,0.3447274680890529,0
2023-08-02,29186.01,38.2014369710061,-136.32691709172286,-68.74280377930098,0.3447274680890529,0
2023-08-03,29193.64,39.76849352051839,-148.1141688487296,-84.61707679318671,0.3447274680890529,0
2023-08-04,29113.99,36.60837841237896,-162.0151305518084,-100.09668754491103,0.49300834374096725,0
2023-08-05,29072.13,37.44691802856781,-174.39913039836028,-114.9571761156009,0.3447274680890529,0
2023-08-06,29088.42,30.87235424569819,-180.81475272374155,-128.12869143722904,0.49300834374096725,0
2023-08-07,29211.06,50.95091349328641,-173.9974226057493,-137.3024376709331,0.49300834374096725,0
2023-08-08,29770.42,61.64963535055821,-122.05202239814024,-134.25235461637453,0.653549543586133,0
2023-08-09,29581.99,54.81328964273314,-94.99460602581894,-126.40080489826342,0.653549543586133,0
2023-08-10,29455.75,54.88081321048024,-82.78364327227973,-117.67737257306668,0.653549543586133,0
2023-08-11,29426.03,52.40628830727541,-74.64407253064928,-109.07071256458322,0.49300834374096725,0
2023-08-12,29430.17,51.686874817166014,-67.08601485523104,-100.6737730227128,0.49300834374096725,0
2023-08-13,29303.84,50.48510565707827,-70.47755354423498,-94.63452912701725,0.49300834374096725,0
2023-08-14,29430.93,54.09970698691759,-62.19334535420421,-88.14629237245464,0.653549543586133,0
2023-08-15,29200.0,38.396268386315526,-73.41587916139542,-85.2002097302428,0.49300834374096725,0
2023-08-16,28730.51,39.30650765330076,-118.8240081651893,-91.9249694172321,0.3447274680890529,0
2023-08-17,26623.41,19.613786776441273,-321.1338071491882,-137.76673696362334,0.3447274680890529,0
2023-08-18,26054.0,17.57818873793974,-521.4020108301047,-214.49379173691963,0.3447274680890529,0
2023-08-19,26100.01,18.536875579588255,-668.6950819666636,-305.3340497828684,0.3447274680890529,0
2023-08-20,26189.99,19.788320300529335,-769.2972877634929,-398.12669737899336,0.3447274680890529,0
2023-08-21,26126.92,17.448335549785696,-844.3809841825096,-487.3775547396966,0.3447274680890529,0
2023-08-22,26056.0,6.289216401575985,-899.2421026397715,-569.7504643197117,0.5336413689031957,1
2023-08-23,26432.72,14.512468589071844,-901.9249492642376,-636.1853613086168,0.5336413689031957,1
2023-08-24,26180.05,14.110413315861706,-913.904559021139,-691.7292008511213,0.5336413689031957,1
2023-08-25,26060.01,13.836567180214471,-922.451266847529,-737.8736140504028,0.5336413689031957,1
2023-08-26,26017.37,13.634813741369072,-922.0366217901684,-774.7062155983559,0.5336413689031957,1
2023-08-27,26101.77,15.572619541680808,-904.4714540467648,-800.6592632880378,0.5336413689031957,0
2023-08-28,26120.0,13.548939693192564,-878.9479584751898,-816.3170023254683,0.5336413689031957,1
2023-08-29,27716.34,37.44155259335505,-721.5910550105655,-797.3718128624877,0.5336413689031957,0
2023-08-30,27299.99,37.781437268956694,-623.2955773102403,-762.5565657520383,0.5336413689031957,0
2023-08-31,25940.78,43.3154001476697,-647.6073759517494,-739.5667277919806,0.5336413689031957,0
2023-09-01,25805.05,47.3359002292228,-670.1024047910869,-725.6738631918018,0.3447274680890529,0
2023-09-02,25869.51,47.54304206567806,-674.9481122316938,-715.5287129997803,0.3447274680890529,0
2023-09-03,25971.21,47.67378064340516,-662.9400697736892,-705.0109843545621,0.3447274680890529,0
2023-09-04,25826.02,46.85553651297917,-657.5592949729908,-695.5206464782478,0.3447274680890529,0
2023-09-05,25792.1,47.22070098576121,-648.5559039471082,-686.12769797202,0.3447274680890529,0
2023-09-06,25759.95,42.3601474439193,-636.6756870015088,-676.2372957779178,0.3447274680890529,0
2023-09-07,26255.0,50.80671027960935,-580.621093246391,-657.1140552716124,0.3447274680890529,0
2023-09-08,25910.5,48.46494875633232,-557.5683933727632,-637.2049228918426,0.3447274680890529,0
2023-09-09,25901.61,48.80317279141131,-533.8622793022842,-616.536394173931,0.3447274680890529,0
2023-09-10,25841.61,47.296600799714035,-513.9915371752468,-596.0274227741942,0.3447274680890529,0
2023-09-11,25162.52,41.25202372555541,-546.7382601563368,-586.1695902506227,0.3447274680890529,0
2023-09-12,25840.1,29.399273576909025,-512.1119233448662,-571.3580568694714,0.3447274680890529,0
2023-09-13,26222.0,38.07366956013779,-448.68203640317734,-546.8228527762126,0.3447274680890529,0
2023-09-14,26522.73,58.407519453088675,-369.88321288586303,-511.43492479814273,0.5052686679342188,0
2023-09-15,26600.0,61.68209191665959,-297.7670609804336,-468.7013520346009,0.5052686679342188,0
2023-09-16,26559.67,60.21460497883551,-241.0896535219872,-423.1790123320782,0.5052686679342188,0
2023-09-17,26527.51,58.4064725153834,-196.5022869545792,-377.8436672565784,0.5052686679342188,0
2023-09-18,26762.51,63.7777065059716,-140.58338395214014,-330.39161059569074,0.5052686679342188,0
2023-09-19,27210.26,68.59930752282028,-59.45223904764134,-276.20373628608087,0.5052686679342188,0
2023-09-20,27125.0,67.65679043644951,-2.011800856962509,-221.3653492002572,0.5052686679342188,0
2023-09-21,26568.08,53.98586334910299,-1.4123487035030848,-177.3747491009064,0.5052686679342188,0
2023-09-22,26580.14,59.31364640299977,0.0354539660584123,-141.89270848751343,0.5052686679342188,0
2023-09-23,26575.96,59.39145960008132,0.8359209696609469,-113.34698259607856,0.5052686679342188,0
2023-09-24,26248.38,55.27203257806892,-24.678196574182948,-95.61322539169944,0.5052686679342188,0
2023-09-25,26304.81,67.65435914872576,-39.88511833560551,-84.46760398048066,0.5052686679342188,0
2023-09-26,26221.67,57.224761522469336,-57.97709272605789,-79.1695017295961,0.5052686679342188,0
2023-09-27,26372.99,53.13240364627637,-59.41989781571465,-75.21958094681982,0.5052686679342188,0
2023-09-28,27021.39,59.04090216839509,-8.148934306864248,-61.805451618828705,0.5052686679342188,0
2023-09-29,26906.96,55.49131293471103,22.985170257699792,-44.84732724352301,0.5052686679342188,0
2023-09-30,26962.56,57.16827448287157,51.55137559736977,-25.567586675344455,0.5052686679342188,0
2023-10-01,27992.57,69.23620302094497,155.51086552904962,10.64810376553436,0.6584413270302844,0
2023-10-02,27494.51,58.990110878034166,195.4571227059605,47.60990755361959,0.5052686679342188,0
2023-10-03,27426.46,52.92839650651238,219.0981262182868,81.90755128655303,0.5052686679342188,0
2023-10-04,27778.57,58.255711430946185,263.2119822325767,118.16843747575776,0.5052686679342188,0
2023-10-05,27410.39,61.17255375310046,265.4040690559377,147.61556379179376,0.5052686679342188,0
2023-10-06,27931.09,65.78880320883363,305.63429013913264,179.21930906126155,0.6584413270302844,0
2023-10-07,27956.67,66.05629839124194,335.71125206882425,210.5176976627741,0.6584413270302844,0
2023-10-08,27917.05,70.79790509094802,352.28948432634206,238.8720549954877,0.6584413270302844,0
2023-10-09,27590.12,65.00783488590955,335.18354681498386,258.1343533593869,0.5052686679342188,0
2023-10-10,27390.12,63.28088947690266,302.0072875475089,266.9089401970113,0.5052686679342188,0
2023-10-11,26875.52,55.27616031850357,231.5221010838468,259.8315723743784,0.5052686679342188,0
2023-10-12,26759.63,46.905734604327456,164.41544956862708,240.74834781322815,0.3447274680890529,0
2023-10-13,26862.0,49.467008084975234,118.13160066560522,216.2249983837036,0.3447274680890529,0
2023-10-14,26852.48,48.680608492623946,79.7636666171893,188.93273203040076,0.3447274680890529,0
2023-10-15,27154.15,37.82527125299135,72.85917507934573,165.71802064018976,0.3447274680890529,0
2023-10-16,28500.78,61.723033190815165,174.04284495619868,167.38298550339155,0.6584413270302844,0
2023-10-17,28395.91,61.19801232249169,242.96870773770937,182.50012995025511,0.6584413270302844,0
2023-10-18,28320.0,56.68024686179047,288.1460793444494,203.629319829094,0.6584413270302844,0
2023-10-19,28713.71,65.97989210397256,351.6648054825564,233.23641695978648,0.6584413270302844,0
2023-10-20,29669.04,69.25650895375871,473.6312740467983,281.31538837718887,0.8067222026821986,0
2023-10-21,29909.8,70.65575816287037,582.997467092322,341.6518041202155,0.8067222026821986,0
2023-10-22,29992.46,71.75094584822413,668.6333452095569,407.0481123380838,0.8067222026821986,0
2023-10-23,33069.99,86.42828178077367,973.6081973503024,520.3601293405276,0.9956361034963414,-1
2023-10-24,33922.73,89.95876043987236,1269.478201764272,670.1837438252765,0.9956361034963414,-1
2023-10-25,34496.05,96.28090189252649,1532.55312600013,842.6576202602472,0.9956361034963414,-1
2023-10-26,34151.66,93.68084042730467,1693.7282589370516,1012.8717479956082,0.9956361034963414,-1
2023-10-27,33892.02,90.7836234783052,1779.991303159004,1166.2956590282874,0.9956361034963414,-1
2023-10-28,34081.0,91.07981914359166,1842.3668357755305,1301.509894377736,0.9956361034963414,-1
2023-10-29,34525.89,91.22269990247564,1905.7307221756491,1422.3540599373189,0.9956361034963414,-1
2023-10-30,34474.73,89.06641345873403,1929.5759240882728,1523.7984327675097,0.9956361034963414,-1
2023-10-31,34639.77,90.51266146383492,1939.4341771641084,1606.9255816468294,0.9956361034963414,-1
2023-11-01,35421.43,92.21106991242073,1987.410709606269,1683.0226072387177,0.9956361034963414,-1
2023-11-02,34941.59,86.64346888775391,1964.0727710967803,1739.2326400103302,0.9956361034963414,-1
2023-11-03,34716.78,82.49302857319415,1905.471904502774,1772.480492908819,0.9956361034963414,0
2023-11-04,35062.07,82.72550003493413,1865.3892665216845,1791.0622476313922,0.9956361034963414,0
2023-11-05,35011.88,82.01373050253328,1808.7237323026347,1794.5945445656407,0.9956361034963414,0
2023-11-06,35046.09,70.60085568454758,1746.444425067737,1784.96452066606,0.9956361034963414,1
2023-11-07,35399.12,67.18151031665673,1705.909532788908,1769.1535230906295,0.9956361034963414,1
2023-11-08,35624.72,64.29155703226094,1672.7074430229986,1749.8643070771036,0.9956361034963414,1
2023-11-09,36701.09,77.23336844196703,1713.496490152007,1742.5907436920843,0.8067222026821986,0
2023-11-10,37301.63,83.94937081931891,1773.833020066173,1748.8391989669024,0.8067222026821986,0
2023-11-11,37130.0,80.4640446339719,1787.1993267503058,1756.5112245235832,0.8067222026821986,0
2023-11-12,37064.13,77.43900857036607,1772.049973562658,1759.6189743313982,0.8067222026821986,0
2023-11-13,36462.93,69.20862252863611,1692.0275461528145,1746.1006886956816,0.8067222026821986,0
2023-11-14,35551.19,57.695230311483705,1537.3181509325295,1704.3441811430514,0.8067222026821986,0
2023-11-15,37858.2,66.36002433086756,1582.622776888922,1679.9999002922257,0.8067222026821986,0
2023-11-16,36163.51,57.053189843665265,1464.8933211352196,1636.9785844608243,0.8067222026821986,0
2023-11-17,36613.92,60.672743924804635,1391.8913450189575,1587.961136572451,0.8067222026821986,0
2023-11-18,36568.1,58.767906607935686,1315.178898260987,1533.4046889101585,0.8067222026821986,0
2023-11-19,37359.86,62.583120040129174,1303.2491021029127,1487.3735715487094,0.8067222026821986,0
2023-11-20,37448.78,62.80125183945173,1286.1438874251835,1447.1276347240043,0.8067222026821986,0
2023-11-21,35741.65,51.59484071148343,1121.9041450147051,1382.0829367821443,0.6461810028370328,0
2023-11-22,37408.34,57.32205343610476,1113.396379365302,1328.3456252987762,0.8067222026821986,0
2023-11-23,37294.28,52.6440454041776,1084.9436697611818,1279.6652341912577,0.6461810028370328,0
2023-11-24,37713.57,51.86630929792992,1083.7352657150914,1240.4792404960244,0.6461810028370328,0
2023-11-25,37780.67,52.97607231818685,1075.7909575226804,1207.5415839013556,0.8067222026821986,0
2023-11-26,37447.43,51.71130434161441,1030.7238105625584,1172.178029233596,0.6461810028370328,0
2023-11-27,37242.7,53.60918076128039,967.3369141059084,1131.2098062080586,0.8067222026821986,0
2023-11-28,37818.87,60.832500558898346,952.6133124477856,1095.490507456004,0.8067222026821986,0
2023-11-29,37854.64,49.978281505848145,933.0751822318998,1063.007442411183,0.6461810028370328,0
2023-11-30,37723.96,61.76495867619051,896.7095795586938,1029.7478698406856,0.8067222026821986,0
2023-12-01,38682.52,64.48615670763819,934.4654227114952,1010.6913804148476,0.8067222026821986,0
2023-12-02,39450.35,68.33042268247112,1014.648428911416,1011.4827901141612,0.8067222026821986,0
2023-12-03,39972.26,67.20477128797381,1107.5407736103734,1030.6943868134038,0.8067222026821986,0
2023-12-04,41991.1,73.85171182524681,1328.7451944017448,1090.304548331072,0.8067222026821986,0
2023-12-05,44073.32,92.09151376818843,1653.0141258547956,1202.8464638358168,0.9956361034963414,-1
2023-12-06,43762.69,87.19896780599065,1863.45361202622,1334.9678934738977,0.9956361034963414,-1
2023-12-07,43273.14,83.52686922700784,1968.0394930776092,1461.58221339464,0.9956361034963414,0
2023-12-08,44170.99,84.3659660162553,2099.1755595072973,1589.1008826171717,0.9956361034963414,0
2023-12-09,43713.6,80.31530744366334,2141.5083117299073,1699.582368439719,0.9956361034963414,0
2023-12-10,43789.51,83.28113651915817,2156.3258433945666,1790.9310634306887,0.9956361034963414,0
2023-12-11,41253.4,66.90934295269078,1941.050737509111,1820.9549982463732,0.9956361034963414,1
2023-12-12,41492.39,65.94099758380312,1769.3323982825095,1810.6304782536008,0.9956361034963414,1
2023-12-13,42869.03,69.49135939908777,1724.4493416430632,1793.3942509314932,0.9956361034963414,1
2023-12-14,43022.26,70.55890035900373,1681.8561851119591,1771.0866377675866,0.9956361034963414,1
2023-12-15,41940.3,62.521196765946215,1543.0088267458486,1725.471075563239,0.9956361034963414,1
2023-12-16,42278.03,61.23972093082418,1443.582562194097,1669.0933728894106,0.9956361034963414,1
2023-12-17,41374.65,55.410275739308034,1277.168906922001,1590.7084796959289,0.9956361034963414,1
2023-12-18,42657.8,52.726847360352885,1234.5927507182569,1519.4853339003946,0.6461810028370328,0
2023-12-19,42275.99,41.461071631163215,1156.708152544743,1446.9298976292644,0.6461810028370328,0
2023-12-20,43668.93,49.596093270748455,1193.6233174795198,1396.2685815993154,0.6461810028370328,0
2023-12-21,43861.8,52.602396471782406,1224.3285513460287,1361.8805755486585,0.6461810028370328,0
2023-12-22,43969.04,49.04010228768889,1242.9876542175552,1338.1019912824377,0.6461810028370328,0
2023-12-23,43702.16,49.9446210803924,1222.1519353366384,1314.911980093278,0.6461810028370328,0
2023-12-24,42991.5,46.36063552175883,1135.2091705685525,1278.9714181883328,0.6461810028370328,0
2023-12-25,43576.13,62.886715763567,1100.7919141768216,1243.3355173860307,0.8067222026821986,0
2023-12-26,42508.93,55.16517755520146,976.1494265288638,1189.8982992145973,0.8067222026821986,0
2023-12-27,43428.85,52.98297028858861,940.754777499511,1140.0695948715802,0.8067222026821986,0
2023-12-28,42563.76,47.729177273744824,833.2930464651217,1078.7142851902886,0.6461810028370328,0
2023-12-29,42066.95,50.66585631803798,699.9715985439834,1002.9657478610276,0.6461810028370328,0
2023-12-30,42140.28,49.25507602821139,593.3902749756453,921.0506532839512,0.6461810028370328,0
2023-12-31,42283.58,55.35557511757836,514.5554456844911,839.7516117640592,0.8067222026821986,0
2024-01-01,44179.55,58.36250432756507,598.1718564029943,791.4356606918464,0.8067222026821986,0
2024-01-02,44946.91,64.08089243162314,718.0804191436691,776.7646123822109,0.8067222026821986,0
2024-01-03,42845.23,45.95945821323388,636.187237027174,748.6491373112035,0.6461810028370328,0
2024-01-04,44151.1,51.27941595302999,668.9478808159329,732.7088860121494,0.6461810028370328,0
2024-01-05,44145.11,50.7856977747711,686.513879444552,723.4698846986299,0.6461810028370328,0
2024-01-06,43968.32,51.19734403397331,678.3499880060699,714.445905360118,0.6461810028370328,0
2024-01-07,43929.02,54.48864528632875,661.088249836248,703.774374255344,0.8067222026821986,0
2024-01-08,46951.04,63.10071789966795,881.1031472834075,739.2401288609567,0.8067222026821986,0
2024-01-09,46110.0,64.22845050009995,976.3469199581596,786.6614870803973,0.8067222026821986,0
2024-01-10,46653.99,63.13323896815093,1083.2368624246085,845.9765621492395,0.8067222026821986,0
2024-01-11,46339.16,66.09528421899887,1129.523320340777,902.6859137875472,0.8067222026821986,0
2024-01-12,42782.73,52.42015431535244,869.2117609264824,895.9910832153341,0.6272599422406678,0
2024-01-13,42847.99,52.39417503448958,660.5643367594239,848.9057339241521,0.6272599422406678,0
2024-01-14,41732.35,48.25030456121283,400.56941085349536,759.2384693100207,0.6272599422406678,0
2024-01-15,42511.1,44.29977553732672,254.42729613115807,658.2762346742483,0.6272599422406678,0
2024-01-16,43137.95,43.75981410803036,187.03416013922833,564.0278197672443,0.6272599422406678,0
2024-01-17,42776.1,49.72899994590189,103.2362996311349,471.8695157400225,0.6272599422406678,0
2024-01-18,41327.5,39.05355677992516,-79.15161158894625,361.6652902742287,0.6272599422406678,0
2024-01-19,41659.03,40.59932480669868,-194.6992729540943,250.3923776285641,0.6272599422406678,0
2024-01-20,41696.04,41.31597251415948,-280.05690766520274,144.30252056981075,0.6272599422406678,0
2024-01-21,41580.33,41.076073501217,-352.97144303526875,44.847727848794854,0.6272599422406678,0
2024-01-22,39568.02,19.616701509489815,-566.6019030199677,-77.44219832495767,0.4789790665887535,0
2024-01-23,39897.6,23.310626773233963,-701.22791123567,-202.19934090710015,0.4789790665887535,0
2024-01-24,40084.88,20.88581171337827,-783.7732121313311,-318.5141151519464,0.5336413689031957,0
2024-01-25,39961.09,21.24557845885562,-849.3885537204478,-424.6890028656466,0.5336413689031957,0
2024-01-26,41823.51,44.89590893708136,-742.5478264330523,-488.26076757912784,0.8161738430548106,1
2024-01-27,42120.63,46.222856454420445,-626.6767400804383,-515.94396207939,0.8161738430548106,1
2024-01-28,42031.06,51.73620758000411,-535.898119831756,-519.9347936298632,0.49300834374096725,0
2024-01-29,43302.7,54.35171726811547,-357.22680060749553,-487.3931950253897,0.653549543586133,0
2024-01-30,42941.1,48.885335350696096,-242.01677214851952,-438.3179104500157,0.49300834374096725,0
2024-01-31,42580.0,48.88948790725384,-177.80017694961862,-386.2143637499363,0.3447274680890529,0
2024-02-01,43082.94,61.13349231315643,-85.34124707071169,-326.0397404140914,0.5052686679342188,0
2024-02-02,43200.0,60.046576339167544,-2.591245062212693,-261.35004134371565,0.5052686679342188,0
2024-02-03,43011.09,58.40714074744627,47.201163862533576,-199.6398003024658,0.5052686679342188,0
2024-02-04,42582.88,56.16306818810526,51.51520317550603,-149.40879960687144,0.5052686679342188,0
2024-02-05,42708.7,75.13734504661407,64.34500374065101,-106.65803893736695,0.5052686679342188,0
2024-02-06,43098.95,75.37648370010669,104.79461952541897,-64.36750724480977,0.5052686679342188,0
2024-02-07,44349.6,78.92873228889118,235.05862483227975,-4.48228082939187,0.6584413270302844,0
2024-02-08,45288.65,82.53932770933044,409.3485591914141,78.28388717476933,0.6584413270302844,0
2024-02-09,47132.77,82.50020812826577,688.34484896918,200.29607953365144,0.8067222026821986,0
2024-02-10,47751.09,83.16233255273735,948.4119723110924,349.9192580891397,0.9956361034963414,0
2024-02-11,48299.99,85.02755188817879,1185.1470464700103,516.9648157653139,0.9956361034963414,-1
2024-02-12,49917.27,85.5843584339067,1486.1310840991357,710.7980694320783,0.9956361034963414,-1
2024-02-13,49699.59,86.93046887038551,1687.6440356991734,906.1672626854972,0.9956361034963414,-1
2024-02-14,51795.17,92.33056830782826,1993.4609176000668,1123.6259936684112,0.9956361034963414,-1
2024-02-15,51880.0,92.02419874152784,2217.110600940083,1342.3229151227456,0.7888124215803755,-1
2024-02-16,52124.11,92.11985225194948,2386.5416565376436,1551.166663405725,0.7888124215803755,-1
2024-02-17,51642.64,89.64420320274988,2453.681866404244,1731.6697040054291,0.7888124215803755,-1
2024-02-18,52137.67,93.6168697600403,2517.811981070052,1888.8981594183535,0.3806220267282387,-1
2024-02-19,51774.73,90.5087572083098,2510.4108802404735,2013.2007035827776,0.3806220267282387,-1
2024-02-20,52258.82,90.58768793119496,2514.6204920664095,2113.484661279504,0.3806220267282387,-1
2024-02-21,51849.39,85.90880058374984,2456.6008945845533,2182.107907940514,0.3806220267282387,-1
2024-02-22,51288.42,79.80585707543655,2338.39874961062,2213.3660762745353,0.3806220267282387,0
2024-02-23,50744.15,70.6013759426805,2175.724262812124,2205.8377135820533,0.3806220267282387,0
2024-02-24,51568.22,71.2756600692258,2089.215941100345,2182.5133590857117,0.3806220267282387,0
2024-02-25,51728.85,69.97616045898693,2010.443826470313,2148.099452562632,0.3806220267282387,0
2024-02-26,54476.47,73.47025344084874,2145.000103310369,2147.4795827121793,-0.03592469123347691,0
2024-02-27,57037.34,80.43216978228938,2430.2631680333725,2204.036299776418,-0.24875645007242297,0
2024-02-28,62432.1,84.63649512962806,3056.415789476938,2374.512197716522,-0.03592469123347691,0
2024-02-29,61130.98,77.91252146773537,3408.367207536976,2581.283199680613,-0.03592469123347691,0
2024-03-01,62387.9,79.18471081124582,3745.537951515216,2814.1341500475337,-0.03592469123347691,0
2024-03-02,61987.28,79.55047436660664,3935.060580540725,3038.319436146172,-0.03592469123347691,0
2024-03-03,63113.97,80.26275158533227,4128.581380141448,3256.371824945227,-0.03592469123347691,0
2024-03-04,68245.71,85.95687178546792,4642.520452419609,3533.601550440104,0.09832690726622367,-1
2024-03-05,63724.01,71.27800660767198,4631.567640644149,3753.194768480913,0.09832690726622367,0
2024-03-06,66074.04,74.62545023701605,4757.671760869707,3954.090166958672,0.09832690726622367,0
2024-03-07,66823.17,76.71939998974895,4862.01246177726,4135.67462592239,0.09832690726622367,0
2024-03-08,68124.19,79.13482183208993,4992.138395972324,4306.967379932377,-0.11450485157272239,0
2024-03-09,68313.27,78.6809573741784,5052.281753008661,4456.030254547634,-0.3447274680890529,0
2024-03-10,68955.88,79.02723301378214,5093.089092532755,4583.442022144659,-0.3447274680890529,0
2024-03-11,72078.1,79.28869018796605,5316.085736404537,4729.970764996635,-0.3447274680890529,0
2024-03-12,71452.01,75.63635277140384,5380.271531615705,4860.030918320449,-0.3447274680890529,0
2024-03-13,73072.41,71.85822804780895,5498.508590181547,4987.726452692669,-0.3447274680890529,0
2024-03-14,71388.94,70.74685741930574,5394.189492588608,5069.019060671857,-0.3447274680890529,0
2024-03-15,69499.85,64.02536257749796,5100.289122764079,5075.273073090301,-0.3447274680890529,0
2024-03-16,65300.63,55.68279073245543,4476.921834465495,4955.60282536534,-0.3447274680890529,0
2024-03-17,68393.48,58.48287120424566,4184.232684551032,4801.328797202479,-0.3447274680890529,0
2024-03-18,67609.99,48.81264381555748,3844.733633369615,4610.009764435907,-0.5052686679342188,0
2024-03-19,61937.4,46.80063134618781,3082.415417961165,4304.490895140959,-0.5052686679342188,0
2024-03-20,67840.51,52.80620390495504,2920.933677479188,4027.779451608605,-0.3447274680890529,0
2024-03-21,65501.27,48.001027084049106,2574.523610976459,3737.128283482176,-0.6941825687483615,0
2024-03-22,63796.64,43.53481181627036,2137.7985319674626,3417.2623331792333,-0.6941825687483615,0
2024-03-23,63990.01,43.54204869806091,1786.6981591602162,3091.14949837543,-0.6941825687483615,0
2024-03-24,67209.99,47.578499157414406,1748.122788337903,2822.544156367925,-0.6941825687483615,0
2024-03-25,69880.01,46.912582467051784,1910.9713406755473,2640.2295932294496,-0.6941825687483615,0
2024-03-26,69988.0,47.91329396555534,2025.3963735249708,2517.262949288554,-0.6941825687483615,0
2024-03-27,69469.99,44.6987467426552,2050.6414405890537,2423.938647548654,-0.6941825687483615,0
2024-03-28,70780.6,49.09484528719625,2151.60129152998,2369.4711763449195,-0.6941825687483615,0
2024-03-29,69850.54,50.53712386855389,2131.988396494751,2321.974620374886,-0.6941825687483615,0
2024-03-30,69582.18,57.455429017796355,2070.9183688005432,2271.7633700600177,-0.5336413689031957,0
2024-03-31,71280.01,55.28295208257608,2134.910701874309,2244.392836422876,-0.5336413689031957,0
2024-04-01,69649.8,53.621048916761715,2030.672436312452,2201.648756400791,-0.5336413689031957,0
2024-04-02,65463.99,56.60924247064101,1591.9519440766744,2079.709393935968,-0.5336413689031957,0
2024-04-03,65963.28,45.58826363393233,1269.9125619081606,1917.7500275304064,-0.6941825687483615,0
2024-04-04,68487.79,56.95812061873155,1204.515979731601,1775.1032179706451,-0.5336413689031957,0
2024-04-05,67820.62,59.8514827730397,1086.3311249809483,1637.348799372706,-0.5336413689031957,0
2024-04-06,68896.0,61.51358140700663,1067.1416105753742,1523.3073616132397,-0.5336413689031957,0
2024-04-07,69360.39,55.79633890469032,1076.9912889120317,1434.0441470729982,-0.5336413689031957,0
2024-04-08,71620.0,54.79620689522103,1252.688657535764,1397.7730491655514,-0.5336413689031957,0
2024-04-09,69146.0,47.94686626442802,1178.711511499816,1353.9607416324045,-0.8284341672480621,0
2024-04-10,70631.08,52.70369140534949,1225.7875194602675,1328.326097197977,-0.8284341672480621,0
2024-04-11,70006.23,48.137329186421,1198.8557590935525,1302.4320295770922,-0.8284341672480621,0
2024-04-12,67116.52,43.990160993924285,933.5750265088864,1228.660628963451,-0.8284341672480621,0
2024-04-13,63924.51,38.97993170976848,460.46168871167174,1075.0208409130953,-0.9816068263441277,-1
2024-04-14,65661.84,39.073683309768626,223.13184640659892,904.643042011796,-0.9816068263441277,-1
2024-04-15,63419.99,38.16569969442638,-144.19018783705542,694.8763960420258,-0.9816068263441277,-1
2024-04-16,63793.39,46.28897069473064,-400.54801879334264,475.79151307495215,-0.9816068263441277,-1
2024-04-17,61277.37,40.4467874208318,-797.5416696133034,221.12487653730105,-0.8473552278444271,-1
2024-04-18,63470.08,39.6300495463453,-924.5707502316365,-8.01424881648643,-0.8473552278444271,-1
2024-04-19,63818.01,41.61731437233475,-985.803440172138,-203.57208708761675,-0.8473552278444271,-1
2024-04-20,64940.59,41.732510585678874,-932.99300134863,-349.45626993981944,-0.8473552278444271,-1
2024-04-21,64941.15,40.58038234025248,-880.9402301752416,-455.7530619869039,-0.8473552278444271,-1
2024-04-22,66819.32,39.59820074362331,-680.2934125302781,-500.6611320955788,-0.9816068263441277,-1
2024-04-23,66414.0,43.4975665856798,-547.6720777653536,-510.0633212295338,-0.9816068263441277,-1
2024-04-24,64289.59,35.352395383161976,-606.9938003539137,-529.4494170544098,-0.9816068263441277,-1
2024-04-25,64498.34,37.02850817799654,-629.901203517562,-549.5397743470402,-0.9816068263441277,-1
2024-04-26,63770.01,41.225431149534565,-698.7706367253486,-579.3859468227018,-0.9816068263441277,-1
2024-04-27,63461.98,48.57114966028005,-769.3371654582224,-617.376190549806,-0.9816068263441277,-1
2024-04-28,63118.62,41.40305663688816,-843.2474980499828,-662.5504520498414,-1.1298877019960418,-1
2024-04-29,63866.0,51.677113924621814,-831.9247387067735,-696.4253093812279,-1.1298877019960418,-1
2024-04-30,60672.0,40.31679752816029,-1068.3650299483415,-770.8132534946507,-1.1298877019960418,-1
2024-05-01,58364.97,40.84643738968203,-1425.4717535142554,-901.7449534985716,-1.1298877019960418,-1
2024-05-02,59060.61,34.70154716826643,-1633.5188816241423,-1048.099739123686,-1.1298877019960418,-1
2024-05-03,62882.01,47.38327622762366,-1473.0621428883096,-1133.092219876611,-1.1298877019960418,-1
2024-05-04,63892.04,47.05006242822443,-1249.9889470936978,-1156.4715653200285,-1.1298877019960418,-1
2024-05-05,64012.0,47.403420894811646,-1051.4021532706463,-1135.457682910152,-1.1298877019960418,-1
2024-05-06,63165.19,39.163604767369776,-951.3842133435246,-1098.6429889968267,-1.1298877019960418,-1
2024-05-07,62312.08,38.15038386340841,-930.2349531345972,-1064.9613818243809,-1.1298877019960418,-1
2024-05-08,61193.03,40.5030276859058,-992.3329976645329,-1050.4357049924113,-1.1298877019960418,-1
2024-05-09,63074.01,46.03804928036603,-879.6269869952303,-1016.2739613929753,-1.1298877019960418,-1
2024-05-10,60799.99,42.39267857874676,-962.7036226589262,-1005.5598936461654,-1.1298877019960418,-1
2024-05-11,60825.99,43.14927617514008,-1014.7470993452008,-1007.3973347859724,-1.1298877019960418,-1
2024-05-12,61483.99,45.820089692795264,-991.4678050185394,-1004.211428832486,-1.1298877019960418,-1
2024-05-13,62940.08,47.71514530562449,-845.7749356171043,-972.5241301894096,-1.1298877019960418,-1
2024-05-14,61577.49,52.456470749092134,-830.6862779878647,-944.1565597491008,-1.1298877019960418,-1
2024-05-15,66206.5,68.89280377628151,-440.1324148539789,-843.3517307700764,-0.8350949036511756,0
2024-05-16,65235.21,64.6816153819084,-206.60899029206485,-716.0031826744741,-0.8350949036511756,0
2024-05-17,67024.0,60.902423860520216,121.40097470991168,-548.522351197597,-0.8350949036511756,0
2024-05-18,66915.2,58.35380916853185,368.3261498572174,-365.15265098663417,-0.8350949036511756,0
2024-05-19,66274.01,56.07553397046474,506.4395360853742,-190.83421357223253,-0.8350949036511756,0
2024-05-20,71446.62,68.04899237322006,1021.5064963942132,51.6339284210566,-0.68192224455511,0
2024-05-21,70148.34,66.75366768291377,1309.841391264163,303.2754209896778,-0.5336413689031957,0
2024-05-22,69166.62,67.14797003101587,1442.503985350144,531.121133861771,-0.68192224455511,0
2024-05-23,67969.65,60.84768866971319,1434.518337008958,711.8005744912084,-0.68192224455511,0
2024-05-24,68549.99,68.56582699619771,1458.2089163768687,861.0822428683405,-0.49300834374096725,0
2024-05-25,69290.57,69.60640703855137,1519.229753016945,992.7117448980616,-0.49300834374096725,0
2024-05-26,68507.67,66.17527575679969,1487.2713799797784,1091.623671914405,-0.49300834374096725,0
2024-05-27,69436.43,65.33327542753125,1519.3729238397937,1177.1735222994828,-0.49300834374096725,0
2024-05-28,68398.39,66.34979730844016,1444.402305224823,1230.619278884551,-0.49300834374096725,0
2024-05-29,67652.42,54.258657983157626,1309.6966375894408,1246.434750625529,-0.8350949036511756,0
2024-05-30,68352.17,59.329589875903174,1245.0532041133993,1246.158441323103,-0.8161738430548106,0
2024-05-31,67540.01,51.64041106124271,1115.43030661378,1220.0128143812385,-1.1298877019960418,-1
2024-06-01,67766.85,52.68725258123289,1019.2579475287494,1179.8618410107408,-0.9767150428999763,-1
2024-06-02,67765.63,54.904663510923896,932.1964360230486,1130.3287600132026,-0.8161738430548106,0
2024-06-03,68809.9,38.099081044972834,936.6661186208948,1091.5962317347412,-0.9767150428999763,-1
2024-06-04,70537.84,51.69238042104861,1067.3351164554188,1086.7440086788768,-0.9767150428999763,-1
2024-06-05,71108.0,58.74818626699952,1203.0305977621902,1110.0013264955394,-0.8161738430548106,0
2024-06-06,70799.06,63.85896372112888,1270.9901845665008,1142.1990981097315,-0.8161738430548106,0
2024-06-07,69355.6,53.638382836584626,1194.6028501873516,1152.6798485252557,-0.8161738430548106,0
2024-06-08,69310.46,50.09585034046387,1117.540604161666,1145.6519996525378,-0.9767150428999763,-1
2024-06-09,69648.14,55.74235700122757,1071.3661310171883,1130.794825925468,-0.8161738430548106,0
2024-06-10,69540.0,50.56845936917864,1014.3536961488136,1107.5065999701371,-0.9767150428999763,-1
2024-06-11,67314.24,44.73582243336447,780.5727435180597,1042.1198286797216,-1.1298877019960418,-1
2024-06-12,68263.99,52.91190253313669,664.2791453769314,966.5516920191636,-0.8161738430548106,0
2024-06-13,66773.01,43.00788846343216,446.6572192506719,862.5727974654653,-1.1298877019960418,-1
2024-06-14,66043.99,43.32688035827397,212.9101578212576,732.6402695366238,-1.1298877019960418,-1
2024-06-15,66228.25,43.11077917239794,42.04747256662813,594.5217101426247,-1.1298877019960418,-1
2024-06-16,66676.87,45.31277445041031,-56.511126679208246,464.3151427782581,-1.1298877019960418,-1
2024-06-17,66504.33,39.2688219288259,-146.8492756418418,342.08225909423817,-1.1298877019960418,-1
2024-06-18,65175.32,24.07772640876452,-321.97142339727725,209.2715225959351,-1.1298877019960418,0
2024-06-19,64974.37,19.25267563977232,-471.5363947339065,73.10993912996678,-1.1298877019960418,0
2024-06-20,64869.99,19.6557925584127,-591.6699033909827,-59.846029374223114,-1.1298877019960418,0
2024-06-21,64143.56,21.212660146299413,-736.9977531548939,-195.27637413035728,-1.1298877019960418,0
2024-06-22,64262.01,22.340200548544345,-833.0107664667448,-322.8232525976348,-1.1298877019960418,0
2024-06-23,63210.01,17.28688890266443,-982.6618650276796,-454.7909750836438,-1.1298877019960418,0
2024-06-24,60293.3,13.448484685576387,-1321.383473700473,-628.1094748070096,-1.1298877019960418,1
2024-06-25,61806.01,26.92561292446844,-1451.033127518749,-792.6942053493575,-1.1298877019960418,-1
2024-06-26,60864.99,18.982349409914193,-1611.141624071308,-956.3836890937476,-1.1298877019960418,0
2024-06-27,61706.47,27.53711345873849,-1651.095555853848,-1095.3260624457678,-1.1298877019960418,-1
2024-06-28,60427.84,26.257462677102467,-1765.581564448672,-1229.3771628463487,-1.1298877019960418,-1
2024-06-29,60986.68,28.52127191382891,-1790.5781630406418,-1341.6173628852075,-1.1298877019960418,-1
2024-06-30,62772.01,35.578661710915895,-1647.337456375768,-1402.7613815833197,-1.1298877019960418,-1
2024-07-01,62899.99,36.64457770610765,-1506.129524300719,-1423.4350101267996,-1.1298877019960418,-1
2024-07-02,62135.47,38.24445470527319,-1439.320010289768,-1426.612010159393,-1.1298877019960418,-1
2024-07-03,60208.58,33.74046509914115,-1524.2858895086538,-1446.1467860292455,-1.1298877019960418,-1
2024-07-04,57050.01,27.92158585532337,-1825.44951693646,-1522.0073322106884,-1.1298877019960418,-1
2024-07-05,56628.79,28.411230525701924,-2074.202677833615,-1632.4464013352738,-1.1298877019960418,-1
2024-07-06,58230.13,34.031864899265315,-2117.7148958831312,-1729.5001002448453,-1.1298877019960418,-1
2024-07-07,55857.81,31.808293529748255,-2316.9170622081656,-1846.9834926375097,-1.1298877019960418,-1
2024-07-08,56714.62,40.14010621755092,-2378.2340066256875,-1953.2335954351452,-1.1298877019960418,-1
2024-07-09,58050.0,39.54941283771639,-2292.645925965626,-2021.1160615412416,-1.1298877019960418,-1
2024-07-10,57725.85,40.955290760459306,-2225.320837973086,-2061.9570168276105,-1.1298877019960418,-1
2024-07-11,57339.89,37.07954934151736,-2178.0023121900667,-2085.166075900102,-1.1298877019960418,-1
2024-07-12,57889.1,42.14912682174992,-2072.2972300274123,-2082.5923067255644,-1.1298877019960418,-1
2024-07-13,59204.02,44.73352398284153,-1860.9700319794429,-2038.26785177634,-1.1298877019960418,-1
2024-07-14,60797.91,44.101233717958834,-1547.0447339990642,-1940.0232282208851,-1.1298877019960418,-1
2024-07-15,64724.14,54.44233981007637,-970.258193028698,-1746.0702211824478,-0.9693465021508761,-1
2024-07-16,65043.99,57.23990055130896,-481.7877328037211,-1493.2137235067023,-0.9693465021508761,-1
2024-07-17,64087.99,60.14710305845672,-169.85460604280524,-1228.5419000139232,-0.9693465021508761,-1
2024-07-18,63987.92,71.60353358430874,68.4903178415916,-969.1354564428202,-0.7804326013367334,0
2024-07-19,66660.0,77.39538709682705,467.604656294141,-681.787433895428,-0.7804326013367334,0
2024-07-20,67139.96,75.92051588338282,813.259654725116,-382.7780161713192,-0.6272599422406678,0
2024-07-21,68165.34,88.84979630540363,1156.6007542966836,-74.90226207771866,-0.6272599422406678,-1
2024-07-22,67532.01,84.63468876649625,1361.8975046242997,212.45769126268496,-0.6272599422406678,0
2024-07-23,65936.01,74.83465106509213,1379.9060981331204,445.94737263677206,-0.7804326013367334,0
2024-07-24,65376.0,73.73922368985329,1333.616807028826,623.4812595151828,-0.7804326013367334,0
2024-07-25,65799.95,76.19070911306382,1315.9717293029098,761.9793534727282,-0.7804326013367334,0
2024-07-26,67907.99,78.28643156776708,1455.3131444258834,900.6461116633593,-0.6272599422406678,0
2024-07-27,67896.5,76.49131917777827,1546.982422434754,1029.9133738176383,-0.6272599422406678,0
2024-07-28,68249.88,74.56838657054669,1629.3635100777756,1149.8034010696658,-0.6272599422406678,0
2024-07-29,66784.69,58.109381309165954,1558.457598572124,1231.5342405701576,-0.6272599422406678,0
2024-07-30,66188.0,54.40628521819781,1437.5451311694414,1272.7364186900145,-0.7804326013367334,0
2024-07-31,64628.0,51.98743961423775,1201.9864158976052,1258.5864181315328,-1.1298877019960418,-1
2024-08-01,65354.02,54.806312062326896,1061.6501413581643,1219.199162776859,-0.9693465021508761,-1
2024-08-02,61498.33,33.236029835409,632.0250813473904,1101.7643464909656,-1.1298877019960418,-1
2024-08-03,60697.99,29.504419519315604,224.37689950023923,926.2868570928204,-1.1298877019960418,-1
2024-08-04,58161.0,20.963399569980385,-299.9435495196158,681.0407757703332,-1.1298877019960418,0
2024-08-05,54018.81,17.41605653554838,-1037.7488751104463,337.2828455941773,-0.9409738011818992,0
2024-08-06,56022.01,26.555087739876427,-1444.1758524239413,-19.008894009446415,-0.8067222026821986,0
2024-08-07,55134.16,26.14961934738082,-1816.969343453893,-378.60098389833576,-0.8067222026821986,0
2024-08-08,61685.99,42.54687686828098,-1565.6847071559532,-616.0177285498593,-0.8067222026821986,0
2024-08-09,60837.99,36.578766127311496,-1418.6134427384095,-776.5368713875694,-0.8067222026821986,0
2024-08-10,60923.51,36.8000245334759,-1280.3980254000126,-877.3091021900581,-0.8067222026821986,0
2024-08-11,58712.59,33.13203937824787,-1333.887849133178,-968.624851578682,-0.8067222026821986,0
2024-08-12,59346.64,36.44635119932039,-1310.015342381288,-1036.9029497392032,-0.8067222026821986,0
2024-08-13,60587.15,40.02808093548044,-1177.4247990015283,-1065.0073195916682,-0.8067222026821986,0
2024-08-14,58683.39,39.544029996971176,-1211.9922673051187,-1094.4043091343583,-0.8067222026821986,0
2024-08-15,57541.06,36.456139718297365,-1316.3892038129998,-1138.801288070087,-0.8067222026821986,0
2024-08-16,58874.6,45.01590553257224,-1276.8008298084897,-1166.401196417767,-0.8067222026821986,0
2024-08-17,59491.99,47.693021063521115,-1181.9833763313582,-1169.5176324004856,-0.8067222026821986,0
2024-08-18,58427.35,50.53991915098398,-1179.1548486631582,-1171.4450756530202,-0.8067222026821986,0
2024-08-19,59438.5,62.583626697203435,-1082.8395651776664,-1153.7239735579494,-0.8350949036511756,0
2024-08-20,59013.8,57.495894757466225,-1028.9180232425642,-1128.7627834948726,-0.8350949036511756,0
2024-08-21,61156.03,64.19544594982594,-804.0560969601574,-1063.8214461879295,-0.8350949036511756,0
2024-08-22,60375.84,45.75699222679292,-680.956569565562,-987.248470863456,-0.9956361034963414,-1
2024-08-23,64037.24,58.763949588901795,-284.67338919013855,-846.7334545287927,-0.68192224455511,0
2024-08-24,64157.01,58.84118298774291,38.603329214427504,-669.6660977801487,-0.68192224455511,0
2024-08-25,64220.0,67.06279645447421,296.4677287711165,-476.4393324698957,-0.68192224455511,0
2024-08-26,62834.0,60.323375131730074,384.55558906457736,-304.24034816300104,-0.8350949036511756,0
2024-08-27,59415.0,46.926570696346815,176.44715380657726,-208.1028477690854,-0.9956361034963414,-1
2024-08-28,59034.9,51.0017138365945,-18.93292685203778,-170.2688635856759,-1.1298877019960418,-1
2024-08-29,59359.01,55.43411005182575,-145.9377999965145,-165.40265086784362,-0.9693465021508761,-1
2024-08-30,59123.99,50.79785957748218,-262.5279678447987,-184.82771426323464,-1.1298877019960418,-1
2024-08-31,58973.99,48.29170321806178,-362.84758119778417,-220.43168765014457,-1.1298877019960418,-1
2024-09-01,57301.86,46.43127342047171,-570.699841446447,-290.48531840940507,-1.1298877019960418,-1
2024-09-02,59132.13,49.07652621698574,-581.0389075507046,-348.596036237665,-1.1298877019960418,-1
2024-09-03,57487.73,45.715118424089475,-713.6949974323798,-421.61582847660793,-1.1298877019960418,-1
2024-09-04,57970.9,40.13803096872475,-770.9510792777655,-491.4828786368395,-1.1298877019960418,-1
2024-09-05,56180.0,37.773831738664725,-949.8878832389382,-583.1638795572593,-1.1298877019960418,-1
2024-09-06,53962.97,17.946737139108194,-1256.112696789838,-717.7536430037751,-1.1298877019960418,0
2024-09-07,54160.86,18.352612959784068,-1465.9316510329736,-867.3892446096148,-1.1298877019960418,0
2024-09-08,54869.95,21.561568722394313,-1557.048362750145,-1005.321068237721,-0.9409738011818992,0
2024-09-09,57042.0,33.187384035910256,-1437.4230130955038,-1091.7414572092775,-0.9409738011818992,-1
2024-09-10,57635.99,43.82294628875393,-1279.934741849327,-1129.3801141372876,-0.9409738011818992,-1
2024-09-11,57338.0,44.07425876726143,-1165.7316262934985,-1136.65041656853,-0.9409738011818992,-1
2024-09-12,58132.32,45.8524842357953,-999.6070015555306,-1109.2417335659302,-1.1298877019960418,-1
2024-09-13,60498.0,54.0605748242647,-669.3456345778541,-1021.262513768315,-0.9693465021508761,-1
2024-09-14,59993.03,52.949655780866834,-443.2484879762269,-905.6597086098974,-0.9693465021508761,-1
2024-09-15,59132.0,55.5584172296538,-329.7417379267863,-790.4761144732752,-0.9693465021508761,-1
2024-09-16,58213.99,47.04788007089153,-310.28577435042826,-694.4380464487058,-1.1298877019960418,-1
2024-09-17,60313.99,58.82868552778561,-123.9851103022811,-580.3474592194209,-0.9693465021508761,-1
2024-09-18,61759.99,61.16477448516259,138.74031150527298,-436.52990507448214,-0.9693465021508761,-1
2024-09-19,62947.99,70.67691959880362,437.76746179317706,-261.6704317009503,-0.8161738430548106,0
2024-09-20,63201.05,82.07203403952762,687.246312169249,-71.88708292691044,-0.8161738430548106,0
2024-09-21,63348.96,82.0096013823761,886.6741714420205,119.82516794687574,-0.8161738430548106,0
2024-09-22,63578.76,81.38805332156932,1051.148144701976,306.0897632978958,-0.6272599422406678,0
2024-09-23,63339.99,76.3745306557293,1148.9834440400955,474.6684994463357,-0.6272599422406678,0
2024-09-24,64262.7,77.00756016546775,1286.1476991450036,636.9643393860694,-0.6272599422406678,0
2024-09-25,63152.01,72.22319479854292,1290.3535662597278,767.6421847608011,-0.6272599422406678,0
2024-09-26,65173.99,74.60640830940251,1440.2414272042006,902.162033249481,-0.6272599422406678,0
2024-09-27,65769.95,71.02239512428929,1588.8028974347326,1039.490206086531,-0.6272599422406678,0
2024-09-28,65858.0,74.19148867717047,1694.1151274166623,1170.4151903525576,-0.8161738430548106,0
2024-09-29,65602.01,78.0891261820641,1736.897699312285,1283.711692144503,-0.8161738430548106,0
2024-09-30,63327.59,69.86120152190495,1569.1878886970298,1340.8069314550085,-0.8161738430548106,0
2024-10-01,60805.78,51.84950903148893,1218.7388018765705,1316.3933055393209,-1.1298877019960418,-1
2024-10-02,60649.28,45.374219638253656,917.7973372522538,1236.6741118819075,-1.1298877019960418,-1
2024-10-03,60752.71,39.949345669109654,679.8085847716429,1125.3010064598543,-1.1298877019960418,-1
2024-10-04,62086.0,45.35446547085275,591.9623703236284,1018.6332792326092,-0.9816068263441277,-1
2024-10-05,62058.0,44.56730688302726,514.1573604817459,917.7380954824366,-0.9816068263441277,-1
2024-10-06,62819.91,46.9434511270382,508.1188215972943,835.8142407054082,-0.8284341672480621,0
2024-10-07,62224.0,45.63064526864334,450.06026467531774,758.6634454993901,-1.1298877019960418,-1
2024-10-08,62160.49,41.17567550550102,394.3775746119354,685.8062713218992,-1.1298877019960418,-1
2024-10-09,60636.02,39.79333448544164,224.64706160374044,593.5744293782675,-1.1298877019960418,-1
2024-10-10,60326.39,27.16171293748731,64.40740541095147,487.74102458480434,-1.1298877019960418,-1
2024-10-11,62540.0,36.795543610947384,114.71380120963296,413.13557990977006,-0.9767150428999763,-1
2024-10-12,63206.22,39.64852014646296,205.96611927174672,371.70168778216544,-0.9767150428999763,-1
2024-10-13,62870.02,39.40178029018747,248.29353519764845,347.02005726526204,-0.9767150428999763,-1
2024-10-14,66083.99,59.96640262183932,535.011555821111,384.6183569764318,-0.6678929674028963,0
2024-10-15,67074.14,75.48776917572047,832.5375086648928,474.2021873141241,-0.6678929674028963,0
2024-10-16,67620.01,77.47373714840644,1099.6994659223856,599.3016430357764,-0.6678929674028963,0
2024-10-17,67421.78,76.08984294619265,1280.6689826805668,735.5751109647344,-0.6678929674028963,0
2024-10-18,68428.0,75.46190350010838,1488.1279603950316,886.0856808507939,-0.6678929674028963,0
2024-10-19,68378.0,75.32883399193643,1629.7197183149765,1034.8124883436303,-0.6678929674028963,0
2024-10-20,69031.99,75.11355936862768,1774.251269752931,1182.7002446254908,-0.6678929674028963,0
2024-10-21,67377.5,69.19143846227178,1735.286744301142,1293.217544560621,-0.6678929674028963,0
2024-10-22,67426.0,69.63050504975189,1688.8525805505924,1372.3445517586154,-0.8161738430548106,0
2024-10-23,66668.65,73.8548910468878,1572.8109698565677,1412.4378353782058,-0.8161738430548106,0
2024-10-24,68198.28,78.38879780849263,1585.9931726477807,1447.148902832121,-0.8161738430548106,0
2024-10-25,66698.33,65.81021491517225,1458.5929819839366,1449.4377186624845,-0.8161738430548106,0
2024-10-26,67092.76,65.08869491217469,1373.6203769682909,1434.2742503236457,-0.6678929674028963,0
2024-10-27,68021.7,69.12034988850718,1365.4960809934273,1420.518616457602,-0.6678929674028963,0
2024-10-28,69962.21,65.89661148393294,1498.368201457648,1436.0885334576112,-0.6678929674028963,0
2024-10-29,72736.42,70.24799890146984,1806.699370465707,1510.2107008592304,-0.6678929674028963,0
2024-10-30,72344.74,67.0837633143455,1996.4350798541857,1607.4555766582216,-0.6678929674028963,0
2024-10-31,70292.01,59.150984241801254,1958.5864751886984,1677.6817563643172,-0.6678929674028963,0
2024-11-01,69496.01,53.45133692811914,1843.1143607050328,1710.7682772324604,-0.6678929674028963,0
2024-11-02,69374.74,53.20625488944705,1721.966642967629,1713.007950379494,-0.6678929674028963,0
2024-11-03,68775.99,49.1735771969288,1559.663255646679,1682.339011432931,-0.8284341672480621,0
2024-11-04,67850.01,51.60065122260063,1340.861191441989,1614.043447434743,-0.8284341672480621,0
2024-11-05,69372.01,55.99383494430934,1275.5677087580552,1546.3482996994055,-0.6678929674028963,0
2024-11-06,75571.99,70.53726553626444,1704.4607612562977,1577.970792010784,-0.6678929674028963,0
2024-11-07,75857.89,68.74384859680711,2043.8708649371983,1671.150806596067,-0.6678929674028963,0
2024-11-08,76509.78,75.04931253500895,2338.501107251999,1804.6208667272535,-0.6678929674028963,0
2024-11-09,76677.46,74.7570453239878,2556.0633642535977,1954.9093662325224,-0.6678929674028963,0
2024-11-10,80370.01,77.9106673122033,2991.95158994713,2162.317810975444,-0.4789790665887535,0
2024-11-11,88647.99,82.82975972113877,3959.714825576564,2521.797213895668,-0.3447274680890529,0
2024-11-12,87952.01,78.83884873487366,4617.289157473395,2940.8956026112132,-0.3447274680890529,0
2024-11-13,90375.2,81.73049442697908,5273.166948475497,3407.3498717840703,-0.3447274680890529,0
2024-11-14,87325.59,78.96004455815203,5483.6645118136075,3822.612799789978,-0.3447274680890529,0
2024-11-15,91032.07,83.31770796590513,5881.765970134758,4234.443433858934,-0.3447274680890529,0
2024-11-16,90586.92,82.49104252289604,6091.1296087608935,4605.780668839327,-0.3447274680890529,0
2024-11-17,89855.99,82.1583631576217,6127.438560861032,4910.112247243668,-0.3447274680890529,0
2024-11-18,90464.08,84.83652885427394,6134.56598987554,5155.002995770043,-0.3447274680890529,0
2024-11-19,92310.79,84.98672447053453,6217.556471412536,5367.513690898541,-0.3447274680890529,0
2024-11-20,94286.56,82.7660007332469,6369.333441603492,5567.877641039532,-0.3447274680890529,0
2024-11-21,98317.12,84.76384386753125,6737.188179598088,5801.7397487512435,-0.3447274680890529,0
2024-11-22,98892.0,84.72743375134517,6994.475758601271,6040.286950721249,-0.3447274680890529,0
2024-11-23,97672.4,81.54526724980373,7019.055192195199,6236.04059901604,-0.3447274680890529,0
2024-11-24,97900.04,79.40040056929003,6976.482666467418,6384.129012506316,-0.3447274680890529,0
2024-11-25,93010.01,58.25370431060122,6473.536184299301,6402.010446864913,-0.3447274680890529,0
2024-11-26,91965.16,57.49463368428995,5922.367445457625,6306.081846583455,-0.3447274680890529,0
2024-11-27,95863.11,59.71371677891551,5733.996297414065,6191.664736749578,-0.3447274680890529,0
2024-11-28,95643.98,66.36333557192468,5503.586921625931,6054.0491737248485,-0.3447274680890529,0
2024-11-29,97460.0,63.66057148054749,5405.215508440058,5924.282440667891,-0.3447274680890529,0
2024-11-30,96407.99,62.05980980493634,5182.624965249532,5775.95094558422,-0.5336413689031957,0
2024-12-01,97185.18,65.15521022579001,5011.167474541857,5622.994251375748,-0.6678929674028963,0
2024-12-02,95840.62,60.788942444686136,4712.469013451322,5440.889203790863,-0.6678929674028963,0
2024-12-03,95849.69,57.666840271308544,4425.466184808291,5237.804599994349,-0.6678929674028963,0
2024-12-04,98587.32,59.01962659472376,4368.560194449121,5063.955718885303,-0.6678929674028963,0
2024-12-05,96945.63,46.80338892190798,4143.230541666882,4879.810683441619,-0.8284341672480621,0
2024-12-06,99740.84,51.79287597718541,4142.453628043557,4732.339272362007,-0.8284341672480621,0
2024-12-07,99831.99,54.78969470101532,4101.908711352429,4606.253160160092,-0.6678929674028963,0
2024-12-08,101109.59,56.8015973491667,4125.3141616787325,4510.06536046382,-0.6678929674028963,0
2024-12-09,97276.47,59.46538120563445,3790.863683596166,4366.22502509029,-0.6678929674028963,0
2024-12-10,96593.0,60.4344375400211,3431.1072841457644,4179.201476901385,-0.6678929674028963,0
2024-12-11,101125.0,61.53424945801923,3471.672985041936,4037.6957785294953,-0.6678929674028963,0
2024-12-12,100004.29,59.19453191983781,3374.49063691168,3905.0547502059326,-0.6678929674028963,0
2024-12-13,101424.25,58.50136626611544,3373.1680492094893,3798.677410006644,-0.6678929674028963,0
2024-12-14,101420.0,61.25403669275686,3333.3521409048262,3705.612356186281,-0.6678929674028963,0
2024-12-15,104463.99,64.83388025226611,3506.9958350717643,3665.889051963378,-0.6678929674028963,0
2024-12-16,106058.66,70.61375406907214,3730.285842352736,3678.76841004125,-0.6678929674028963,0
2024-12-17,106133.74,70.69181220682215,3868.707063528957,3716.756140738791,-0.6678929674028963,0
2024-12-18,100204.01,52.88255773442075,3460.042013868966,3665.4133153648263,-0.6678929674028963,0
2024-12-19,97461.86,50.88568164872015,2881.6851571396983,3508.667683719801,-0.8284341672480621,0
2024-12-20,97805.44,46.374495812518326,2423.124939962756,3291.5591349683923,-0.8284341672480621,0
2024-12-21,97291.99,45.31603141725825,1995.2811807504768,3032.3035441248094,-0.8284341672480621,0
2024-12-22,95186.27,39.40064161752897,1469.3600454046828,2719.714844380784,-0.8284341672480621,0
2024-12-23,94881.47,45.09493904207335,1016.254198106355,2379.0227151258982,-0.8284341672480621,0
2024-12-24,98663.58,53.763021495918174,951.3822756007576,2093.4946272208704,-0.6678929674028963,0
2024-12-25,99429.6,46.43016867526707,950.8217405823962,1864.9600498931757,-0.8284341672480621,0
2024-12-26,95791.6,41.97995622062705,649.3361733676429,1621.8352745880693,-0.8284341672480621,0
2024-12-27,94299.03,36.47253278007544,286.664276850468,1354.8010750405492,-0.9816068263441277,-1
2024-12-28,95300.0,38.80467598683489,79.10225790567347,1099.661311613574,-0.8284341672480621,0
2024-12-29,93738.2,29.254312754224756,-209.0070419274853,837.9276409053623,-0.9816068263441277,-1
2024-12-30,92792.05,23.679585812786485,-507.828207985629,568.7764711271641,-0.9816068263441277,0
2024-12-31,93576.0,25.76755046119409,-673.6228171994444,320.2966134618424,-0.9816068263441277,-1
2025-01-01,94591.79,36.63570042663115,-714.8105843362137,113.2751739022312,-0.9816068263441277,-1
2025-01-02,96984.79,48.84474990446974,-548.0396260036214,-18.987786078939315,-0.8284341672480621,0
2025-01-03,98174.18,50.857785436862464,-316.25303897947015,-78.44083665904549,-0.8284341672480621,0
2025-01-04,98220.5,52.20794241957445,-127.35479514027249,-88.22362835529088,-0.8284341672480621,0
2025-01-05,98363.61,58.333359560805235,33.50992348177533,-63.87691798787765,-0.6678929674028963,0
2025-01-06,102235.6,66.24779010541656,468.0383506246144,42.50613573462077,-0.6678929674028963,0
2025-01-07,96954.61,46.45883452375771,381.8715245898056,110.37921350565776,-0.9816068263441277,-1
2025-01-08,95060.61,41.35128511606012,158.92177171820367,120.08772514816694,-0.9816068263441277,-1
2025-01-09,92552.49,43.2876950781556,-217.6429836281168,52.5415833929102,-0.9816068263441277,-1
2025-01-10,94726.11,50.860729084371926,-336.7979003965738,-25.326313364986607,-1.1298877019960418,-1
2025-01-11,94599.99,48.53764568496744,-436.37559415651776,-107.53616952329284,-1.1298877019960418,-1
2025-01-12,94545.06,51.79882001901238,-513.8012448897352,-188.78918459658132,-1.1298877019960418,-1
2025-01-13,94536.1,54.05776283149274,-569.3218402517814,-264.89571572762134,-0.9693465021508761,-1
2025-01-14,96560.86,56.565586355257786,-444.8135677832761,-300.8792861387523,-0.9693465021508761,-1
2025-01-15,100497.35,61.51100507566723,-28.173256672234857,-246.33808024544885,-0.6678929674028963,0
2025-01-16,99987.3,56.31606072653916,257.8876509694237,-145.49293400247436,-0.8210656264989619,0
2025-01-17,104077.48,61.067453478937104,805.3527193385962,44.67619666573977,-0.6678929674028963,0
2025-01-18,104556.23,61.68864592261772,1263.291417128261,288.39924075824405,-0.6678929674028963,0
2025-01-19,101331.57,54.91650769523339,1350.440979018982,500.8075884103917,-0.8161738430548106,0
2025-01-20,102260.01,50.04480531804798,1477.3944992579345,696.1249705799003,-0.9767150428999763,-1
2025-01-21,106143.82,67.77899066242207,1869.8427045818096,930.8685173802822,-0.8161738430548106,0
2025-01-22,103706.66,66.38375202048054,1961.590299014104,1137.0128737070463,-0.8161738430548106,0
2025-01-23,103910.34,73.581998877982,2027.3659892500727,1315.083496815652,-0.8161738430548106,0
2025-01-24,104870.5,72.18017198592804,2132.3897238879435,1478.5447422301104,-0.6678929674028963,0
2025-01-25,104746.85,72.18796904356225,2180.5087214089144,1618.9375380658712,-0.6678929674028963,0
2025-01-26,102620.0,66.19029096625178,2023.6964405901963,1699.8893185707364,-0.8161738430548106,0
2025-01-27,102082.83,64.81737671018514,1834.9245802269288,1726.896370901975,-0.8161738430548106,0
2025-01-28,101335.52,59.869747266867215,1606.501104669078,1702.8173176553955,-0.9693465021508761,-1
2025-01-29,103733.24,57.143374339226455,1600.5002494067303,1682.3539040056626,-0.8161738430548106,0
2025-01-30,104722.94,60.23734459065668,1656.5098328973982,1677.1850897840095,-0.8161738430548106,0
2025-01-31,102429.56,46.13752575889115,1498.5666879639175,1641.4614094199912,-1.1298877019960418,-1
2025-02-01,100635.65,41.34438086154823,1214.6404440648766,1556.0972163489685,-1.1298877019960418,-1
2025-02-02,97700.59,41.8799087574917,744.213210878268,1393.7204152548284,-1.1298877019960418,-1
2025-02-03,101328.52,48.14129427967448,656.5713249243418,1246.290597188731,-1.1298877019960418,-1
2025-02-04,97763.13,33.061832963001436,296.0051598615828,1056.2335097233015,-1.1298877019960418,-1
2025-02-05,96612.43,34.87539339971114,-81.65670917461102,828.655465943719,-1.1298877019960418,-1
2025-02-06,96554.35,34.21936147107675,-381.2482395115221,586.6747248526708,-1.1298877019960418,-1
2025-02-07,96506.8,31.326358375308132,-615.4194015759131,346.25589956695404,-1.1298877019960418,-1
2025-02-08,96444.74,31.41275101521036,-796.8241649987176,117.63988665381972,-1.1298877019960418,-1
2025-02-09,96462.75,34.77734589202814,-928.4330917260086,-91.57470902214595,-1.1298877019960418,-1
2025-02-10,97430.82,38.73870907926316,-943.740107347374,-262.0077886871916,-1.1298877019960418,-1
2025-02-11,95778.2,37.11207420346212,-1076.81084485873,-424.96839992149927,-1.1298877019960418,-1
2025-02-12,97869.99,36.20687627180449,-1001.9307577823492,-540.3608714936693,-1.1298877019960418,-1
2025-02-13,96608.14,31.15151627768695,-1032.5064074201364,-638.7899786789627,-1.1298877019960418,-1
2025-02-14,97500.48,37.754057567169,-973.5114160261584,-705.7342661484018,-1.1298877019960418,-1
2025-02-15,97569.66,41.66879068814495,-910.67748925279,-746.7229107692796,-1.1298877019960418,-1
2025-02-16,96118.12,45.32287134149983,-966.8629028719153,-790.7509091898067,-1.1298877019960418,-1
2025-02-17,95780.0,29.6418953130848,-1026.8369687801023,-837.968121107866,-1.1298877019960418,-1
2025-02-18,95671.74,39.71801847953381,-1070.7594766138063,-884.526392209054,-1.1298877019960418,-1
2025-02-19,96644.37,50.159826262747586,-1015.380592704445,-910.6972323081322,-1.1298877019960418,-1
2025-02-20,98305.0,57.549387001763705,-827.9493806078826,-894.1476619680824,-0.9693465021508761,-1
2025-02-21,96181.98,48.81193435024709,-841.0239650837029,-883.5229225912066,-1.1298877019960418,-1
2025-02-22,96551.01,50.38015781539645,-812.2449761108146,-869.2673332951282,-1.1298877019960418,-1
2025-02-23,96258.0,49.2816843003377,-803.8149992675462,-856.1768664896118,-1.1298877019960418,-1
2025-02-24,91552.88,33.66253194983196,-1163.3872396408551,-917.6189411198606,-1.1298877019960418,-1
2025-02-25,88680.4,31.524806080483117,-1660.9891118462692,-1066.2929752651423,-1.1298877019960418,-1
2025-02-26,84250.09,18.39566687952951,-2385.334520419201,-1330.1012842959542,-1.1298877019960418,0
2025-02-27,84708.58,21.318289099197088,-2889.083606675267,-1641.8977487718169,-1.1298877019960418,0
2025-02-28,84349.94,17.466005226996344,-3279.444245688719,-1969.4070481551971,-0.9409738011818992,0
2025-03-01,86064.53,23.679542383808084,-3411.133358925028,-2257.7523103091635,-0.9409738011818992,0
2025-03-02,94270.0,46.77012771847409,-2820.8678680540324,-2370.3754218581375,-0.8067222026821986,0
2025-03-03,86220.61,36.840434491605,-2968.3790889607626,-2489.976155278662,-0.8067222026821986,0
2025-03-04,87281.98,38.74588253852934,-2965.455184098959,-2585.0719610427223,-0.8067222026821986,0
2025-03-05,90606.01,42.38072982149409,-2664.20522804941,-2600.89861444406,-0.8067222026821986,0
2025-03-06,89931.89,39.16496955025056,-2451.5978239872347,-2571.038456352695,-0.8067222026821986,0
2025-03-07,86801.75,38.17007384568354,-2506.784412554058,-2558.1876475929676,-0.8067222026821986,0
2025-03-08,86222.45,37.04280309892047,-2567.6663903479493,-2560.083396143964,-0.8067222026821986,0
2025-03-09,80734.37,32.771251054070746,-3023.900345709568,-2652.846786057085,-0.8067222026821986,0
2025-03-10,78595.86,34.75103636772765,-3517.4815888480516,-2825.7737466152785,-0.8067222026821986,0
2025-03-11,82932.99,43.461358097474005,-3518.12339941127,-2964.243677174477,-0.8067222026821986,0
2025-03-12,83680.12,49.29225093185656,-3418.93355413276,-3055.181652566134,-0.8067222026821986,0
2025-03-13,81115.78,45.76043182989617,-3506.8212416879687,-3145.509570390501,-0.8067222026821986,0
2025-03-14,83983.2,49.59143085428985,-3306.975284739048,-3177.8027132602106,-0.8067222026821986,0
2025-03-15,84338.44,48.01697637062181,-3084.3762553945708,-3159.1174216870827,-0.9956361034963414,-1
2025-03-16,82574.53,34.22945616935871,-3015.536488752681,-3130.4012351002025,-0.9956361034963414,-1
2025-03-17,84010.03,46.37208029089266,-2812.72428994489,-3066.8658460691404,-0.9956361034963414,-1
2025-03-18,82715.03,42.56193434169874,-2725.0768488283065,-2998.508046620974,-0.9956361034963414,-1
2025-03-19,86845.94,44.03290979419319,-2295.8209123543056,-2857.9706197676405,-0.9956361034963414,-1
2025-03-20,84223.39,41.46843117773163,-2142.552347739591,-2714.886965362031,-0.9956361034963414,-1
2025-03-21,84088.79,45.54662861847915,-2008.7909099617973,-2573.6677542819843,-0.9956361034963414,-1
2025-03-22,83840.59,46.04716726875399,-1900.8992887973,-2439.1140611850474,-0.9956361034963414,-1
2025-03-23,86082.5,59.94728883449551,-1615.8643230553423,-2274.4641135591064,-0.8350949036511756,0
2025-03-24,87498.16,67.01542460673943,-1261.2017792625702,-2071.811646699799,-0.8350949036511756,0
2025-03-25,87392.87,60.1695301733062,-977.3587973250688,-1852.9210768248531,-0.8350949036511756,0
2025-03-26,86909.17,57.45249196486558,-782.4224576609413,-1638.821352992071,-0.8350949036511756,0
2025-03-27,87232.01,65.74503172314084,-595.0244427370635,-1430.0619709410696,-0.9693465021508761,-1
2025-03-28,84424.38,51.13923815288383,-665.3922151729203,-1277.1280197874398,-0.9956361034963414,-1
2025-03-29,82648.54,45.9345231851744,-854.6032936890697,-1192.6230745677658,-1.1298877019960418,-1
2025-03-30,82389.99,49.5213759805127,-1013.731594022931,-1156.8447784587988,-1.1298877019960418,-1
2025-03-31,82550.01,45.94499713931798,-1114.0871387970546,-1148.29325052645,-1.1298877019960418,-1
2025-04-01,85158.34,56.3245656586783,-971.9452193033212,-1113.0236442818243,-0.9693465021508761,-1
2025-04-02,82516.29,37.856597541842,-1060.2659921295565,-1102.4721138513708,-1.1298877019960418,-1
2025-04-03,83213.09,46.823239685512355,-1061.7951903024805,-1094.3367291415927,-1.1298877019960418,-1
2025-04-04,83889.87,49.39514461553431,-996.9049018020304,-1074.8503636736802,-1.1298877019960418,-1
2025-04-05,83537.99,49.08565033044708,-962.7743919876956,-1052.435169336483,-1.1298877019960418,-1
2025-04-06,78430.0,30.29063490297402,-1332.5371618825884,-1108.4555678457043,-1.1298877019960418,-1
2025-04-07,79163.24,27.750929745116892,-1548.5596492716722,-1196.476384130898,-1.1298877019960418,-1
2025-04-08,76322.42,24.21455413954878,-1926.778753074832,-1342.5368579196847,-1.1298877019960418,0
2025-04-09,82615.22,42.12857879780332,-1699.156925535135,-1413.8608714427749,-0.9956361034963414,-1
2025-04-10,79607.3,37.275459644567135,-1741.405158368303,-1479.3697288278806,-0.9956361034963414,-1
2025-04-11,83423.84,48.384639626781905,-1450.2072193245697,-1473.5372269272184,-0.9956361034963414,-1
2025-04-12,85276.9,54.232902735807066,-1057.7116577453126,-1390.3721130908373,-0.8350949036511756,0
2025-04-13,83760.0,52.12042174106713,-859.1534638271405,-1284.128383238098,-0.9956361034963414,-1
2025-04-14,84591.58,53.09547440934794,-627.460138519993,-1152.794734294477,-0.8350949036511756,0
2025-04-15,83643.99,47.582142646159554,-514.3747111309785,-1025.1107296617772,-0.9956361034963414,-1
2025-04-16,84030.38,52.60508411994515,-389.0900633346755,-897.9065963963569,-0.9956361034963414,-1
2025-04-17,84947.91,52.962362649935024,-213.3052245958679,-760.9863220362591,-0.8350949036511756,0
2025-04-18,84474.69,51.005624287678515,-110.90097516123204,-630.9692526612538,-0.9956361034963414,-1
2025-04-19,85077.01,52.623815547652555,18.642422260905732,-501.0469176768219,-0.9956361034963414,-1
2025-04-20,85179.24,63.87468372437623,128.07918750889075,-375.2216966396794,-0.8350949036511756,0
2025-04-21,87516.23,66.10936018011338,398.7872037287307,-220.4199165659974,-0.8350949036511756,0
2025-04-22,93442.99,79.50618764828005,1079.1257668214384,39.48922011148977,-0.68192224455511,0
2025-04-23,93691.08,74.11242680841136,1619.647481303502,355.5208723498923,-0.68192224455511,0
2025-04-24,93980.47,85.49177992146616,2047.7608760537987,693.9688730906736,-0.49300834374096725,-1
2025-04-25,94638.68,82.81061844582823,2412.347827769234,1037.6446640263855,-0.49300834374096725,0
2025-04-26,94628.0,80.66360700635111,2669.6497662611655,1364.0456844733417,-0.49300834374096725,0
2025-04-27,93749.3,84.18726488191398,2770.720518455564,1645.3806512697863,-0.3447274680890529,0
2025-04-28,95011.18,84.63967372297043,2918.994634636867,1900.1034479432024,-0.4789790665887535,0
2025-04-29,94256.82,85.74125650394879,2941.7220517631213,2108.4271687071864,-0.4789790665887535,-1
2025-04-30,94172.0,84.86247677924928,2919.238266870423,2270.589388339834,-0.6272599422406678,0
2025-05-01,96489.91,86.19189291564555,3053.25959475369,2427.1234296226053,-0.6272599422406678,-1
2025-05-02,96887.14,89.10770739219785,3155.154941730565,2572.7297320441976,-0.4789790665887535,-1
2025-05-03,95856.42,83.06979335463257,3116.808618800991,2681.545509395557,-0.6272599422406678,0
2025-05-04,94277.62,75.59385503084752,2925.301857317114,2730.296778979868,-0.6272599422406678,0
2025-05-05,94733.68,72.70550869185796,2778.3050287207298,2739.8984289280406,-0.8161738430548106,0
2025-05-06,96834.02,64.05061990405392,2799.023467527324,2751.7234366478974,-0.6678929674028963,0
2025-05-07,97030.5,63.89620808983006,2799.031777503682,2761.1851048190547,-0.6678929674028963,0
2025-05-08,103261.6,75.84223454652683,3264.2082964024885,2861.7897431357414,-0.6678929674028963,0
2025-05-09,102971.99,73.68939926737016,3568.361087033729,3003.104011915339,-0.6678929674028963,0
2025-05-10,104809.53,76.22004012247916,3912.576736821342,3184.99855689654,-0.6678929674028963,0
2025-05-11,104118.0,76.96196975512238,4082.508807317965,3364.500606980825,-0.6678929674028963,0
2025-05-12,102791.32,70.16292803985661,4063.290129703426,3504.2585115253455,-0.6678929674028963,0
2025-05-13,104103.72,74.80175021988572,4106.620338071487,3624.730876834574,-0.6678929674028963,0
2025-05-14,103507.82,72.92427672708882,4046.233232512881,3709.0313479702354,-0.6678929674028963,0
2025-05-15,103763.71,69.8734664169073,3973.2233551377576,3761.86974940374,-0.6678929674028963,0
2025-05-16,103463.9,68.06518316352484,3846.8265183892945,3778.861103200851,-0.6678929674028963,0
2025-05-17,103126.65,70.76094598384066,3677.0560449437617,3758.500091549434,-0.6678929674028963,0
2025-05-18,106454.26,81.61416954855594,3767.5915880283865,3760.318390845224,-0.6678929674028963,0
2025-05-19,105573.74,77.53708086203801,3725.347565225413,3753.3242257212623,-0.6678929674028963,0
2025-05-20,106849.99,76.55548644462442,3751.6054098643945,3752.980462549889,-0.6678929674028963,0
2025-05-21,109643.99,79.39372923957724,3952.3076481443422,3792.84589966878,-0.6678929674028963,0
2025-05-22,111696.21,74.40964137149462,4228.222306077121,3879.9211809504486,-0.6678929674028963,0
2025-05-23,107318.3,60.171322846962234,4046.9749035335553,3913.33192546707,-0.6678929674028963,0
2025-05-24,107761.91,57.39145325507547,3894.240273010437,3909.513594975744,-0.6678929674028963,0
2025-05-25,109004.19,61.90456931547247,3829.29684142668,3893.4702442659313,-0.6678929674028963,0
2025-05-26,109434.79,66.92496019361822,3769.126382591232,3868.601471930992,-0.6678929674028963,0
2025-05-27,108938.17,62.850423195167366,3639.414867747604,3822.7641510943145,-0.6678929674028963,0
2025-05-28,107781.78,61.03187451731869,3404.0665883943584,3739.0246385543232,-0.6678929674028963,0
2025-05-29,105589.75,54.28505052306507,3006.02133718149,3592.4239782797567,-0.6678929674028963,0
2025-05-30,103985.48,51.15334811043555,2531.929914297536,3380.325165483313,-0.8284341672480621,0
2025-05-31,104591.88,53.20188927703733,2180.0106523309514,3140.2622628528406,-0.6678929674028963,0
2025-06-01,105642.93,48.03114906463018,1963.2914510485136,2904.8681004919754,-0.8284341672480621,0
2025-06-02,105857.99,50.712810119421086,1788.2792967554417,2681.5503397446687,-0.8284341672480621,0
2025-06-03,105376.89,46.15248799333873,1592.403913229471,2463.7210544416293,-0.8284341672480621,0
2025-06-04,104696.86,35.474882806788415,1366.545833108219,2244.2860101749475,-0.8284341672480621,0
2025-06-05,101508.68,21.95917212434759,919.69057565587,1979.366923271132,-0.8284341672480621,0
2025-06-06,104288.44,40.855947047752885,780.8567349093646,1739.6648855987787,-0.8284341672480621,0
2025-06-07,105552.15,43.645542654829775,763.993905436655,1544.530689566354,-0.8284341672480621,0
2025-06-08,105734.0,39.985361715680426,756.5823563576123,1386.941022924606,-0.8284341672480621,0
2025-06-09,110263.02,52.02744416652348,1103.442910710408,1330.2414004817665,-0.8284341672480621,0
2025-06-10,110274.39,53.350564838301686,1363.5319158505154,1336.8995035555165,-0.6678929674028963,0
2025-06-11,108645.12,52.11467146097358,1421.7962712639855,1353.87885709721,-0.8284341672480621,0
2025-06-12,105671.73,50.193399595932135,1214.0486719866312,1325.9128200750945,-0.8284341672480621,0
2025-06-13,106066.59,55.206666983570216,1068.946949795121,1274.5196460191,-0.6678929674028963,0
2025-06-14,105414.64,52.05375775064151,891.0741252884327,1197.8305418729667,-0.8284341672480621,0
2025-06-15,105594.01,49.872331008219675,755.869101811244,1109.438253860622,-0.8284341672480621,0
2025-06-16,106794.53,52.3245689368449,737.0933244224434,1034.9692679729865,-0.8284341672480621,0
2025-06-17,104551.17,48.11536593471203,535.025540719842,934.9805225223575,-0.9816068263441277,-1
2025-06-18,104886.78,50.44039992171492,397.3854761013499,827.4615132381562,-0.9816068263441277,-1
2025-06-19,104658.59,58.46648493218286,266.81601833926106,715.3324142583772,-0.8210656264989619,0
2025-06-20,103297.99,47.11794807330705,52.939479997585295,582.8538274062188,-0.9816068263441277,-1
2025-06-21,102120.01,39.96294160378165,-209.20082189401728,424.4428975461716,-1.1298877019960418,-1
2025-06-22,100963.87,36.80215896407794,-504.4250376564596,238.66931050564537,-1.1298877019960418,-1
2025-06-23,105333.93,36.2413308568739,-381.3688529956271,114.66167780539088,-0.9816068263441277,-1
2025-06-24,106083.0,38.763252418048545,-220.85635671723867,47.558070900864976,-0.9816068263441277,-1
2025-06-25,107340.58,46.43152569003891,7.737950699927751,39.59404686067754,-0.8284341672480621,0
2025-06-26,106947.06,54.06186838365456,155.3559641954198,62.746430327625994,-0.8210656264989619,0
2025-06-27,107047.59,53.18413864018779,277.26015181503317,105.64917462510743,-0.8210656264989619,0
2025-06-28,107296.79,56.27310983466572,389.48867314873496,162.41707432983296,-0.8210656264989619,0
2025-06-29,108356.93,58.69800094443569,557.5479571207397,241.44325088801432,-0.6678929674028963,0
2025-06-30,107146.5,51.10735250349067,586.3059949094022,310.4157996922919,-0.9816068263441277,-1
2025-07-01,105681.14,53.73805527308046,485.26085648273875,345.3848110503813,-0.9693465021508761,-1
2025-07-02,108849.6,61.040181063850426,653.3190431116236,406.97165746262976,-0.6678929674028963,0
2025-07-03,109584.78,63.347033881084315,836.1901688965154,492.8153597494069,-0.6678929674028963,0
2025-07-04,107984.24,62.53397445944435,842.2576301935478,562.7038138382351,-0.8210656264989619,0
2025-07-05,108198.12,67.14066313256167,854.4746140565403,621.0579738818961,-0.8210656264989619,0
2025-07-06,109203.84,73.4360770139599,934.5370986892958,683.7537988433761,-0.8210656264989619,0
2025-07-07,108262.94,60.34948563691349,911.5565712797544,729.3143533306518,-0.9693465021508761,-1
2025-07-08,108922.98,60.09843914011897,935.8165390212234,770.6147904687662,-0.9693465021508761,-1
2025-07-09,111233.99,62.87936878221574,1128.5131343853864,842.1944592520903,-0.8161738430548106,0
2025-07-10,116010.0,73.24140654651394,1647.6179525836778,1003.2791579184078,-0.6678929674028963,0
2025-07-11,117527.66,75.05451951346748,2156.614628350624,1233.9462520048512,-0.6678929674028963,0
2025-07-12,117420.0,74.36628044398043,2522.2361306939565,1491.6042277426725,-0.6678929674028963,0
2025-07-13,119086.64,75.09346574684433,2912.8996310405055,1775.863308402239,-0.6678929674028963,0
2025-07-14,119841.18,80.33579307576136,3245.9708107303595,2069.8848088678633,-0.6678929674028963,0
2025-07-15,117758.09,78.03204351820433,3303.760472188442,2316.6599415319793,-0.6678929674028963,0
2025-07-16,118630.43,75.41107631457388,3380.975956553739,2529.523144536331,-0.6678929674028963,0
2025-07-17,119177.56,75.16844062808941,3446.5884761384805,2712.936210856761,-0.6678929674028963,0
2025-07-18,117924.84,76.56587565355058,3358.7848550024355,2842.1059396858964,-0.6678929674028963,0
2025-07-19,117840.0,75.94651324252033,3244.9482304086414,2922.6743978304457,-0.6678929674028963,0
2025-07-20,117265.12,72.20804365529332,3072.921151534203,2952.7237485711976,-0.8161738430548106,0
2025-07-21,117380.36,76.31472309770373,2912.31599114502,2944.6421970859624,-0.8161738430548106,0
2025-07-22,119954.42,78.67123197950703,2958.6350707130914,2947.4407718113885,-0.6678929674028963,0
2025-07-23,118755.99,70.75007006803773,2865.6070553238096,2931.0740285138727,-0.6678929674028963,0
2025-07-24,118340.99,58.46756411364822,2726.9599543171207,2890.2512136745227,-0.8161738430548106,0
2025-07-25,117614.31,50.3339564103058,2529.2880665846315,2818.0585842565447,-0.9767150428999763,-1
2025-07-26,117919.99,51.89803261188938,2369.9778631864174,2728.4424400425196,-0.9767150428999763,-1
2025-07-27,119415.55,51.265019972785026,2337.4578136500786,2650.2455147640317,-0.8284341672480621,0
2025-07-28,118062.32,43.4595349028744,2177.3914749688993,2555.674706805006,-0.8284341672480621,0
2025-07-29,117950.76,50.82852068614086,2018.2704235808776,2448.19385016018,-0.8284341672480621,0
2025-07-30,117840.3,46.36403211273885,1861.7910764981643,2330.913295427777,-0.8284341672480621,0
2025-07-31,115764.08,36.22992667751017,1552.3519176556,2175.201019873342,-0.9767150428999763,-1
2025-08-01,113297.93,32.999289388072754,1095.4932955692057,1959.2594750125147,-1.1298877019960418,-1
2025-08-02,112546.35,31.457968031619544,665.1162748967472,1700.4308349893613,-1.1298877019960418,-1
2025-08-03,114208.8,40.052531196500546,452.9637228040956,1450.9374125523082,-1.1298877019960418,-1
2025-08-04,115055.03,42.77546729102625,349.090883155397,1230.568106672926,-0.8284341672480621,0
2025-08-05,114129.75,29.837772274725836,189.91927507559012,1022.4383403534588,-1.1298877019960418,-1
2025-08-06,114992.27,36.66161064882412,131.8528667500941,844.321245632786,-1.1298877019960418,-1
2025-08-07,117472.01,47.31354191527535,282.6706623155769,731.9911289693442,-0.8284341672480621,0
2025-08-08,116674.74,47.107935087137186,334.01154872939514,652.3952129213544,-0.9767150428999763,-1
2025-08-09,116462.25,45.48707984897285,353.47872129030293,592.6119145951442,-0.9767150428999763,-1
2025-08-10,119294.01,49.65248351055128,590.5979166438337,592.2091150048822,-0.9767150428999763,-1
2025-08-11,118686.0,51.86265210504057,721.1423811898276,617.9957682418712,-0.8284341672480621,0
2025-08-12,120134.08,56.038530299409715,930.719014310598,680.5404174556166,-0.6678929674028963,0
2025-08-13,123306.43,62.928326363177526,1337.3757039144984,811.907474747393,-0.6678929674028963,0
2025-08-14,118295.09,55.256456319249025,1240.9756094000186,897.7211016779182,-0.6678929674028963,0
2025-08-15,117342.05,58.96218177885613,1075.280314730262,933.232944288387,-0.8161738430548106,0
2025-08-16,117380.66,61.06291451803434,936.288157200048,933.8439868707192,-0.6678929674028963,0
2025-08-17,117405.01,57.90707765595785,818.6636673151224,910.8079229596,-0.8210656264989619,0
2025-08-18,116227.05,52.85262963179316,623.209908376055,853.288320042891,-0.8210656264989619,0
2025-08-19,112872.94,47.2644300818009,195.41018375568092,721.712692785449,-1.1298877019960418,-1
2025-08-20,114271.24,48.4663771976581,-30.442138197657187,571.2817265888278,-0.9816068263441277,-1
2025-08-21,112500.0,39.09594800804072,-348.3405427115649,387.3572727287493,-0.9816068263441277,-1
2025-08-22,116935.99,50.494087404960275,-239.56840331120475,261.9721375207585,-0.9816068263441277,-1
2025-08-23,115438.05,48.152802646747766,-271.11173109371157,155.3553637978645,-1.1298877019960418,-1
2025-08-24,113493.59,39.192749381609175,-447.8491903980321,34.71445295868518,-1.1298877019960418,-1
2025-08-25,110111.98,35.52144624439957,-850.9730779965903,-142.42305323236994,-1.1298877019960418,-1
2025-08-26,111763.22,35.960840639542965,-1025.390333773263,-319.0165093405485,-1.1298877019960418,-1
2025-08-27,111262.01,27.811719365987017,-1190.3392340681312,-493.28105428606506,-1.1298877019960418,-1
2025-08-28,112566.9,37.778531637575504,-1201.913794309774,-635.0076022908069,-1.1298877019960418,-1
2025-08-29,108377.4,33.19427056912252,-1531.4902868716308,-814.3041392069716,-1.1298877019960418,-1
2025-08-30,108816.33,34.182152378145034,-1737.2382478602958,-998.8909609376364,-1.1298877019960418,-1
2025-08-31,108246.35,33.418654063965604,-1924.1076959527272,-1183.934307940655,-1.1298877019960418,-1
2025-09-01,109237.42,37.25936886972772,-1969.5285148746916,-1341.053149327462,-1.1298877019960418,-1
2025-09-02,111240.01,46.869256622678435,-1822.9190879346424,-1437.4263370488982,-1.1298877019960418,-1
2025-09-03,111705.71,44.89880241068784,-1650.130288047876,-1479.9671272486935,-1.1298877019960418,-1
2025-09-04,110730.87,46.367282068341,-1573.714558358275,-1498.71661347061,-1.1298877019960418,-1
2025-09-05,110659.99,34.29809795825237,-1501.5648606429604,-1499.2862629050803,-1.1298877019960418,-1
2025-09-06,110187.97,36.15406362809697,-1465.5794865281932,-1492.544907629703,-1.1298877019960418,-1
2025-09-07,111137.34,43.44168253651922,-1344.9508374465076,-1463.026093593064,-1.1298877019960418,-1
2025-09-08,112065.23,56.296699378663334,-1161.0944219272642,-1402.639759259904,-0.9693465021508761,-1
2025-09-09,111546.39,49.24595085030926,-1045.2044733361108,-1331.1527020751455,-1.1298877019960418,-1
2025-09-10,113960.0,58.28106746977156,-749.9576535186934,-1214.913692363855,-0.9693465021508761,-1
2025-09-11,115482.69,58.83149350826364,-388.624245929328,-1049.6558030769495,-0.9693465021508761,-1
2025-09-12,116029.42,79.73935767508166,-57.485715813119896,-851.2217856241838,-0.9693465021508761,-1
2025-09-13,115918.29,78.32323283886372,193.74334015614295,-642.2287604681185,-0.9693465021508761,-1
2025-09-14,115268.01,77.82477547306782,336.49313226704544,-446.48438192108574,-0.9693465021508761,-1
2025-09-15,115349.71,76.10244724455448,451.0168368295126,-266.9841381709661,-0.9693465021508761,-1
2025-09-16,116788.96,74.89450359939453,650.4155587878049,-83.50419877921189,-0.9693465021508761,-1
2025-09-17,116447.59,71.51371068725832,771.9956907062733,87.59577911788516,-0.9693465021508761,-1
2025-09-18,117073.53,79.71719594816194,908.385643739748,251.75375204225773,-0.9693465021508761,-1
2025-09-19,115632.38,70.64608199488951,889.9283631393191,379.38867426167,-0.9693465021508761,-1
2025-09-20,115685.63,73.64951132218322,869.5737602399604,477.4256914573281,-0.9693465021508761,-1
2025-09-21,115232.29,68.40068049647837,807.5528746608034,543.4511280980232,-0.9693465021508761,-1
2025-09-22,112650.99,52.29160178959017,543.8424614616233,543.5293947707432,-1.1298877019960418,-1
2025-09-23,111998.8,51.75163563686656,279.0075512746698,490.62502607152857,-1.1298877019960418,-1
2025-09-24,113307.0,47.23504723707967,172.69407404813683,427.0388356668502,-1.1298877019960418,-1
2025-09-25,108994.49,27.777610331037664,-256.5858761897107,290.31389329553804,-1.1298877019960418,-1
2025-09-26,109643.46,28.27990460240349,-538.2225793539546,124.6065987656395,-1.1298877019960418,-1
2025-09-27,109635.85,28.480461133954435,-753.3515909002599,-50.985039167540386,-1.1298877019960418,-1
2025-09-28,112163.95,40.57941544946003,-711.64296358297,-183.11662405062629,-1.1298877019960418,-1
2025-09-29,114311.96,47.201501090275215,-499.5041477237537,-246.39412878525175,-1.1298877019960418,-1
2025-09-30,114048.93,42.110467222229545,-348.5886179454683,-266.8330266172951,-1.1298877019960418,-1
2025-10-01,118594.99,54.977825334289015,136.27122581753065,-186.21217613032996,-0.8161738430548106,0
2025-10-02,120529.35,57.55268798780318,668.9021435712493,-15.189312190014116,-0.8161738430548106,0
2025-10-03,122232.0,64.26045762282632,1214.4066843347537,230.72988711493943,-0.8161738430548106,0
2025-10-04,122391.0,64.42304755406784,1640.64065006873,512.7120397056975,-0.8161738430548106,0
2025-10-05,123482.31,67.27152445432583,2042.9439491472583,818.7584215940097,-0.8161738430548106,0
2025-10-06,124658.54,76.7092871636245,2428.6877424521226,1140.7442857656324,-0.8161738430548106,0
2025-10-07,121332.95,68.55575563094716,2437.942079173008,1400.1838444471075,-0.8161738430548106,0
2025-10-08,123306.0,69.36553705230146,2574.804114163184,1635.1078983903228,-0.8161738430548106,0
2025-10-09,121662.4,77.36336902750477,2521.576316914303,1812.401582095119,-0.8161738430548106,0
2025-10-10,112774.5,54.98787695346724,1742.131446512314,1798.3475549785585,-0.9693465021508761,-1
2025-10-11,110644.4,51.50489465662795,941.679409057615,1627.0139257943697,-1.1298877019960418,-1
2025-10-12,114958.8,53.95923932060057,647.9818935696676,1431.2075193494293,-0.9693465021508761,-1
2025-10-13,115166.0,51.28024781078882,427.02136840310413,1230.3702891601642,-1.1298877019960418,-1
2025-10-14,113028.14,48.55122056037999,78.49626898880524,999.9954851258924,-1.1298877019960418,-1
2025-10-15,110763.28,38.11508459817573,-376.1318433043198,724.7700194398501,-1.1298877019960418,-1
2025-10-16,108194.28,31.634812515353858,-932.970029935066,393.2220095648669,-1.1298877019960418,-1
2025-10-17,106431.68,26.51746144037192,-1499.213395187806,14.734928614332324,-1.1298877019960418,-1
2025-10-18,107185.01,27.79306499424746,-1865.6716056258592,-361.3463782337061,-0.9409738011818992,-1
2025-10-19,108642.78,28.557755301560633,-2015.2321795516764,-692.1235384973002,-0.9409738011818992,-1
2025-10-20,110532.09,30.000252006352852,-1958.729470467326,-945.4447248913052,-0.9409738011818992,-1
2025-10-21,108297.67,30.956716356857797,-2070.3835933161463,-1170.4324985762737,-0.9409738011818992,-1
2025-10-22,107567.44,26.141102363732628,-2192.5197454818262,-1374.849947957384,-0.9409738011818992,-1
2025-10-23,110078.18,32.88875063072899,-2062.937531418109,-1512.4674646495291,-0.9409738011818992,-1
2025-10-24,111004.89,46.582250904164894,-1863.9781610671344,-1582.76960393305,-0.9409738011818992,-1
2025-10-25,111646.27,52.05302828177763,-1635.6921796118986,-1593.35411906882,-1.1298877019960418,-1
2025-10-26,114559.4,49.13168401124591,-1205.8088359690591,-1515.8450624488678,-1.1298877019960418,-1
2025-10-27,114107.65,47.723301850141254,-891.3012723062275,-1390.93630442034,-1.1298877019960418,-1
2025-10-28,112898.45,49.70940328746914,-731.1953318603337,-1258.9881099083386,-1.1298877019960418,-1
2025-10-29,110021.29,48.38182331278816,-826.9405314328178,-1172.5785942132345,-1.1298877019960418,-1
2025-10-30,108322.88,50.291528798783474,-1028.0164509675817,-1143.666165564104,-1.1298877019960418,-1
2025-10-31,109608.01,57.359883625821254,-1071.3217844951723,-1129.1972893503178,-0.9693465021508761,-1
2025-11-01,110098.1,56.83328931201485,-1053.9461707689916,-1114.1470656340523,-0.9693465021508761,-1
2025-11-02,110540.68,54.67457527595733,-993.016488553112,-1089.9209502178644,-0.9693465021508761,-1
2025-11-03,106583.04,41.17277054366907,-1249.6723046112893,-1121.871221096549,-1.1298877019960418,-1
2025-11-04,101497.22,36.51772781648827,-1842.2210801028996,-1265.9411928978195,-1.1298877019960418,-1
2025-11-05,103885.16,43.14992960701965,-2094.9837836350343,-1431.7497110452623,-1.1298877019960418,-1
2025-11-06,101346.04,33.77291212462917,-2471.6936649364507,-1639.7385018235002,-1.1298877019960418,-1
2025-11-07,103339.08,36.29754196906306,-2579.6803392901347,-1827.726869316827,-1.1298877019960418,-1
2025-11-08,102312.94,33.543250996662195,-2716.7445389770437,-2005.5304032488705,-1.1298877019960418,-1
2025-11-09,104722.96,32.34288455103821,-2600.918660794676,-2124.608054758032,-1.1298877019960418,-1
2025-11-10,106011.13,35.88987419511575,-2377.771791440464,-2175.240802094518,-1.1298877019960418,-1
2025-11-11,103058.99,33.83443847877662,-2411.342856288975,-2222.4612129334096,-1.1298877019960418,-1
2025-11-12,101654.37,35.554779795903855,-2522.214740642783,-2282.4119184752844,-1.1298877019960418,-1
2025-11-13,99692.02,35.23367140237059,-2736.8777299155045,-2373.3050807633285,-1.1298877019960418,-1
2025-11-14,94594.0,27.277451904173702,-3280.5511519392603,-2554.754294998515,-1.1298877019960418,-1
2025-11-15,95596.24,28.38758694527307,-3589.1701446708175,-2761.6374649329755,-0.9409738011818992,-1
2025-11-16,94261.44,26.367209162285917,-3896.543200005559,-2988.6186119474924,-0.9409738011818992,-1
2025-11-17,92215.14,27.91641254789323,-4256.195101478574,-3242.1339098537087,-0.9409738011818992,-1
2025-11-18,92960.83,34.85950453679759,-4429.984766718364,-3479.70408122664,-0.9409738011818992,-1
2025-11-19,91554.96,27.34128868457384,-4627.809777755596,-3709.325220532432,-0.9409738011818992,-1
2025-11-20,86637.23,25.143229505531664,-5122.359860160781,-3991.9321484581014,-0.9409738011818992,-1
2025-11-21,85129.43,18.713973559792866,-5571.733743980672,-4307.892467562616,-0.9409738011818992,0
2025-11-22,84739.74,19.132393527027887,-5891.398140204459,-4624.593602090985,-0.9409738011818992,0
2025-11-23,86830.0,18.213665471930327,-5907.964625676599,-4881.267806808108,-0.9409738011818992,0
2025-11-24,88300.01,18.738668263229528,-5736.351078674124,-5052.284461181312,-0.9409738011818992,0
2025-11-25,87369.96,20.17910370596489,-5610.716521009235,-5163.970873146896,-0.9409738011818992,0
2025-11-26,90484.02,30.06353411598913,-5199.930055362856,-5171.1627095900885,-0.9409738011818992,-1
2025-11-27,91333.95,34.46596871288672,-4751.029661419248,-5087.136099955921,-0.9409738011818992,-1
2025-11-28,90890.7,41.67710970312409,-4380.543259766346,-4945.817531918006,-0.9409738011818992,-1
2025-11-29,90802.44,38.7647243563001,-4047.39609881588,-4766.133245297581,-0.9409738011818992,-1
2025-11-30,90360.0,40.456985696632394,-3775.5535527855536,-4568.017306795176,-0.9409738011818992,-1
2025-12-01,86286.01,36.80599474031587,-3844.535905009252,-4423.321026437991,-1.1298877019960418,-1
2025-12-02,91277.88,46.85020256251027,-3456.557680626007,-4229.968357275595,-1.1298877019960418,-1
2025-12-03,93429.95,53.41386330854823,-2941.520066871308,-3972.278699194738,-0.9693465021508761,-1
2025-12-04,92078.06,61.38459973961703,-2612.322049634764,-3700.2873692827434,-0.9693465021508761,-1
2025-12-05,89330.04,58.35583444960354,-2543.8485939692764,-3468.9996142200503,-0.9693465021508761,-1
2025-12-06,89236.79,59.052269886289274,-2468.6503185166075,-3268.9297550793617,-0.9693465021508761,-1
2025-12-07,90395.31,57.45643332813275,-2289.1839737201663,-3072.9805988075227,-0.9693465021508761,-1
2025-12-08,90634.34,55.14699494589805,-2103.4209517432464,-2879.0686693946677,-0.9693465021508761,-1
2025-12-09,92678.8,61.1572255773602,-1770.818687211533,-2657.418672958041,-0.9693465021508761,-1
2025-12-10,92015.37,53.58791138502022,-1542.9757883652055,-2434.530096039474,-0.9693465021508761,-1
2025-12-11,92513.38,52.80970665350391,-1307.1553315669153,-2209.055143144962,-0.9693465021508761,-1
2025-12-12,90268.42,48.63476406525612,-1286.5844855674804,-2024.5610116294656,-1.1298877019960418,-1
2025-12-13,90240.01,48.76282151396699,-1258.0721192081835,-1871.2632331452096,-1.1298877019960418,-1
2025-12-14,88172.17,45.5085965326463,-1386.352263864479,-1774.2810392890635,-1.1298877019960418,-1
2025-12-15,86432.08,50.3316478860768,-1609.8683627961727,-1741.3985039904856,-1.1298877019960418,-1
2025-12-16,87863.42,40.75239473667104,-1652.460766656659,-1723.6109565237202,-1.1298877019960418,-1
2025-12-17,86243.22,29.95830881594253,-1796.2461455598095,-1738.1379943309382,-1.1298877019960418,-1
2025-12-18,85516.41,31.040482837572284,-1946.4076117026125,-1779.7919178052732,-1.1298877019960418,-1
2025-12-19,88136.94,46.52701771218059,-1832.8290725073457,-1790.3993487456878,-1.1298877019960418,-1
2025-12-20,88360.9,47.469636153849265,-1705.0903415423236,-1773.337547305015,-1.1298877019960418,-1
2025-12-21,88658.86,44.72108338101165,-1561.8100213669532,-1731.0320421174029,-1.1298877019960418,-1
2025-12-22,88620.79,43.80296280885162,-1434.7918785359216,-1671.7840094011067,-1.1298877019960418,-1
2025-12-23,87486.0,33.07034245324847,-1409.449893371595,-1619.3171861952044,-1.1298877019960418,-1
2025-12-24,87669.45,35.37359606150069,-1358.8987666089815,-1567.2335022779598,-1.1298877019960418,-1
2025-12-25,87225.27,32.13788938287149,-1339.2403195259249,-1521.634865727553,-1.1298877019960418,-1
2025-12-26,87369.56,38.5888904984443,-1297.0660909619764,-1476.7211107744376,-1.1298877019960418,-1
2025-12-27,87877.01,41.036312984790165,-1208.7618823610246,-1423.129265091755,-1.1298877019960418,-1
2025-12-28,87952.71,49.01928889731003,-1119.763862717984,-1362.4561846170009,-1.1298877019960418,-1
2025-12-29,87237.13,53.9601802778546,-1094.358532653292,-1308.8366542242593,-0.9693465021508761,-1
2025-12-30,88485.49,53.11616788544216,-962.398475962691,-1239.5490185719457,-0.9693465021508761,-1
2025-12-31,87648.22,57.63719777352584,-914.8342323906982,-1174.6060613356965,-0.9693465021508761,-1
2026-01-01,88839.04,67.19358834907644,-772.1491500207339,-1094.114679072704,-0.9693465021508761,-1
2026-01-02,89995.13,61.33323249536166,-559.3357191038522,-987.1588870789336,-0.9693465021508761,-1
2026-01-03,90628.01,63.17032052227925,-335.74119950682507,-856.8753495645119,-0.9693465021508761,-1
2026-01-04,91529.73,65.58451357938907,-84.80211777688237,-702.4607032069861,-0.9693465021508761,-1
2026-01-05,93859.71,72.77284361046591,298.63633221411146,-502.2412961227666,-0.9693465021508761,-1
2026-01-06,93747.97,79.87720799922894,586.734076996654,-284.4462214988825,-0.9693465021508761,-1
2026-01-07,91364.16,64.56919511004452,615.6037735983846,-104.43622247942908,-0.9693465021508761,-1
2026-01-08,91099.99,65.49905358940018,610.1336638294015,38.47775478233703,-0.9693465021508761,-1
2026-01-09,90641.28,62.76591427688483,562.3026243940985,143.24272870468934,-0.9693465021508761,-1
2026-01-10,90504.7,60.55856071607379,507.52488552719296,216.09916006919008,-0.9693465021508761,-1
2026-01-11,91013.65,61.88561319472589,499.4240942721808,272.7641469097882,-0.9693465021508761,-1
2026-01-12,91296.2,66.30983081303441,509.925478966732,320.19641332117703,-0.9693465021508761,-1
2026-01-13,95414.0,72.62286399787888,840.8274130839272,424.3226132737271,-0.8161738430548106,0
2026-01-14,96951.78,79.04896968697814,1213.1708952203771,582.0922696630571,-0.8161738430548106,0
2026-01-15,95604.8,70.92105377080894,1383.6162912506843,742.3970739805826,-0.8161738430548106,0
2026-01-16,95550.94,68.43639061795875,1497.0919002060546,893.336039225677,-0.8161738430548106,0
2026-01-17,95147.77,65.23055978649128,1536.7747060804104,1022.0237725966238,-0.8161738430548106,0
2026-01-18,93673.14,56.95428698612848,1432.7178194454318,1104.1625819663857,-0.8161738430548106,0
2026-01-19,92631.0,45.6499280953517,1251.7308248517074,1133.67623054345,-1.1298877019960418,-1
2026-01-20,88427.66,35.39537521541939,760.3579849295347,1059.012581420667,-1.1298877019960418,-1
2026-01-21,89454.73,44.336633698605894,448.6457259029994,936.9392103171336,-1.1298877019960418,-1
2026-01-22,89559.67,45.387849208012675,207.6852297893056,791.088414211568,-1.1298877019960418,-1
2026-01-23,89600.26,46.80283875437795,19.769681782388943,636.8246677257322,-1.1298877019960418,-1
2026-01-24,89225.34,46.12754499137948,-157.59104308664973,477.9415255632558,-1.1298877019960418,-1
2026-01-25,86670.36,38.30232025747721,-498.569035014385,282.6394134477277,-1.1298877019960418,-1
2026-01-26,88347.08,42.61202509955449,-626.2798943878151,100.85555188061912,-1.1298877019960418,-1
2026-01-27,89250.0,31.593450565096575,-647.1733609124203,-48.75023067798875,-1.1298877019960418,-1
2026-01-28,89299.99,24.92244162228596,-652.1798847033642,-169.43616148306384,-1.1298877019960418,0
2026-01-29,84650.16,20.48714646723168,-1019.59673514124,-339.4682762146991,-1.1298877019960418,0
2026-01-30,84260.49,20.123038426750895,-1326.924390212036,-536.9594990141666,-1.1298877019960418,0
2026-01-31,78741.09,15.835274793283432,-1992.8805371739145,-828.1437066461161,-0.9409738011818992,0
2026-02-01,76968.21,15.64099304836526,-2633.3564866491943,-1189.1862626467318,-0.9409738011818992,0
2026-02-02,78738.61,22.257000956559395,-2963.915632401622,-1544.13213659771,-0.9409738011818992,0
2026-02-03,75770.21,23.411745973462654,-3425.9193433768814,-1920.4895779535443,-0.9409738011818992,0
2026-02-04,73165.83,17.909993766750375,-3956.6030560398062,-2327.712273570797,-0.9409738011818992,0
2026-02-05,62909.86,12.497857507729153,-5145.431457060171,-2891.256110268672,-0.8067222026821986,1
2026-02-06,70580.26,27.966148033194884,-5406.328563762043,-3394.270600967346,-0.8067222026821986,0
2026-02-07,69289.38,27.384983762440218,-5652.100729254831,-3845.836626624843,-0.8067222026821986,0
2026-02-08,70330.38,30.804875802460543,-5697.203129806105,-4216.109927261095,-0.8067222026821986,0
2026-02-09,70138.0,27.83624036904949,-5682.960929328532,-4509.480127674583,-0.8067222026821986,0
2026-02-10,68841.29,25.394763587928225,-5710.480676198495,-4749.680237379365,-0.8067222026821986,0
2026-02-11,67082.52,24.27406268533872,-5807.2657693165675,-4961.197343766806,-0.8067222026821986,0
2026-02-12,66272.17,26.64305128491246,-5881.558183932531,-5145.269511799951,-0.8067222026821986,0
2026-02-13,68853.96,31.4529812049056,-5666.783429754927,-5249.572295390946,-0.8067222026821986,0
2026-02-14,69822.95,37.94301752412574,-5356.635534832254,-5270.984943279208,-0.8067222026821986,0
2026-02-15,68832.58,38.76318721221276,-5131.601764908992,-5243.108307605165,-0.8067222026821986,0
2026-02-16,68892.43,35.726135857564316,-4892.039104542797,-5172.894466992691,-0.8067222026821986,0
2026-02-17,67503.52,37.44074504531193,-4759.394067451984,-5090.19438708455,-0.8067222026821986,0
2026-02-18,66461.0,39.30611259282226,-4684.3957726662775,-5009.034664200895,-0.8067222026821986,0
2026-02-19,67003.73,59.46093600146056,-4528.958296436278,-4913.019390647973,-0.6461810028370328,0
2026-02-20,68020.01,41.45531197414415,-4274.493968376468,-4785.314306193672,-0.8067222026821986,0
2026-02-21,67975.93,45.218508117742346,-4029.931500883715,-4634.237745131681,-0.9956361034963414,-1
2026-02-22,67643.4,39.68629522211282,-3818.92419443345,-4471.175034992035,-0.9956361034963414,-1
2026-02-23,64656.02,32.675273650771146,-3848.3940917224536,-4346.618846338119,-0.9956361034963414,-1
2026-02-24,64058.15,34.18526928891009,-3875.320032997624,-4252.35908367002,-0.9956361034963414,-1
2026-02-25,67988.04,52.618087447682754,-3538.757166099298,-4109.638700155875,-0.9956361034963414,-1
2026-02-26,67485.18,53.57060646824894,-3274.854781308881,-3942.6819163864766,-0.9693465021508761,-1
2026-02-27,65872.1,40.69177528853102,-3159.4521176547423,-3786.03595664013,-1.1298877019960418,-1
2026-02-28,66973.26,41.17716265075531,-2945.1899496333644,-3617.866755238777,-1.1298877019960418,-1
2026-03-01,65776.47,40.657486306189824,-2839.227738794565,-3462.138951949935,-1.1298877019960418,-1
2026-03-02,68830.06,49.83883446074275,-2480.2618159004196,-3265.763524740032,-1.1298877019960418,-1
2026-03-03,68338.0,52.26111781288713,-2210.0082658733736,-3054.612472966701,-1.1298877019960418,-1
2026-03-04,72666.77,64.27331067980373,-1627.7708888906636,-2769.244156151494,-0.9693465021508761,-1
2026-03-05,70890.72,58.460134100108895,-1294.7311104695546,-2474.341547015106,-0.9693465021508761,-1
2026-03-06,68114.02,50.190051191110136,-1240.550872555934,-2227.5834121232715,-0.9956361034963414,-1
2026-03-07,67262.91,48.60410245326519,-1251.859451141485,-2032.4386199269145,-0.9956361034963414,-1
2026-03-08,65971.2,46.84478897710179,-1349.4956371997832,-1895.850023381488,-0.9956361034963414,-1
2026-03-09,68432.16,57.26946859382583,-1214.2964594710938,-1759.5393105994094,-0.8350949036511756,0
2026-03-10,69948.63,60.952430534896195,-973.5610756725946,-1602.3436636140466,-0.8350949036511756,0
2026-03-11,70191.86,54.74868280086571,-754.4530561646825,-1432.765542124174,-0.8350949036511756,0
2026-03-12,70541.34,56.629080705699856,-546.3107268503518,-1255.4745790694094,-0.8350949036511756,0
2026-03-13,70930.0,61.58647603810738,-346.0062725231546,-1073.5809177601584,-0.8350949036511756,0
2026-03-14,71211.95,60.08850159918849,-162.6377539189707,-891.3922849919209,-0.8350949036511756,0
2026-03-15,72815.24,66.43494942334536,110.77823933408943,-690.9581801267188,-0.9693465021508761,-1
2026-03-16,74884.67,64.81803359492741,488.8133538277034,-455.0038733358344,-0.9693465021508761,-1
2026-03-17,73909.36,63.32025063692074,701.6216816636879,-223.67876233592995,-0.9693465021508761,-1
2026-03-18,71246.54,46.31054851180717,647.9374749065464,-49.355514887434715,-1.1298877019960418,-1
2026-03-19,69930.0,47.44321538712112,493.47016220614023,59.20962053128027,-1.1298877019960418,-1
2026-03-20,70510.73,57.22262168591624,413.15121166074823,129.99793875717387,-0.9693465021508761,-1
2026-03-21,68918.12,54.77468371373069,218.46917107206536,147.69218522015217,-0.9693465021508761,-1
2026-03-22,67859.0,55.51968936762454,-21.037375498228357,113.94627307647607,-0.9693465021508761,-1
2026-03-23,70906.45,56.994621500766925,34.65621195237327,98.08826085165552,-0.9693465021508761,-1
2026-03-24,70556.74,51.8404898691491,49.998752411367605,88.47035916359795,-1.1298877019960418,-1
2026-03-25,71336.53,53.355447564004926,123.65494505118112,95.5072763411146,-0.9693465021508761,-1
2026-03-26,68820.31,45.523660203613986,-20.770487439571298,72.25172358497741,-1.1298877019960418,-1
2026-03-27,66407.28,39.357304216867455,-326.1800372549624,-7.434628583010541,-1.1298877019960418,-1
2026-03-28,66377.03,38.486257102441854,-564.1569775689422,-118.77909838019688,-1.1298877019960418,-1
2026-03-29,66010.93,32.78184088250933,-773.3815663896676,-249.69959198209105,-1.1298877019960418,-1
2026-03-30,66797.37,28.11418198193124,-865.7545454783831,-372.91058268134947,-1.1298877019960418,-1
2026-03-31,68284.48,35.18826706664025,-809.6305314256169,-460.254572430203,-1.1298877019960418,-1
2026-04-01,68113.92,40.50471457340901,-770.0380927070655,-522.2112764855755,-1.1298877019960418,-1
2026-04-02,66901.99,40.76322139216218,-826.9211895206536,-583.1532590925912,-1.1298877019960418,-1
2026-04-03,66964.3,38.82847392020101,-857.0935167732241,-637.9413106287178,-1.1298877019960418,-1
2026-04-04,67300.42,44.466049175774174,-844.1523655691417,-679.1835216168026,-1.1298877019960418,-1
2026-04-05,69034.18,53.842773226741855,-686.0876759868115,-680.5643524908045,-0.9693465021508761,-1
2026-04-06,68853.66,41.73851100906724,-568.8296123426844,-658.2174044611805,-1.1298877019960418,-1
2026-04-07,71924.22,54.51471471868046,-225.53341305063805,-571.680606179072,-0.8161738430548106,0
2026-04-08,71069.93,49.124132674516375,-22.14746302923595,-461.7739775491048,-0.9767150428999763,-1
2026-04-09,71787.97,61.0560151165858,194.73244041236467,-330.47269395681093,-0.8161738430548106,0
2026-04-10,72962.7,76.90458288461036,456.14407484197,-173.14934019705476,-0.8161738430548106,0
2026-04-11,73043.16,77.24666126594369,662.173998399725,-6.084672477698811,-0.8161738430548106,0
2026-04-12,70740.98,66.69153314169446,632.3976251370041,121.61178704524178,-0.9693465021508761,-1
2026-04-13,74417.99,72.33530954454919,895.1844822657877,276.32632608935097,-0.6678929674028963,0
2026-04-14,74131.55,68.43465282292416,1068.0201739505574,434.66509566159226,-0.8161738430548106,0
2026-04-15,74809.99,70.45627151078496,1245.382152632912,596.8085070558562,-0.8161738430548106,0
2026-04-16,75154.29,76.62176530857151,1397.6141057016212,756.9696267850093,-0.8161738430548106,0
2026-04-17,77072.0,79.1211646967713,1653.9366432261013,936.3630300732276,-0.6678929674028963,0
2026-04-18,75691.76,72.80419030060848,1725.80624791648,1094.251673641878,-0.6678929674028963,0
2026-04-19,73801.79,62.84731410426037,1611.6801974839764,1197.737378410298,-0.6678929674028963,0
2026-04-20,75840.97,67.11439215619032,1666.5681044387456,1291.5035236159874,-0.6678929674028963,0
2026-04-21,76336.15,62.36654320482421,1730.0807596946106,1379.218970831712,-0.6678929674028963,0
2026-04-22,78178.23,68.87898412617467,1907.071919684866,1484.789560602343,-0.6678929674028963,0
2026-04-23,78257.48,67.78591721526765,2030.329131418723,1593.897474765619,-0.6678929674028963,0
2026-04-24,77437.13,62.54551306890285,2038.319492390612,1682.781878290618,-0.6678929674028963,0
2026-04-25,77625.0,62.76975730482379,2036.3378151761135,1753.493065667717,-0.6678929674028963,0
2026-04-26,78657.55,73.74414912027603,2093.9477510886645,1821.5840027519064,-0.6678929674028963,0
2026-04-27,77371.32,60.340943389223526,2012.6158461644372,1859.790371434413,-0.6678929674028963,0
2026-04-28,76342.77,57.35998775121657,1843.9089024641,1856.6140776403504,-0.6678929674028963,0
2026-04-29,75780.0,53.25370667163997,1645.8245573716413,1814.4561735866089,-0.6678929674028963,0
2026-04-30,76346.57,53.94050963413429,1517.0709017308836,1754.9791192154637,-0.6678929674028963,0
2026-05-01,78231.13,53.839361127764526,1549.2422438729554,1713.831744146962,-0.6678929674028963,0
2026-05-02,78686.85,60.56780019236703,1593.1462612905452,1689.6946475756788,-0.6678929674028963,0
2026-05-03,78568.57,69.22222025075938,1599.9530411899177,1671.7463262985266,-0.8161738430548106,0
2026-05-04,79861.01,67.2498369434623,1690.1535320946568,1675.427767457753,-0.6678929674028963,0
2026-05-05,80905.52,68.72427106647996,1824.8851585061348,1705.3192456674292,-0.6678929674028963,0
2026-05-06,81447.01,64.99283561168834,1952.8434964808696,1754.8240958301174,-0.6678929674028963,0
2026-05-07,80006.0,57.129308727951816,1915.8887641649928,1787.0370294970926,-0.6678929674028963,0
2026-05-08,80193.17,61.84912448451036,1880.0330762917,1805.6362388560144,-0.6678929674028963,0
2026-05-09,80678.4,62.8002830533542,1869.2239410486072,1818.3537792945328,-0.6678929674028963,0
2026-05-10,82210.07,64.29447457790798,1961.638049435947,1847.010633322816,-0.6678929674028963,0
2026-05-11,81745.65,68.84773779578238,1974.6396665549544,1872.5364399692437,-0.6678929674028963,0
2026-05-12,80504.47,67.6089234003158,1863.311592599144,1870.691470495224,-0.6678929674028963,0
2026-05-13,79313.61,64.19678090430699,1659.8570435728034,1828.52458511074,-0.6678929674028963,0
2026-05-14,81089.99,67.36890439489942,1623.2451086539077,1787.4686898193736,-0.6678929674028963,0
2026-05-15,79113.21,53.20823094840091,1418.3701726501604,1713.648986385531,-0.8161738430548106,0
2026-05-16,78148.05,48.1103462401221,1164.699038485967,1603.8589968056183,-0.9767150428999763,-1
2026-05-17,77457.67,46.254218177207925,897.6078759529337,1462.6087726350816,-0.9767150428999763,-1
2026-05-18,77001.87,39.78297660669926,641.7591545842879,1298.4388490249228,-0.8284341672480621,0
2026-05-19,76834.36,34.47904085690931,420.6317614369473,1122.877431507328,-1.1298877019960418,-1
2026-05-20,77552.23,35.3485180665422,299.85626240201236,958.2731976862648,-0.8284341672480621,0
2026-05-21,77615.52,39.96751638869541,206.86319321620977,807.9911967922538,-0.8284341672480621,0
2026-05-22,75539.5,33.14199187831238,-33.960472877690336,639.600862858265,-1.1298877019960418,-1
2026-05-23,76752.01,36.48852051262819,-125.52852496976266,486.5749852926595,-1.1298877019960418,-1
2026-05-24,77064.96,30.673625264910328,-170.87467945819662,355.0850523424883,-1.1298877019960418,-1
2026-05-25,77322.01,33.120696839223015,-183.94959047381417,247.27812377922783,-0.9816068263441277,-1
2026-05-26,75930.01,32.74382552117912,-303.13991003906995,137.1945170155683,-0.9816068263441277,-1
2026-05-27,74449.3,32.04310855917683,-511.1873694131063,7.518139729833368,-0.9816068263441277,-1
2026-05-28,73617.51,20.346877971272576,-734.7156367926218,-140.92861557465767,-0.9816068263441277,0
2026-05-29,73460.78,23.782232830570564,-913.9744714997214,-295.53778675967044,-0.9816068263441277,0
2026-05-30,73884.38,29.177658985310927,-1010.2123109825044,-438.4726916042373,-1.1298877019960418,-1
2026-05-31,73674.39,30.614112578424297,-1090.8512756942946,-568.9484084222487,-1.1298877019960418,-1
2026-06-01,71408.9,25.824658893746378,-1322.321447184222,-719.6230161746433,-1.1298877019960418,-1
2026-06-02,66760.83,18.614512523935915,-1859.389741688472,-947.5763612774092,-1.1298877019960418,0
2026-06-03,64142.75,12.64410851624784,-2467.8298044289695,-1251.6270499077211,-0.9409738011818992,1
2026-06-04,63885.99,12.160403489189292,-2936.8867219102103,-1588.678984308219,-0.9409738011818992,1
2026-06-05,61056.47,11.675473994787056,-3496.62935843358,-1970.2690591332912,-0.9409738011818992,1
2026-06-06,60884.62,5.564955566047743,-3909.035363021016,-2358.0223199108364,-0.9409738011818992,1
2026-06-07,61814.48,8.71889126492161,-4113.421202934027,-2709.102096515475,-0.9409738011818992,1
