Date,Open,High,Low,Close,Volume,Dividends,Stock Splits,MA20,MA50,MA200,RSI,MACD,MACD_signal,MACD_hist,BB_middle,BB_upper,BB_lower,Price_vs_MA200,Volatility
2025-06-08 00:00:00+00:00,105617.5078125,106497.0625,105075.328125,105793.6484375,36626232328,0.0,0.0,,,,,0.0,0.0,0.0,,,,,
2025-06-09 00:00:00+00:00,105793.0234375,110561.421875,105400.234375,110294.1015625,55903193732,0.0,0.0,,,,,359.0105056980101,71.80210113960202,287.20840455840806,,,,,
2025-06-10 00:00:00+00:00,110295.6875,110380.125,108367.7109375,110257.234375,54700101509,0.0,0.0,,,,,633.2542828893347,184.09253748954856,449.1617453997861,,,,,
2025-06-11 00:00:00+00:00,110261.796875,110384.21875,108086.328125,108686.625,50842662052,0.0,0.0,,,,,715.6102917100216,290.3960883336432,425.21420337637835,,,,,
2025-06-12 00:00:00+00:00,108685.9140625,108780.6953125,105785.6875,105929.0546875,54843867968,0.0,0.0,,,,,552.0020082594419,342.71727231880294,209.284735940639,,,,,
2025-06-13 00:00:00+00:00,105924.59375,106182.546875,102822.0234375,106090.96875,69550440846,0.0,0.0,,,,,430.44448053310043,360.2627139616625,70.18176657143795,,,,,
2025-06-14 00:00:00+00:00,106108.0859375,106203.7578125,104379.3671875,105472.40625,38007870453,0.0,0.0,,,,,280.9577339608077,344.40171796149156,-63.44398400068388,,,,,
2025-06-15 00:00:00+00:00,105464.84375,106157.1015625,104519.8828125,105552.0234375,36744307742,0.0,0.0,,,,,166.98791916530172,308.9189582022536,-141.93103903695186,,,,,
2025-06-16 00:00:00+00:00,105555.59375,108915.375,104997.625,106796.7578125,50366626945,0.0,0.0,,,,,175.08738285354048,282.15264313251095,-107.06526027897047,,,,,
2025-06-17 00:00:00+00:00,106794.1171875,107750.1953125,103396.53125,104601.1171875,55964092176,0.0,0.0,,,,,4.286999613803346,226.57951442876944,-222.2925148149661,,,,,
2025-06-18 00:00:00+00:00,104602.0703125,105581.8515625,103602.265625,104883.328125,47318089133,0.0,0.0,,,,,-107.06726574056665,159.85015839490222,-266.9174241354689,,,,,
2025-06-19 00:00:00+00:00,104886.7734375,105250.890625,103940.7734375,104684.2890625,37333806920,0.0,0.0,,,,,-208.9682562234375,86.08647547123428,-295.0547316946718,,,,,
2025-06-20 00:00:00+00:00,104681.03125,106539.3828125,102372.2109375,103309.6015625,50951862476,0.0,0.0,,,,,-396.0854908613255,-10.347917795277683,-385.73757306604784,,,,,
2025-06-21 00:00:00+00:00,103315.078125,104015.78125,100973.0625,102257.40625,38360555118,0.0,0.0,,,,39.000187121655806,-622.109326507969,-132.70019953781593,-489.409126970153,,,,,
2025-06-22 00:00:00+00:00,102212.03125,103351.6328125,98286.203125,100987.140625,65536997201,0.0,0.0,,,,36.14389397854762,-893.4356940201978,-284.8472984342923,-608.5883955859056,,,,,
2025-06-23 00:00:00+00:00,100987.4765625,106116.859375,99705.75,105577.7734375,65237759656,0.0,0.0,,,,36.47418783288568,-729.6274021107529,-373.8033191695844,-355.82408294116846,,,,,
2025-06-24 00:00:00+00:00,105571.515625,106316.828125,104740.2421875,106045.6328125,48822986421,0.0,0.0,,,,38.21305769793365,-555.6506146932516,-410.17277827431786,-145.4778364189337,,,,,
2025-06-25 00:00:00+00:00,106047.40625,108168.3984375,105881.390625,107361.2578125,51624120283,0.0,0.0,,,,46.237008967012414,-308.0616716773511,-389.75055695492455,81.68888527757343,,,,,
2025-06-26 00:00:00+00:00,107375.0703125,108305.546875,106666.3515625,106960.0,43891990613,0.0,0.0,,,,53.37920855008059,-142.5802264748345,-340.31649085890655,197.73626438407206,,,,,
2025-06-27 00:00:00+00:00,106954.921875,107772.46875,106449.9921875,107088.4296875,45353692675,0.0,0.0,105931.43984375,,,53.27664676682799,-1.0595723819715204,-272.4651071635196,271.40553478154806,105931.43984375,110526.76108887373,101336.11859862629,,
2025-06-28 00:00:00+00:00,107090.546875,107567.8828125,106883.9765625,107327.703125,30037708335,0.0,0.0,106008.142578125,,,56.25038163759905,128.91784760396695,-192.18851621002227,321.1063638139892,106008.142578125,110644.80519102086,101371.47996522914,,33.78519920952062
2025-06-29 00:00:00+00:00,107327.8203125,108526.3046875,107230.109375,108385.5703125,35534874438,0.0,0.0,105912.716015625,,,58.9557435242014,313.6711249706859,-91.01658797388065,404.68771294456656,105912.716015625,110246.64906643995,101578.78296481006,,28.514567235880023
2025-06-30 00:00:00+00:00,108383.4375,108798.7890625,106759.6484375,107135.3359375,42064804590,0.0,0.0,105756.62109375,,,51.06974232188733,355.112447694235,-1.7907808402575098,356.90322853449254,105756.62109375,109632.36976107283,101880.87242642717,,28.880986234713262
2025-07-01 00:00:00+00:00,107144.3828125,107550.6796875,105270.2265625,105698.28125,44110692247,0.0,0.0,105607.20390625,,,53.64103936212522,268.8970138144505,52.34677809068409,216.55023572376638,105607.20390625,109229.4670097322,101984.9408027678,,28.811644363233757
2025-07-02 00:00:00+00:00,105703.1015625,109763.65625,105157.3984375,108859.3203125,56248657737,0.0,0.0,105753.7171875,,,61.07798847114456,450.4476160304039,131.96694567862806,318.4806703517758,105753.7171875,109656.94399885781,101850.4903761422,,29.601166367808563
2025-07-03 00:00:00+00:00,108845.015625,110541.4609375,108605.796875,109647.9765625,50494742270,0.0,0.0,105931.567578125,,,63.38998267642856,650.4675594642176,235.667068435746,414.80049102847164,105931.567578125,110205.9959499721,101657.1392062779,,29.703598494016507
2025-07-04 00:00:00+00:00,109635.65625,109751.984375,107296.3828125,108034.3359375,42616442656,0.0,0.0,106059.6640625,,,62.583164244493304,671.0421369754476,322.74208214368633,348.3000548317613,106059.6640625,110428.66097292048,101690.66715207952,,30.375011663580963
2025-07-05 00:00:00+00:00,108015.8359375,108381.34375,107842.2734375,108231.1796875,30615537520,0.0,0.0,106193.621875,,,66.66912278605906,695.21725169821,397.2371160545911,297.9801356436189,106193.621875,110660.28255421406,101726.96119578593,,30.374623744965735
2025-07-06 00:00:00+00:00,108231.1875,109731.625,107847.015625,109232.0703125,36746020463,0.0,0.0,106315.3875,,,73.35766148719563,786.0782917038014,475.0053511844332,311.07294051936816,106315.3875,110979.6837420585,101651.09125794149,,30.226003253270882
2025-07-07 00:00:00+00:00,109235.328125,109710.25,107527.0546875,108299.8515625,45415696597,0.0,0.0,106500.32421875,,,59.728037327859525,773.942530549175,534.7927870573816,239.1497434917934,106500.32421875,111171.73165733863,101828.91678016137,,28.970028348549796
2025-07-08 00:00:00+00:00,108298.2265625,109198.96875,107499.5546875,108950.2734375,44282204127,0.0,0.0,106703.671484375,,,60.24676414203049,807.5001033704903,589.3342503200033,218.16585305048693,106703.671484375,111432.42558802392,101974.91738072607,,29.023117318967696
2025-07-09 00:00:00+00:00,108950.2734375,111925.375,108357.6796875,111326.5546875,57927418065,0.0,0.0,107035.784765625,,,63.014534612398364,1014.150266083816,674.2974534727658,339.8528126110501,107035.784765625,112089.23501237915,101982.33451887083,,30.154749695494758
2025-07-10 00:00:00+00:00,111329.1953125,116608.78125,110660.75,115987.203125,95911605728,0.0,0.0,107669.66484375,,,73.15439281042399,1536.288015177357,846.6955658136841,689.5924493636729,107669.66484375,113817.14746837688,101522.18221912312,,33.41049158810003
2025-07-11 00:00:00+00:00,115986.234375,118856.4765625,115245.6875,117516.9921875,86928361085,0.0,0.0,108432.644140625,,,74.95485208308563,2049.8971966303798,1087.3358919770233,962.5613046533565,108432.644140625,115474.53969920974,101390.74858204025,,32.72757422630592
2025-07-12 00:00:00+00:00,117530.7109375,118219.8984375,116977.0234375,117435.2265625,45524560304,0.0,0.0,109255.0484375,,,74.37033342236853,2422.4142866960756,1354.3515709208339,1068.0627157752417,109255.0484375,116475.31790523235,102034.77896976763,,31.751563648656077
2025-07-13 00:00:00+00:00,117432.203125,119449.5703125,117265.4375,119116.1171875,49021091807,0.0,0.0,109931.965625,,,75.11788036258727,2820.7546859020076,1647.6321939170687,1173.122491984939,109931.965625,118167.73320215831,101696.19804784168,,27.081393488647937
2025-07-14 00:00:00+00:00,119115.7890625,123091.609375,118959.1953125,119849.703125,181746419401,0.0,0.0,110622.169140625,,,80.49926592870982,3159.2190656399616,1949.9495682616473,1209.2694973783143,110622.169140625,119751.79342018747,101492.54486106253,,27.070447571100242
2025-07-15 00:00:00+00:00,119853.8515625,119935.5625,115765.6875,117777.1875,98321661181,0.0,0.0,111142.965625,,,78.11769823695613,3223.0663324929046,2204.5729211078988,1018.4934113850059,111142.965625,120669.09426959741,101616.83698040259,,28.693547503250567
2025-07-16 00:00:00+00:00,117777.1875,120065.515625,117064.8203125,118738.5078125,72162029070,0.0,0.0,111731.891015625,,,75.62100550618129,3313.0455399133643,2426.267444868992,886.7780950443725,111731.891015625,121618.69509098298,101845.08694026704,,28.467063976581414
2025-07-17 00:00:00+00:00,118738.5078125,120999.609375,117508.21875,119289.84375,72363841798,0.0,0.0,112341.96171875,,,75.31717263718028,3389.7677796027565,2618.9675118157447,770.8002677870118,112341.96171875,122523.72499887591,102160.19843862408,,28.408797593705497
2025-07-18 00:00:00+00:00,119284.109375,120851.9140625,116925.984375,118003.2265625,77945799785,0.0,0.0,112875.737890625,,,76.6332461712118,3308.6118352898484,2756.8963765105655,551.7154587792829,112875.737890625,123069.99047097971,102681.48531027028,,29.23014308929679
2025-07-19 00:00:00+00:00,117998.125,118541.3984375,117388.4140625,117939.9765625,47564562765,0.0,0.0,113353.458203125,,,76.12485683869568,3202.2775560100563,2845.9726124104636,356.30494359959266,113353.458203125,123557.21196492003,103149.70444132997,,29.226219398603163
2025-07-20 00:00:00+00:00,117944.109375,118865.03125,116550.1328125,117300.7890625,57515447231,0.0,0.0,113861.730859375,,,72.142686238979,3031.484715480183,2883.0750330244077,148.40968245577506,113861.730859375,123769.7643993622,103953.69731938781,,28.69999657205185
2025-07-21 00:00:00+00:00,117306.46875,119671.5625,116584.3984375,117439.5390625,69820091744,0.0,0.0,114448.79375,,,76.22374330553481,2874.194202637911,2881.2988669471083,-7.104664309197233,114448.79375,123689.08659398944,105208.50090601055,,27.591268933993344
2025-07-22 00:00:00+00:00,117426.5,120269.96875,116233.2265625,119995.4140625,79217583118,0.0,0.0,115005.5984375,,,78.56726606726606,2922.0940093553654,2889.45789542876,32.6361139266055,115005.5984375,124169.50315150325,105841.69372349675,,26.393974599637676
2025-07-23 00:00:00+00:00,119997.4453125,120113.3515625,117391.390625,118754.9609375,66608604537,0.0,0.0,115460.94765625,,,70.41221320294743,2827.3686056798033,2877.0400374789688,-49.671431799165475,115460.94765625,124406.37529646963,106515.52001603038,,27.16067080376956
2025-07-24 00:00:00+00:00,118770.984375,119535.453125,117247.96875,118368.0,72627318560,0.0,0.0,115977.630859375,,,58.55030206716519,2690.0641421940527,2839.6448584219856,-149.58071622793295,115977.630859375,124288.12353557812,107667.13818317188,,26.054934112808414
2025-07-25 00:00:00+00:00,118368.0,118486.9765625,114759.8203125,117635.8828125,104857024569,0.0,0.0,116447.866015625,,,50.452929607512594,2493.430907785616,2770.402068294712,-276.9711605090961,116447.866015625,123936.45722898911,108959.27480226089,,26.44441678292917
2025-07-26 00:00:00+00:00,117644.84375,118335.6875,117181.2265625,117947.3671875,48508954046,0.0,0.0,116883.630859375,,,51.9175057741044,2335.806119770059,2683.4828785897816,-347.67675881972264,116883.630859375,123576.25395253001,110191.00776621999,,26.355668715272078
2025-07-27 00:00:00+00:00,117944.7265625,119815.59375,117859.6875,119448.4921875,54683390892,0.0,0.0,117441.062890625,110966.03359375,,51.26142559118948,2305.4399055724643,2607.8742839863185,-302.4343784138541,117441.062890625,122859.17783945867,112022.94794179134,,25.985789068716354
2025-07-28 00:00:00+00:00,119457.5234375,119819.7890625,117441.4375,117924.4765625,64822943193,0.0,0.0,117889.773046875,111208.65015625,,43.106962100025676,2133.801996664697,2513.059826521994,-379.2578298572971,117889.773046875,121547.61891133212,114231.92718241787,,27.060205801561832
2025-07-29 00:00:00+00:00,117938.5859375,119273.8671875,116987.3671875,117922.1484375,68463107433,0.0,0.0,118219.552734375,111361.21109375,,50.60934479753201,1974.8253002650017,2405.4129212705957,-430.587621005594,118219.552734375,120182.59778230317,116256.50768644683,,25.890965120733604
2025-07-30 00:00:00+00:00,117921.9921875,118780.7265625,115800.828125,117831.1875,68896148592,0.0,0.0,118311.751953125,111512.69015625,,45.884967448096596,1820.509633709502,2288.432263758377,-467.9226300488749,118311.751953125,119985.1834540243,116638.3204522257,,19.102996291979306
2025-07-31 00:00:00+00:00,117833.6328125,118919.984375,115505.21875,115758.203125,69370346018,0.0,0.0,118223.8125,111654.12171875,,35.9253553454694,1513.4942224912666,2133.444655504955,-619.9504330136883,118223.8125,120225.71019327972,116221.91480672028,,19.79278971399438
2025-08-01 00:00:00+00:00,115738.953125,116060.7734375,112724.4453125,113320.0859375,91294530181,0.0,0.0,118018.05546875,111801.94234375,,32.90526289373031,1061.2136064656806,1918.9984456971001,-857.7848392314195,118018.05546875,120977.9281750802,115058.18276241979,,21.61941377338878
2025-08-02 00:00:00+00:00,113320.390625,114021.6015625,112005.765625,112526.9140625,56870866000,0.0,0.0,117688.5953125,111930.66125,,31.24051022242631,631.4961240357661,1661.4979813648333,-1030.0018573290672,117688.5953125,121483.05207531368,113894.13854968631,,20.469429379943055
2025-08-03 00:00:00+00:00,112525.8046875,114747.421875,111943.8046875,114217.671875,48099615826,0.0,0.0,117406.99375,112105.5665625,,40.04103314701021,422.501612883716,1413.69870766861,-991.197094784894,117406.99375,121358.83459552706,113455.15290447293,,21.53647281262139
2025-08-04 00:00:00+00:00,114223.921875,115729.46875,114130.40625,115071.8828125,35783028986,0.0,0.0,117271.728515625,112295.96375,,42.689965381899015,322.08682436990784,1195.3763310088696,-873.2895066389617,117271.728515625,121353.28484495432,113190.17218629568,,20.821316322935722
2025-08-05 00:00:00+00:00,115072.1875,115117.4375,112701.109375,114141.4453125,61039182286,0.0,0.0,117041.875390625,112442.8575,,29.90967628460872,165.52082967253227,989.4052307416022,-823.8844010690699,117041.875390625,121290.00357470177,112793.74720654824,,20.58776222745769
2025-08-06 00:00:00+00:00,114140.9140625,115737.8359375,113372.25,115028.0,56379133510,0.0,0.0,116828.783203125,112651.39515625,,36.89095484650318,111.69119830368436,813.8624242540186,-702.1712259503342,116828.783203125,121029.42184658445,112628.14455966555,,20.820925850667752
2025-08-07 00:00:00+00:00,115030.0546875,117676.90625,114279.7109375,117496.8984375,64051649681,0.0,0.0,116803.466796875,112903.6665625,,47.32744433583872,265.1933146294614,704.1286023291073,-438.93528769964587,116803.466796875,120980.33860960529,112626.59498414471,,22.616196491834984
2025-08-08 00:00:00+00:00,117505.5,117689.203125,115917.4609375,116688.7265625,59713005166,0.0,0.0,116740.904296875,113143.7553125,,47.10760521659799,317.96680816527805,626.8962434963414,-308.92943533106336,116740.904296875,120883.44243851073,112598.36615523927,,22.798626660673552
2025-08-09 00:00:00+00:00,116678.2734375,117906.609375,116363.8359375,116500.359375,54004312429,0.0,0.0,116700.8828125,113407.57046875,,45.54769609613017,340.66356668290973,569.649708133655,-228.98614145074532,116700.8828125,120836.10538616324,112565.66023883676,,22.697514455212882
2025-08-10 00:00:00+00:00,116497.71875,119320.7109375,116485.1640625,119306.7578125,64755458694,0.0,0.0,116794.24375,113748.5575,,49.59632199540027,578.4359614852438,571.4069588039728,7.029002681270981,116794.24375,121081.21196841754,112507.27553158245,,24.97536020700527
2025-08-11 00:00:00+00:00,119306.8125,122321.09375,118159.03125,118731.4453125,90528784177,0.0,0.0,116731.0453125,114103.44359375,,52.42965223879333,712.2391373390856,599.5733945109954,112.66574282809017,116731.0453125,120853.4190813057,112608.6715436943,,23.223768567431783
2025-08-12 00:00:00+00:00,118717.6640625,120302.46875,118228.71875,120172.90625,72803657984,0.0,0.0,116801.942578125,114395.34625,,56.23623565553456,923.9423369415163,664.4471829970996,259.49515394441664,116801.942578125,121115.22634090541,112488.65881534459,,23.371840057584514
2025-08-13 00:00:00+00:00,120168.9765625,123682.453125,118939.6328125,123344.0625,90904808795,0.0,0.0,117050.745703125,114741.31484375,,63.047607213859706,1332.2471390580467,798.0071742092891,534.2399648487576,117050.745703125,122231.27030997095,111870.22109627904,,25.728620279052894
2025-08-14 00:00:00+00:00,123339.3984375,124457.1171875,117254.8828125,118359.578125,104055627395,0.0,0.0,117086.93046875,114961.28125,,55.411076443057716,1239.3390750290273,886.2735543732368,353.06552065579046,117086.93046875,122294.70173336608,111879.15920413392,,31.389704324422528
2025-08-15 00:00:00+00:00,118365.78125,119332.3125,116864.5703125,117398.3515625,68665353159,0.0,0.0,117059.4796875,115170.04828125,,59.03846513454383,1075.7452925273246,924.1679020040544,151.5773905232702,117059.4796875,122253.92506449949,111865.03431050052,,31.580456278559275
2025-08-16 00:00:00+00:00,117398.421875,117996.0625,117271.953125,117491.3515625,48036922378,0.0,0.0,116961.62265625,115378.10671875,,61.35484479667893,942.7331234159938,927.8809462864424,14.852177129551364,116961.62265625,122038.98958263507,111884.25572986492,,31.056223146561244
2025-08-17 00:00:00+00:00,117492.7890625,118595.7734375,117279.5234375,117453.0625,45852169525,0.0,0.0,116938.051953125,115580.61390625,,58.005234630521684,824.7235144436854,907.249459917891,-82.52594547420563,116938.051953125,122000.95469268762,111875.14921356238,,30.5793146269029
2025-08-18 00:00:00+00:00,117453.90625,117614.171875,114723.6796875,116252.3125,72787808090,0.0,0.0,116854.56015625,115737.94875,,52.87146181817629,627.0809602409572,851.2157599825043,-224.1347997415471,116854.56015625,121904.18859110361,111804.93172139638,,30.88472987228339
2025-08-19 00:00:00+00:00,116241.859375,116764.5,112730.3984375,112831.1796875,71657600353,0.0,0.0,116604.559765625,115851.865625,,47.157183605861576,192.17570384005376,719.4077487540143,-527.2320449139605,116604.559765625,121937.72975885744,111271.38977239256,,33.25295205233719
2025-08-20 00:00:00+00:00,112828.0234375,114625.796875,112387.9609375,114274.7421875,67993811526,0.0,0.0,116530.38671875,116023.39484375,,48.40426429859755,-35.59608626138652,568.4069817509342,-604.0030680123207,116530.38671875,121953.62197197102,111107.15146552898,,33.05255929716153
2025-08-21 00:00:00+00:00,114275.6875,114802.6484375,111986.234375,112419.03125,57817883700,0.0,0.0,116485.333984375,116094.5890625,,38.95588757542237,-361.67803550028475,382.3899783006904,-744.0680138009752,116485.333984375,122034.37184526934,110936.29612348066,,32.53638759216952
2025-08-22 00:00:00+00:00,112433.734375,117377.3984375,111678.9453125,116874.0859375,82528088240,0.0,0.0,116702.692578125,116239.11125,,50.34795019411063,-257.64468122307153,254.38304639593804,-512.0277276190095,116702.692578125,121930.11612082963,111475.26903542038,,36.53329007088128
2025-08-23 00:00:00+00:00,116866.3671875,116996.25,114536.109375,115374.328125,55377142586,0.0,0.0,116760.525390625,116385.91109375,,47.98543799238187,-292.8397456073144,144.93848799528757,-437.778233602602,116760.525390625,121896.99206051517,111624.05872073483,,36.573979733319
2025-08-24 00:00:00+00:00,115387.390625,115615.0859375,111060.546875,113458.4296875,73961489632,0.0,0.0,116679.852734375,116490.45609375,,39.192497264146304,-469.9122241635632,21.96834556351742,-491.8805697270806,116679.852734375,121976.18289418926,111383.52257456075,,37.15626502292001
2025-08-25 00:00:00+00:00,113456.8984375,113637.84375,109324.28125,110124.3515625,85706860190,0.0,0.0,116478.998046875,116508.30171875,,35.5661053686309,-869.2554441245593,-156.27641237409793,-712.9790317504613,116478.998046875,122443.22506757382,110514.77102617618,,39.05448999607994
2025-08-26 00:00:00+00:00,110124.1015625,112397.015625,108762.0390625,111802.65625,69396320317,0.0,0.0,116317.730859375,116578.3578125,,36.073910470979335,-1038.3432858988526,-332.6897870790489,-705.6534988198036,116317.730859375,122612.41790794714,110023.04381080288,,39.52612251353272
2025-08-27 00:00:00+00:00,111795.7109375,112619.4140625,110398.265625,111222.0625,62137056409,0.0,0.0,116003.9890625,116623.79359375,,27.92937701060221,-1205.3017142302851,-507.2121725092962,-698.089541720989,116003.9890625,122666.00038336369,109341.9777416363,,38.20603179384703
2025-08-28 00:00:00+00:00,111219.0546875,113450.078125,110900.921875,112544.8046875,58860155962,0.0,0.0,115796.79296875,116648.15859375,,37.78414154613968,-1216.8560723049886,-649.1409524684348,-567.7151198365539,115796.79296875,122624.8290146232,108968.7569228768,,38.636672523629
2025-08-29 00:00:00+00:00,112550.5234375,112619.0546875,107559.625,108410.8359375,77843379644,0.0,0.0,115392.316796875,116496.63125,,33.339695828327336,-1541.816611283124,-827.6760842313727,-714.1405270517514,115392.316796875,122962.89973021095,107821.73386353906,,41.447452894079575
2025-08-30 00:00:00+00:00,108409.40625,108929.3515625,107444.4453125,108808.0703125,51486264208,0.0,0.0,114867.382421875,116322.4528125,,34.08319027021888,-1747.1565522342862,-1011.5721778319554,-735.5843744023308,114867.382421875,122744.84567380314,106989.91916994685,,39.731081319946284
2025-08-31 00:00:00+00:00,108818.4609375,109491.0,108104.65625,108236.7109375,47986191770,0.0,0.0,114342.645703125,116138.4825,,33.429877076685415,-1933.7033330110135,-1195.998408867767,-737.7049241432464,114342.645703125,122528.46629905963,106156.82510719038,,39.73240228841116
2025-09-01 00:00:00+00:00,108228.75,109890.5859375,107271.1796875,109250.59375,66870372995,0.0,0.0,113796.530078125,115941.17203125,,37.32641736759639,-1976.9421724171552,-1352.1871615776447,-624.7550108395105,113796.530078125,121799.93184130208,105793.12831494791,,39.5276134549441
2025-09-02 00:00:00+00:00,109243.0703125,111748.015625,108454.03125,111200.5859375,74776999491,0.0,0.0,113189.35625,115768.1896875,,46.88248512161707,-1832.7345681351726,-1448.2966428891505,-384.43792524602213,113189.35625,119877.42793262572,106501.28456737427,,38.395787674967444
2025-09-03 00:00:00+00:00,111190.6953125,112600.2265625,110582.9609375,111723.2109375,61119643565,0.0,0.0,112857.537890625,115647.11015625,,44.94369880548453,-1657.1746551719552,-1490.0722453457115,-167.10240982624373,112857.537890625,119109.86811425045,106605.20766699954,,35.0921317023315
2025-09-04 00:00:00+00:00,111718.1484375,112208.328125,109347.2265625,110723.6015625,60131132901,0.0,0.0,112523.800390625,115486.81203125,,46.52221000361216,-1580.4834523640457,-1508.1544867493785,-72.32896561466714,112523.800390625,118460.17069563844,106587.43008561154,,35.11831556495076
2025-09-05 00:00:00+00:00,110723.015625,113357.4921875,110233.3984375,110650.984375,60241647677,0.0,0.0,112181.78203125,115314.03484375,,34.43653746432773,-1508.1793687981553,-1508.159463159134,-0.019905639021317256,112181.78203125,117685.53544738835,106678.02861511165,,35.09560549683953
2025-09-06 00:00:00+00:00,110650.5703125,111275.015625,110024.0859375,110224.6953125,21500719036,0.0,0.0,111820.363671875,115158.46421875,,36.39045496533984,-1468.3496061035257,-1500.1974917480125,31.847885644486723,111820.363671875,116790.06151181564,106850.66583193437,,35.079518963563224
2025-09-07 00:00:00+00:00,110221.328125,111591.078125,110211.625,111167.6171875,24618007520,0.0,0.0,111566.12890625,115023.01703125,,43.6175621953789,-1345.1917836948705,-1469.1963501373841,124.00456644251358,111566.12890625,116080.57846022719,107051.67935227281,,35.25458892350333
2025-09-08 00:00:00+00:00,111163.015625,112869.234375,110630.609375,112071.4296875,40212813407,0.0,0.0,111528.14140625,114918.42984375,,56.274439311958155,-1161.2717885462625,-1407.6114378191598,246.3396492728973,111528.14140625,116010.4416752129,107045.84113728709,,33.24994148081408
2025-09-09 00:00:00+00:00,112077.578125,113225.4375,110776.703125,111530.546875,45984480722,0.0,0.0,111390.931640625,114800.25,,49.05376505336732,-1047.0884065803111,-1335.5068315713902,288.41842499107906,111390.931640625,115683.20092436115,107098.66235688885,,32.77643554948089
2025-09-10 00:00:00+00:00,111531.25,114275.25,110940.078125,113955.359375,56377473784,0.0,0.0,111467.748046875,114679.44890625,,58.42427108535853,-752.2635243382683,-1218.8581701247658,466.5946457864975,111467.748046875,115890.49474552873,107045.00134822127,,33.41058166103571
2025-09-11 00:00:00+00:00,113961.4296875,115522.546875,113453.8359375,115507.5390625,45685065332,0.0,0.0,111399.420703125,114614.50046875,,59.004074306228276,-388.8819631875085,-1052.8629287373144,663.9809655498059,111399.420703125,115501.05886767873,107297.78253857126,,29.188264013895914
2025-09-12 00:00:00+00:00,115507.7890625,116769.3828125,114794.484375,116101.578125,54785725894,0.0,0.0,111435.783203125,114569.17203125,,79.78078001220982,-52.361875098591554,-852.7627180095699,800.4008429109783,111435.783203125,115695.63914424938,107175.92726200062,,28.733028427193958
2025-09-13 00:00:00+00:00,116093.5625,116334.6328125,115248.2734375,115950.5078125,34549454947,0.0,0.0,111560.387109375,114535.46453125,,78.1951075089745,199.83898807759397,-642.2423767921372,842.0813648697311,111560.387109375,116198.36277633112,106922.41144241889,,27.716467323749043
2025-09-14 00:00:00+00:00,115950.2890625,116181.5,115222.3984375,115407.65625,32798036057,0.0,0.0,111824.55234375,114484.6703125,,78.37149969924783,351.8504914141813,-443.4238031508735,795.2742945650548,111824.55234375,116713.20737764514,106935.89730985484,,24.27730038814609
2025-09-15 00:00:00+00:00,115399.6328125,116747.8828125,114461.0625,115444.875,52937859416,0.0,0.0,112006.66328125,114404.59796875,,76.55999807047846,469.9071479723061,-260.7576129262376,730.6647608985437,112006.66328125,117156.27690022187,106857.04966227814,,23.59108708789335
2025-09-16 00:00:00+00:00,115423.7578125,117005.2734375,114813.09375,116843.1875,45781744593,0.0,0.0,112287.71953125,114382.9721875,,75.39597871423217,668.5929085466632,-74.88750863165743,743.4804171783206,112287.71953125,117853.77242425401,106721.66663824598,,23.780543043771228
2025-09-17 00:00:00+00:00,116840.5078125,117328.609375,114794.9765625,116468.5078125,60528025996,0.0,0.0,112483.9046875,114353.899375,,71.6456908754239,786.7501201528212,97.4400171252383,689.3101030275828,112483.9046875,118356.277352447,106611.53202255302,,23.513369137799156
2025-09-18 00:00:00+00:00,116461.265625,117911.7890625,116188.796875,117137.203125,49457272032,0.0,0.0,112920.223046875,114340.0196875,,80.16637159556666,923.7008365661604,262.6921810134227,661.0086555527378,112920.223046875,118815.06354724368,107025.38254650633,,15.92233805211902
2025-09-19 00:00:00+00:00,117137.671875,117479.7578125,115141.8203125,115688.859375,38828473971,0.0,0.0,113264.2625,114338.6328125,,70.98046437295596,904.934507983271,391.1406464073924,513.7938615758786,113264.2625,118947.9736781354,107580.5513218646,,17.376123320079838
2025-09-20 00:00:00+00:00,115691.125,116191.1484375,115473.5234375,115721.9609375,22864449614,0.0,0.0,113638.525,114386.6703125,,73.66874454238072,882.5594805125293,489.4244132284198,393.1350672841095,113638.525,118898.28843496768,108378.76156503231,,17.021691456748297
2025-09-21 00:00:00+00:00,115730.2265625,115901.0859375,115252.578125,115306.09375,22495852193,0.0,0.0,113941.3,114442.25390625,,68.66555178996907,821.79693998117,555.8989185789699,265.89802140220013,113941.3,118820.9606866485,109061.63931335151,,17.047385223829952
2025-09-22 00:00:00+00:00,115309.21875,115431.3125,112037.6484375,112748.5078125,70684158591,0.0,0.0,114018.69609375,114412.870625,,52.6573674443819,560.801804208968,556.8794957049695,3.9223085039984653,114018.69609375,118762.5365655403,109274.8556219597,,18.725747647579905
2025-09-23 00:00:00+00:00,112757.4765625,113351.9140625,111535.5703125,112014.5,47211853279,0.0,0.0,114033.260546875,114351.72296875,,51.87103493186517,291.3742022027145,503.77843700451854,-212.40423480180402,114033.260546875,118749.13327220705,109317.38782154294,,18.88172762462202
2025-09-24 00:00:00+00:00,112007.6640625,113986.2734375,111229.640625,113328.6328125,48044595085,0.0,0.0,114163.512109375,114335.46671875,,47.34934018491608,181.79480445192894,439.38171049400063,-257.5869060420717,114163.512109375,118631.8984230185,109695.12579573151,,19.02817104865503
2025-09-25 00:00:00+00:00,113330.1640625,113541.0859375,108713.3984375,109049.2890625,75528654284,0.0,0.0,114083.42734375,114215.8925,,27.80555698747358,-247.50188671410433,302.00499105237964,-549.506877766484,114083.42734375,118863.42771971393,109303.42696778606,,25.296954944864353
2025-09-26 00:00:00+00:00,109041.296875,110359.1953125,108728.9765625,109712.828125,57738288949,0.0,0.0,114057.833984375,114060.21109375,,28.148781530568627,-528.0930228218058,135.98538827754257,-664.0784110993484,114057.833984375,118929.43031441508,109186.23765433492,,25.41082847327094
2025-09-27 00:00:00+00:00,109707.140625,109778.5,109144.296875,109681.9453125,26308042910,0.0,0.0,113983.550390625,113920.07546875,,28.382124089888222,-744.3748150962492,-40.0866523972158,-704.2881626990334,113983.550390625,119080.79069253619,108886.3100887138,,25.108072378682333
2025-09-28 00:00:00+00:00,109681.9453125,112375.484375,109236.9453125,112122.640625,33371048505,0.0,0.0,113986.1109375,113832.52109375,,39.982513317514325,-710.6441167061712,-174.19814525900688,-536.4459714471643,113986.1109375,119079.35676946123,108892.86510553876,,26.723139157303816
2025-09-29 00:00:00+00:00,112117.875,114473.5703125,111589.953125,114400.3828125,60000147466,0.0,0.0,114129.602734375,113734.39359375,,47.19778900008258,-494.41819142385793,-238.2421544919771,-256.17603693188084,114129.602734375,119091.57402459766,109167.63144415234,,27.95952289712026
2025-09-30 00:00:00+00:00,114396.5234375,114836.6171875,112740.5625,114056.0859375,58986330258,0.0,0.0,114134.6390625,113640.88640625,,42.07440372911735,-346.84129763944657,-259.961983121471,-86.87931451797556,114134.6390625,119096.07014494593,109173.20798005408,,26.45463425982617
2025-10-01 00:00:00+00:00,114057.59375,118648.9296875,113981.3984375,118648.9296875,71328680132,0.0,0.0,114291.70859375,113610.406875,,55.000720291212666,139.11493022742798,-180.14660045169123,319.26153067911923,114291.70859375,119621.37908848947,108962.03809901052,,31.104647132594675
2025-10-02 00:00:00+00:00,118652.3828125,121086.40625,118383.15625,120681.2578125,71415163912,0.0,0.0,114520.692578125,113557.15078125,,57.649684679990415,680.3875525706826,-8.039769847216471,688.4273224178991,114520.692578125,120528.19016055061,108513.19499569939,,31.79056136516986
2025-10-03 00:00:00+00:00,120656.984375,123944.703125,119344.3125,122266.53125,83941392228,0.0,0.0,114836.49375,113635.28984375,,64.11418187426449,1223.168399249058,238.20186397203844,984.9665352770196,114836.49375,121755.37207005412,107917.61542994587,,32.09349067770886
2025-10-04 00:00:00+00:00,122267.46875,122857.640625,121577.5703125,122425.4296875,36769171735,0.0,0.0,115187.382421875,113735.83140625,,64.30687575198952,1647.1604661708843,519.9935844118077,1127.1668817590767,115187.382421875,122895.06733059761,107479.69751315238,,31.927286951889133
2025-10-05 00:00:00+00:00,122419.671875,125559.2109375,122191.9609375,123513.4765625,73689317763,0.0,0.0,115590.8125,113856.27390625,,67.02803565020321,2047.3726856547,825.4694046603862,1221.9032809943137,115590.8125,124152.56780760585,107029.05719239415,,31.994328020088496
2025-10-06 00:00:00+00:00,123510.453125,126198.0703125,123196.046875,124752.53125,72568881188,0.0,0.0,115986.2796875,114002.26328125,,76.34646888746455,2436.4393547869695,1147.663394685703,1288.7759601012665,115986.2796875,125472.37053158325,106500.18884341676,,31.8991496421493
2025-10-07 00:00:00+00:00,124752.140625,125184.0234375,120681.96875,121451.3828125,76149412513,0.0,0.0,116235.4234375,114106.2446875,,68.61448332338338,2450.158501061116,1408.1624159607857,1041.9960851003304,116235.4234375,126031.51797267076,106439.32890232923,,34.284012071256214
2025-10-08 00:00:00+00:00,121448.3515625,124167.09375,121119.1796875,123354.8671875,65354305286,0.0,0.0,116546.306640625,114316.7184375,,69.32762250716112,2584.829993144158,1643.4959313974603,941.3340617466977,116546.306640625,126844.66398597442,106247.94929527558,,34.73781896465887
2025-10-09 00:00:00+00:00,123337.0703125,123739.34375,119812.03125,121705.5859375,74653009425,0.0,0.0,116847.14296875,114465.3353125,,77.15067765829289,2529.3184984155523,1820.6604448010787,708.6580536144736,116847.14296875,127388.68661065982,106305.5993268402,,34.824411834238305
2025-10-10 00:00:00+00:00,121704.7421875,122509.6640625,104582.4140625,113214.3671875,153125018868,0.0,0.0,116721.76328125,114481.24203125,,55.623120438711716,1779.640264671878,1812.4564087752387,-32.816144103360784,116721.76328125,127378.67406237927,106064.85250012072,,46.61822670680696
2025-10-11 00:00:00+00:00,113236.4296875,113429.7265625,109760.5625,110807.8828125,110236934340,0.0,0.0,116496.852734375,114359.91796875,,51.67996228827369,980.0344588650478,1645.9720187932007,-665.937559928153,116496.852734375,127464.88731367624,105528.81815507376,,47.42473995955122
2025-10-12 00:00:00+00:00,110811.515625,115805.0625,109715.5390625,115169.765625,93710414091,0.0,0.0,116617.915625,114355.82671875,,54.299963795070404,690.3506535022607,1454.8477457350127,-764.497092232752,116617.915625,127464.52472989487,105771.30652010512,,49.55640598165259
2025-10-13 00:00:00+00:00,115161.6796875,116020.484375,113821.1875,115271.078125,71582026739,0.0,0.0,116780.74453125,114392.0796875,,51.309097563823336,463.60507205275644,1256.5992109985616,-792.9941389458052,116780.74453125,127432.40300240438,106129.08606009564,,49.430552901868836
2025-10-14 00:00:00+00:00,115264.8828125,115502.8828125,110029.484375,113118.6640625,92212917403,0.0,0.0,116770.24609375,114451.9659375,,48.66325768969397,108.96960499626584,1027.0732897981025,-918.1036848018366,116770.24609375,127436.63439958067,106103.85778791933,,49.9556607212374
2025-10-15 00:00:00+00:00,113113.96875,113622.3828125,110235.8359375,110783.1640625,72574132855,0.0,0.0,116856.93984375,114431.57609375,,38.011816508343244,-356.42820657214907,750.3729905240522,-1106.8011970962011,116856.93984375,127284.61451238606,106429.26517511395,,47.94968339615083
2025-10-16 00:00:00+00:00,110782.171875,111990.8125,107537.03125,108186.0390625,87306423067,0.0,0.0,116780.600390625,114370.855625,,31.27839749184362,-924.1723243927408,415.4639275406936,-1339.6362519334343,116780.600390625,127448.08694006775,106113.11384118225,,49.00673980878525
2025-10-17 00:00:00+00:00,108179.1328125,109235.8046875,103598.4296875,106467.7890625,99703051669,0.0,0.0,116619.892578125,114249.3153125,,26.4226744626649,-1495.5225896437187,33.26662410381115,-1528.7892137475299,116619.892578125,127821.15343425344,105418.63172199656,,49.451654833918376
2025-10-18 00:00:00+00:00,106483.734375,107490.984375,106387.453125,107198.265625,37779905278,0.0,0.0,116373.673828125,114225.06390625,,27.656844702519905,-1867.8470592603553,-346.95611256902214,-1520.8909466913333,116373.673828125,128190.73079988231,104556.61685636769,,48.47913641221137
2025-10-19 00:00:00+00:00,107204.3125,109488.9921875,106157.7890625,108666.7109375,47657008953,0.0,0.0,116086.990234375,114222.23671875,,28.455520139090112,-2021.127321817432,-681.7903544187042,-1339.3369673987277,116086.990234375,128374.45169467301,103799.52877407699,,47.97561670603757
2025-10-20 00:00:00+00:00,108667.4453125,111711.03125,107485.015625,110588.9296875,63507793085,0.0,0.0,115913.632421875,114269.28109375,,29.846461276933297,-1964.8465181591164,-938.4015871667867,-1026.4449309923298,115913.632421875,128417.66257048926,103409.60227326072,,48.72290033449736
2025-10-21 00:00:00+00:00,110587.6328125,113996.34375,107534.75,108476.890625,101194375480,0.0,0.0,115405.03046875,114253.80703125,,30.89183883439337,-2066.842206681409,-1164.0897110697113,-902.7524956116979,115405.03046875,128263.08889454509,102546.97204295492,,45.503784411746516
2025-10-22 00:00:00+00:00,108491.53125,109115.1328125,106778.0,107688.5859375,80807013218,0.0,0.0,114755.396875,114183.56703125,,26.143895819860404,-2186.0843057324237,-1368.4886300022538,-817.5956757301699,114755.396875,127802.52102582838,101708.27272417163,,44.48949429544456
2025-10-23 00:00:00+00:00,107679.4375,111288.59375,107548.4296875,110069.7265625,54944076060,0.0,0.0,114145.556640625,114150.49734375,,32.66761347238436,-2064.646421162892,-1507.7201882343816,-556.9262329285102,114145.556640625,126850.14052397198,101440.97275727802,,45.36514286799339
2025-10-24 00:00:00+00:00,110069.3515625,111842.53125,109770.1484375,111033.921875,48160816980,0.0,0.0,113575.98125,114156.70375,,45.813243134830024,-1869.0581798772328,-1579.987786562952,-289.07039331428086,113575.98125,125726.94652300925,101425.01597699075,,45.674059510505224
2025-10-25 00:00:00+00:00,111032.6171875,111947.703125,110704.40625,111641.7265625,24707667305,0.0,0.0,112982.39375,114176.51859375,,51.71989601857898,-1646.0338769625087,-1593.1970046428632,-52.83687231964541,112982.39375,124214.48032345879,101750.30717654122,,45.503447655920446
2025-10-26 00:00:00+00:00,111639.0546875,115260.90625,111268.484375,114472.4453125,41708524143,0.0,0.0,112468.389453125,114261.47359375,,48.46472480909899,-1226.7291937448463,-1519.90344246326,293.17424871841376,112468.389453125,122284.15561423787,102652.62329201213,,46.909916013162714
2025-10-27 00:00:00+00:00,114479.8515625,116273.3125,113882.2890625,114119.328125,61761358733,0.0,0.0,112101.78671875,114320.5078125,,47.492024780341225,-912.403201124238,-1398.4033941954558,486.00019307121784,112101.78671875,121010.71172711895,103192.86171038104,,45.80972361070241
2025-10-28 00:00:00+00:00,114129.0859375,116078.984375,112291.6796875,112956.1640625,64528066504,0.0,0.0,111581.8515625,114338.2025,,49.63021959267265,-748.5266568929947,-1268.4280467349636,519.9013898419689,111581.8515625,118773.86434127472,104389.83878372528,,45.130239551741326
2025-10-29 00:00:00+00:00,112921.328125,113642.7265625,109368.71875,110055.3046875,62192043469,0.0,0.0,110999.3375,114308.69765625,,48.38525176040592,-843.0107201660285,-1183.3445814211766,340.3338612551481,110999.3375,116403.97239401439,105594.7026059856,,45.91439426736982
2025-10-30 00:00:00+00:00,110059.1953125,111612.3515625,106376.6875,108305.546875,69673964814,0.0,0.0,110753.896484375,114195.70140625,,50.27548432618986,-1047.0115556914534,-1156.077976275232,109.06642058377861,110753.896484375,116180.79242133665,105327.00054741335,,35.941917336149444
2025-10-31 00:00:00+00:00,108304.4140625,111031.8203125,108288.2734375,109556.1640625,60090359560,0.0,0.0,110691.310546875,114076.67390625,,57.27605772961496,-1095.145180468433,-1143.8914171138722,48.74623664543924,110691.310546875,116144.3928450317,105238.2282487183,,35.30009198835858
2025-11-01 00:00:00+00:00,109558.625,110574.8984375,109372.953125,110064.015625,25871668762,0.0,0.0,110436.023046875,113955.92265625,,56.823138134619036,-1079.8640475390857,-1131.085943198915,51.221895659829215,110436.023046875,115468.13071440849,105403.9153793415,,30.58660181181811
2025-11-02 00:00:00+00:00,110064.4296875,111167.3125,109523.453125,110639.625,34284209459,0.0,0.0,110204.450390625,113849.705,,54.905940638298944,-1009.6679499729071,-1106.8023445537135,97.13439458080643,110204.450390625,114697.04521551992,105711.85556573009,,30.725320435086363
2025-11-03 00:00:00+00:00,110646.90625,110764.9140625,105336.359375,106547.5234375,72852006359,0.0,0.0,109875.893359375,113672.50234375,,40.92930998929683,-1269.6002722504345,-1139.3619300930577,-130.2383421573768,109875.893359375,114431.80723032438,105319.97948842561,,33.51250086544615
2025-11-04 00:00:00+00:00,106541.421875,107264.8828125,98962.0625,101590.5234375,110967184773,0.0,0.0,109416.261328125,113395.4153125,,36.294282301508844,-1854.2127723567537,-1282.332098545797,-571.8806738109568,109416.261328125,115259.68589592967,103572.83676032032,,37.71373278812707
2025-11-05 00:00:00+00:00,101579.234375,104534.703125,98989.9140625,103891.8359375,77584934804,0.0,0.0,109201.551171875,113136.38828125,,42.87269689603064,-2107.531394692385,-1447.3719577751147,-660.1594369172706,109201.551171875,115530.68964784495,102872.41269590506,,38.31639333284761
2025-11-06 00:00:00+00:00,103893.6640625,104147.3046875,100336.8671875,101301.2890625,63932752861,0.0,0.0,108943.226171875,112833.04390625,,33.66818815197158,-2488.6362609702483,-1655.6248184141414,-833.0114425561069,108943.226171875,116108.66252016585,101777.78982358414,,39.140490431100936
2025-11-07 00:00:00+00:00,101286.2421875,104052.9140625,99257.0546875,103372.40625,92168030081,0.0,0.0,108751.933203125,112557.74796875,,36.295021356687705,-2593.6448419746157,-1843.2288231262364,-750.4160188483793,108751.933203125,116307.18662930584,101196.67977694415,,40.1668588428384
2025-11-08 00:00:00+00:00,103371.703125,103373.5625,101458.0390625,102282.1171875,51446691095,0.0,0.0,108432.703515625,112289.613125,,33.541554473617694,-2733.333942140729,-2021.2498469291352,-712.0840952115939,108432.703515625,116523.65899442302,100341.74803682699,,39.72550814153556
2025-11-09 00:00:00+00:00,102278.984375,105418.3671875,101468.875,104719.640625,59679243013,0.0,0.0,108139.2390625,112069.56671875,,32.60965928356241,-2617.1815504800907,-2140.4361876393264,-476.7453628407643,108139.2390625,116326.09643372851,99952.38169127148,,40.415231822715945
2025-11-10 00:00:00+00:00,104723.7734375,106564.6953125,104350.6484375,105996.59375,69585887229,0.0,0.0,108015.22421875,111883.37671875,,35.978219179486246,-2394.488327093786,-2191.2466155302186,-203.2417115635676,108015.22421875,116255.51466340247,99774.93377409752,,40.15772384193007
2025-11-11 00:00:00+00:00,105996.859375,107428.2578125,102457.328125,102997.46875,71130078574,0.0,0.0,107780.668359375,111688.3559375,,33.833635384789034,-2431.972401909705,-2239.391772806116,-192.58062910358876,107780.668359375,116321.68006774757,99239.65665100244,,41.76625438068737
2025-11-12 00:00:00+00:00,103011.4375,105297.234375,100836.6171875,101663.1875,64347179408,0.0,0.0,107360.34140625,111481.3296875,,35.646691322175016,-2540.06387190042,-2299.526192624977,-240.53767927544322,107360.34140625,116247.43997273159,98473.2428397684,,40.54679480642257
2025-11-13 00:00:00+00:00,101674.1484375,104005.4921875,97988.71875,99697.4921875,101546815416,0.0,0.0,106793.519921875,111208.706875,,35.38531776423142,-2752.6119274840166,-2390.143339596785,-362.4685878872315,106793.519921875,116128.86088996803,97458.17895378199,,40.65801739910513
2025-11-14 00:00:00+00:00,99694.703125,99804.4296875,94000.734375,94397.7890625,114346441890,0.0,0.0,105931.323046875,110915.676875,,27.374958196183385,-3310.5377254200575,-2574.22221676144,-736.3155086586175,105931.323046875,116486.81225579082,95375.83383795917,,45.17797277827958
2025-11-15 00:00:00+00:00,94420.46875,96728.46875,94420.46875,95549.1484375,38500716654,0.0,0.0,104985.158203125,110632.40328125,,28.743768956273726,-3618.085819524713,-2782.994937314095,-835.090882210618,104985.158203125,115708.1919050509,94262.1245011991,,43.6301039942042
2025-11-16 00:00:00+00:00,95556.8671875,96564.1875,92971.1640625,94177.078125,71086235862,0.0,0.0,103988.045703125,110322.3059375,,26.441068627937653,-3927.263458700443,-3011.848641591365,-915.4148171090783,103988.045703125,114842.76346454474,93133.32794170525,,43.615081903428276
2025-11-17 00:00:00+00:00,94180.875,95928.3671875,91214.7578125,92093.875,94186165724,0.0,0.0,102944.93125,109921.730625,,28.054100258999696,-4290.922958525305,-3267.663504978153,-1023.2594535471521,102944.93125,114174.12870495586,91715.73379504413,,43.95791618625412
2025-11-18 00:00:00+00:00,92094.53125,93745.078125,89300.4609375,92948.875,101333569062,0.0,0.0,102089.609765625,109492.70046875,,35.011803500643765,-4458.736834929106,-3505.878170968344,-952.8586639607624,102089.609765625,113639.8013050815,90539.4182261685,,44.08460947135492
2025-11-19 00:00:00+00:00,92946.1640625,92946.1640625,88526.828125,91465.9921875,80350354656,0.0,0.0,101247.63203125,109040.89859375,,27.81871714313766,-4657.6957734514,-3736.2416914649552,-921.4540819864446,101247.63203125,113332.66181398887,89162.60224851113,,44.086466661655
2025-11-20 00:00:00+00:00,91459.3515625,93025.0703125,86040.796875,86631.8984375,97970645638,0.0,0.0,100101.41875,108400.55796875,,25.755715673550043,-5146.1218418269855,-4018.2177215373613,-1127.9041202896242,100101.41875,113176.42185381684,87026.41564618316,,47.041769579289564
2025-11-21 00:00:00+00:00,86528.7734375,87380.8046875,80659.8125,85090.6875,129157506112,0.0,0.0,98852.75234375,107688.7465625,,19.246915702437633,-5593.092177114668,-4333.192612652822,-1259.8995644618453,98852.75234375,112670.55142637427,85034.95326112575,,46.54824069011429
2025-11-22 00:00:00+00:00,85098.5625,85503.0078125,83490.8984375,84648.359375,40793099246,0.0,0.0,97553.1890625,106936.383125,,19.67584313967845,-5914.829103028213,-4649.5199107279,-1265.3091923003121,97553.1890625,111590.59835056776,83515.77977443223,,45.99515031588728
2025-11-23 00:00:00+00:00,84648.609375,88038.46875,84641.7734375,86805.0078125,58083435576,0.0,0.0,96566.06328125,106223.9746875,,18.892325290453414,-5927.456402071257,-4905.107208996572,-1022.349193074685,96566.06328125,110716.52606629401,82415.60049620598,,47.4600643016014
2025-11-24 00:00:00+00:00,86798.7734375,89206.3359375,85272.1953125,88270.5625,74433896110,0.0,0.0,95900.065234375,105519.11640625,,19.42011577845321,-5752.889878933231,-5074.663742983904,-678.2261359493268,95900.065234375,110306.33690427443,81493.79356447556,,45.75916053160926
2025-11-25 00:00:00+00:00,88269.9609375,88457.3359375,86131.4296875,87341.890625,64837343545,0.0,0.0,95072.56796875,104770.90359375,,20.91414776827625,-5624.643323723285,-5184.65965913178,-439.98366459150475,95072.56796875,109447.23186749457,80697.90407000542,,43.82099351719114
2025-11-26 00:00:00+00:00,87345.5859375,90581.15625,86316.8984375,90518.3671875,66496301869,0.0,0.0,94533.421875,104152.24328125,,30.62100560583835,-5206.672612248556,-5189.062249755136,-17.610362493420325,94533.421875,108732.2155861275,80334.6281638725,,47.07792166668243
2025-11-27 00:00:00+00:00,90517.765625,91897.578125,90089.515625,91285.375,57040622845,0.0,0.0,93929.0703125,103510.8534375,,34.73644071280437,-4758.681572776928,-5102.986114359494,344.30454158256634,93929.0703125,107561.42058321738,80296.72004178262,,46.08661455257427
2025-11-28 00:00:00+00:00,91285.3828125,92969.0859375,90257.1171875,90919.265625,60895830289,0.0,0.0,93360.927734375,102895.12703125,,42.31184568816812,-4382.666758971216,-4958.922243281839,576.2554843106227,93360.927734375,106464.35788731095,80257.49758143905,,46.04508305221719
2025-11-29 00:00:00+00:00,90918.7421875,91187.6171875,90260.1875,90851.7578125,37921773455,0.0,0.0,92667.53359375,102447.87484375,,39.09549714504588,-4043.5085764001124,-4775.839509905494,732.3309335053818,92667.53359375,104660.81333394547,80674.25385355455,,44.187733920981636
2025-11-30 00:00:00+00:00,90838.2109375,91965.046875,90394.3125,90394.3125,38497902869,0.0,0.0,91887.41953125,102039.6034375,,40.829276977449815,-3768.197847731586,-4574.311177470713,806.113329739127,91887.41953125,102132.48237694561,81642.35668555438,,43.36888649846439
2025-12-01 00:00:00+00:00,90389.109375,90398.15625,83862.25,86321.5703125,87962894424,0.0,0.0,91053.624609375,101462.63953125,,37.237139715278815,-3834.4472479459073,-4426.338391565752,591.891143619845,91053.624609375,100140.42753080276,81966.82168794723,,45.44079767525205
2025-12-02 00:00:00+00:00,86322.5390625,92316.6328125,86202.1953125,91350.203125,78546798211,0.0,0.0,90537.975390625,100984.22203125,,47.01599054589743,-3441.5101462853927,-4229.37274250968,787.8625962242877,90537.975390625,98138.7328539998,82937.2179272502,,53.562619842795165
2025-12-03 00:00:00+00:00,91345.09375,94060.7734375,91056.390625,93527.8046875,77650204986,0.0,0.0,90229.491015625,100592.40484375,,53.75120106888024,-2920.7221483031026,-3967.642623668365,1046.9204753652625,90229.491015625,96678.54269068073,83780.43934056927,,54.50378735699564
2025-12-04 00:00:00+00:00,93454.2578125,94038.2421875,90976.1015625,92141.625,64538402681,0.0,0.0,90116.6828125,100219.5740625,,61.462302774668956,-2589.9912172821787,-3692.112342391128,1102.1211251089494,90116.6828125,96333.48186385796,83899.88376114205,,49.97157541979881
2025-12-05 00:00:00+00:00,92133.6484375,92702.640625,88152.140625,89387.7578125,63256398633,0.0,0.0,89808.61328125,99843.6084375,,58.51013758874509,-2521.0376855161303,-3457.897411016129,936.8597254999986,89808.61328125,95478.5212315046,84138.7053309954,,51.07711029451502
2025-12-06 00:00:00+00:00,89389.359375,90267.4609375,88951.6640625,89272.375,37994042405,0.0,0.0,89563.378125,99499.70015625,,59.27778394338343,-2447.488815921475,-3255.8156919971984,808.3268760757232,89563.378125,94848.98076547416,84277.77548452585,,50.82266083092225
2025-12-07 00:00:00+00:00,89277.8125,91740.84375,87799.5625,90405.640625,47394898960,0.0,0.0,89478.96640625,99163.84765625,,57.53382514724176,-2271.5704914137314,-3058.966651880505,787.3961604667738,89478.96640625,94647.02747941783,84310.90533308216,,50.393388002965565
2025-12-08 00:00:00+00:00,90424.5859375,92267.1171875,89644.890625,90640.203125,57394099056,0.0,0.0,89363.5328125,98803.3175,,55.22742830670852,-2089.144362623745,-2865.0021940291535,775.8578314054084,89363.5328125,94303.35529477044,84423.71033022954,,50.22222387467825
2025-12-09 00:00:00+00:00,90639.703125,94601.5703125,89586.9765625,92691.7109375,66861721440,0.0,0.0,89424.81875,98445.373125,,61.24465130393402,-1758.7569506073778,-2643.7531453447987,884.9961947374209,89424.81875,94502.94696148098,84346.69053851903,,50.70752714565659
2025-12-10 00:00:00+00:00,92695.234375,94477.15625,91640.1328125,92020.9453125,65420694513,0.0,0.0,89694.27109375,98116.25421875,,53.53006603846309,-1533.3719688212732,-2421.676910040094,888.3049412188207,89694.27109375,94720.0459661585,84668.49622134148,,44.801671730010796
2025-12-11 00:00:00+00:00,92011.3046875,93554.265625,89335.296875,92511.3359375,64532834621,0.0,0.0,90065.303515625,97812.70921875,,52.918126290788734,-1300.1944891447201,-2197.3804258610194,897.1859367162992,90065.303515625,94743.74305171933,85386.86397953067,,43.789979938388676
2025-12-12 00:00:00+00:00,92513.6640625,92747.9296875,89532.6015625,90270.4140625,80275884583,0.0,0.0,90346.40625,97416.72296875,,48.58210308258947,-1281.4515479264082,-2014.1946502740973,732.743102347689,90346.40625,94268.95764604867,86423.85485395133,,45.32163780418797
2025-12-13 00:00:00+00:00,90257.796875,90647.5703125,89800.9921875,90298.7109375,64237748110,0.0,0.0,90521.09140625,97002.01875,,48.78938475640623,-1249.9061703573534,-1861.3369542907485,611.4307839333951,90521.09140625,94073.28624392967,86968.89656857032,,44.23793364747857
2025-12-14 00:00:00+00:00,90296.4375,90498.109375,87634.9375,88175.1796875,50465972205,0.0,0.0,90516.322265625,96532.6878125,,45.47257090340739,-1380.3456902635517,-1765.1387014853092,384.7930112217575,90516.322265625,94081.47186234563,86951.17266890437,,45.02647025570161
2025-12-15 00:00:00+00:00,88171.078125,89983.921875,85304.078125,86419.78125,45559514323,0.0,0.0,90470.216796875,95971.63453125,,50.22129244929955,-1606.84324428963,-1733.4796100461735,126.63636575654346,90470.216796875,94226.9231675914,86713.5104261586,,45.63069959707809
2025-12-16 00:00:00+00:00,86424.40625,88170.09375,85381.6875,87843.984375,41262178223,0.0,0.0,90336.49765625,95446.12765625,,40.56751767134988,-1652.3753436628758,-1717.258756769514,64.88341310663827,90336.49765625,94272.11544877964,86400.87986372034,,43.294916027727176
2025-12-17 00:00:00+00:00,87847.6171875,90264.5703125,85316.265625,86143.7578125,44243392914,0.0,0.0,90079.416796875,94909.87953125,,29.611655092912173,-1804.848761620131,-1734.7767577396376,-70.07200388049341,90079.416796875,94406.32289977914,85752.51069397085,,43.72364552540668
2025-12-18 00:00:00+00:00,86144.3671875,89412.6640625,84436.3125,85462.5078125,52667115348,0.0,0.0,89806.57890625,94418.02359375,,30.811071902002865,-1958.08464450264,-1779.438335092238,-178.64630941040195,89806.57890625,94576.03755887217,85037.12025362783,,43.77866398030403
2025-12-19 00:00:00+00:00,85476.1328125,89339.1171875,85107.6640625,88103.3828125,46733310561,0.0,0.0,89669.16015625,94013.9803125,,46.285910769683994,-1845.158801809419,-1792.5824284356743,-52.57637337374467,89669.16015625,94470.09306923699,84868.22724326301,,46.095953835295354
2025-12-20 00:00:00+00:00,88101.671875,88497.203125,87924.875,88344.0,14688196659,0.0,0.0,89566.64453125,93589.73703125,,47.3346778968825,-1716.4621545220289,-1777.3583736529454,60.896219130916506,89566.64453125,94389.88998626846,84743.39907623154,,46.093163281034464
2025-12-21 00:00:00+00:00,88344.703125,89027.953125,87613.203125,88621.75,19845522660,0.0,0.0,89681.653515625,93160.89171875,,44.613953365494844,-1573.9139305273857,-1736.6694850278336,162.75555450044794,89681.653515625,94283.72026134269,85079.58676990731,,41.59730234073646
2025-12-22 00:00:00+00:00,88621.3984375,90501.9296875,87908.0703125,88490.015625,38047472118,0.0,0.0,89538.644140625,92717.89953125,,43.467441644086364,-1454.8032330326823,-1680.2962346288034,225.49300159612108,89538.644140625,94099.97466013151,84977.31362111848,,32.86121260654865
2025-12-23 00:00:00+00:00,88490.03125,88898.3828125,86606.9765625,87414.0,43683011533,0.0,0.0,89232.95390625,92335.2290625,,32.955306397105915,-1430.7399360435957,-1630.384974911762,199.64503886816624,89232.95390625,93477.05884521668,84988.84896728331,,31.0904616493302
2025-12-24 00:00:00+00:00,87404.3203125,87956.8828125,86411.796875,87611.9609375,25550297986,0.0,0.0,89006.470703125,92055.6578125,107705.426171875,35.31236629269394,-1379.790441268182,-1580.266068183046,200.47562691486405,89006.470703125,93076.91319371577,84936.02821253423,-18.655945153877486,30.723363081218945
2025-12-25 00:00:00+00:00,87608.3203125,88501.7890625,86949.2578125,87234.7421875,19953216347,0.0,0.0,88898.819921875,91722.5159375,107612.631640625,32.28855481337273,-1354.2401625550265,-1535.0608870574422,180.82072450241571,88898.819921875,93040.06949398702,84757.57034976297,-18.936335950948077,28.162653916666546
2025-12-26 00:00:00+00:00,87235.5078125,89459.4296875,86628.140625,87301.4296875,42455674908,0.0,0.0,88800.27265625,91442.51875,107497.66828125,38.331083661981864,-1313.4694010270032,-1490.7425898513545,177.27318882435134,88800.27265625,92997.5182187388,84603.02709376121,-18.787606202685115,28.173876810348887
2025-12-27 00:00:00+00:00,87301.4296875,87874.78125,87182.9765625,87802.15625,13741199310,0.0,0.0,88670.0984375,91131.11375,107385.392890625,40.53919307555346,-1226.614185145765,-1437.9169089102368,211.3027237644717,88670.0984375,92818.91583353988,84521.28104146011,-18.236406380308225,27.675932065412432
2025-12-28 00:00:00+00:00,87799.34375,87986.890625,87394.953125,87835.8359375,15156557929,0.0,0.0,88529.880078125,90842.188125,107281.1389453125,48.472022491198544,-1141.900018883869,-1378.7135309049634,236.8135120210943,88529.880078125,92586.8874054169,84472.8727508331,-18.12555608467665,27.631317162404944
2025-12-29 00:00:00+00:00,87835.7890625,90299.15625,86717.9140625,87138.140625,48411625849,0.0,0.0,88252.2015625,90490.558125,107187.184375,53.575122281235174,-1118.172021597391,-1326.605229043449,208.43320744605808,88252.2015625,91843.29318945459,84661.10993554542,-18.704702308307088,25.513493347453736
2025-12-30 00:00:00+00:00,87134.3515625,89297.9375,86735.546875,88430.1328125,35586356225,0.0,0.0,88072.6609375,90139.22890625,107098.8801953125,52.95603708924886,-983.7741053860809,-1258.0390043119755,274.2648989258946,88072.6609375,91199.42970695128,84945.89216804871,-17.431318935143814,26.530433590178955
2025-12-31 00:00:00+00:00,88429.5859375,89080.2890625,87130.5625,87508.828125,33830210616,0.0,0.0,87822.535546875,89829.45609375,107009.0623046875,57.47123389589898,-940.7598827944748,-1194.5831800084754,253.8232972140006,87822.535546875,90153.29378888424,85491.77730486577,-18.2229745403846,26.55942077238787
2026-01-01 00:00:00+00:00,87508.046875,88803.2265625,87399.40625,88731.984375,18849043990,0.0,0.0,87745.6140625,89570.83203125,106924.962109375,66.89230481089587,-798.7646527549659,-1115.4194745577736,316.65482180280765,87745.6140625,89824.1110430555,85667.1170819445,-17.01471515675185,25.60450466773264
2026-01-02 00:00:00+00:00,88733.0625,90884.4609375,88298.6171875,89944.6953125,46398906171,0.0,0.0,87727.91328125,89375.77609375,106840.701796875,61.16048428645029,-581.6716239176749,-1008.6699044297538,426.99828051207896,87727.91328125,89719.05679846377,85736.76976403623,-15.814203950567082,26.33843722759596
2026-01-03 00:00:00+00:00,89945.0546875,90679.5703125,89328.0703125,90603.1875,20774828592,0.0,0.0,87849.313671875,89299.8840625,106770.7121484375,63.03308478878521,-352.42646529681224,-877.4212166031656,524.9947513063534,87849.313671875,90215.94542906416,85482.68191468585,-15.142284174297412,24.28772056290547
2026-01-04 00:00:00+00:00,90603.0,91712.5859375,90595.1015625,91413.4921875,26770491368,0.0,0.0,88098.99921875,89217.1709375,106703.36296875,65.17304016189422,-104.16248885258392,-722.7694710530493,618.6069822004654,88098.99921875,90852.65481781836,85345.34361968165,-14.329324171092829,22.476926651821422
2026-01-05 00:00:00+00:00,91414.625,94762.0703125,91414.625,93882.5546875,53376407252,0.0,0.0,88400.927734375,89211.28046875,106649.354296875,73.37061372471875,288.49561222313787,-520.5164543978119,809.0120666209498,88400.927734375,92172.81001529905,84629.04545345095,-11.970817538976029,24.093058773169552
2026-01-06 00:00:00+00:00,93876.9453125,94395.296875,91286.546875,93729.03125,52430605257,0.0,0.0,88780.19140625,89243.98359375,106601.4514453125,79.74714755295298,580.5991424138192,-300.2933350354857,880.8924774493049,88780.19140625,93084.30836028054,84476.07445221946,-12.075276669113805,21.97333637910038
2026-01-07 00:00:00+00:00,93727.46875,93738.7890625,90601.8046875,91308.0546875,43461295053,0.0,0.0,89072.46875,89211.1671875,106546.7046875,64.39565629100221,609.7123346724547,-118.29220109389763,728.0045357663523,89072.46875,93219.00327030628,84925.93422969372,-14.302319386314895,25.008746449450452
2026-01-08 00:00:00+00:00,91309.640625,91485.8515625,89233.875,91027.125,42386697030,0.0,0.0,89218.655859375,89202.38984375,106496.904609375,64.88231193117332,603.1631816309673,25.998875451075353,577.1643061798919,89218.655859375,93427.02960680788,85010.28211194211,-14.526036851603646,21.841389523024297
2026-01-09 00:00:00+00:00,91026.2734375,91910.671875,89625.3828125,90513.1015625,38305906684,0.0,0.0,89327.1109375,89280.01390625,106421.58125,62.175959548330766,550.1537056681991,130.8298414945001,419.323864173699,89327.1109375,93552.34247441245,85101.87940058754,-14.948546620566214,22.057275503142378
2026-01-10 00:00:00+00:00,90510.1015625,90713.03125,90283.3984375,90386.6484375,12385895282,0.0,0.0,89415.355859375,89385.933125,106343.286328125,60.08440274571082,492.265078282333,203.1168888520667,289.14818943026626,89415.355859375,93652.26398365344,85178.44773509658,-15.004838050039545,22.068735799530586
2026-01-11 00:00:00+00:00,90385.359375,91155.2265625,90212.0234375,90827.4609375,17165568977,0.0,0.0,89532.228125,89509.51515625,106260.61734375,61.31353909134313,476.4654120594205,257.78659349353745,218.67881856588303,89532.228125,93790.56257398862,85273.89367601137,-14.52387233581016,22.09566201567668
2026-01-12 00:00:00+00:00,90825.859375,92395.5234375,90055.0234375,91192.9921875,41346275358,0.0,0.0,89721.177734375,89597.27484375,106181.7823046875,65.72955831126535,487.8161389553279,303.79250258589553,184.02363636943238,89721.177734375,93918.69369431949,85523.66177443051,-14.116159845742015,21.258015068504385
2026-01-13 00:00:00+00:00,91185.3359375,96011.625,90941.9296875,95321.78125,54980674354,0.0,0.0,90106.66875,89738.29921875,106122.9490625,71.91154020220205,820.512090780263,407.13642022476904,413.3756705554939,90106.66875,94866.96095447445,85346.37654552555,-10.177975553750178,28.12398777740539
2026-01-14 00:00:00+00:00,95322.90625,97860.6015625,94583.046875,96929.328125,60592490863,0.0,0.0,90591.398046875,89930.04796875,106070.9571875,78.69949009318461,1200.0581047082815,565.7207571214716,634.3373475868099,90591.398046875,96044.32160524563,85138.47448850436,-8.618409133746647,28.32894157666094
2026-01-15 00:00:00+00:00,96931.2890625,97150.171875,95103.2421875,95551.1875,53086363027,0.0,0.0,91003.8859375,90030.704375,106006.7852734375,70.58031306027405,1373.810195623868,727.3386448219509,646.471550801917,91003.8859375,96653.49658545767,85354.27528954233,-9.86314012491557,29.49745691558784
2026-01-16 00:00:00+00:00,95554.1015625,95801.890625,94259.2734375,95525.1171875,33248170537,0.0,0.0,91390.033984375,90115.49921875,105948.7341796875,68.14103957690362,1492.2051114907954,880.3119381557199,611.8931733350755,91390.033984375,97172.38881321244,85607.67915553755,-9.838359158221934,29.5660695031691
2026-01-17 00:00:00+00:00,95525.15625,95598.4765625,95005.6171875,95099.921875,16021715122,0.0,0.0,91753.23828125,90199.11234375,105895.7423828125,64.84329467491756,1534.0407601159823,1011.0577025477724,522.9830575682099,91753.23828125,97508.08662019965,85998.38994230035,-10.194763514462814,29.76174236098051
2026-01-18 00:00:00+00:00,95101.1796875,95491.5078125,93588.8671875,93634.4296875,20809781232,0.0,0.0,92078.052734375,90254.76578125,105819.6179296875,57.02715048899357,1432.4306720289896,1095.3322964440158,337.09837558497384,92078.052734375,97457.18381900052,86698.92164974948,-11.515055979774969,30.503634628706383
2026-01-19 00:00:00+00:00,93655.671875,93660.828125,92089.25,92553.59375,39195241508,0.0,0.0,92284.22578125,90297.95140625,105734.146015625,45.39013665338235,1250.2771017667692,1126.3212575085665,123.95584425820266,92284.22578125,97383.45516198671,87184.9964005133,-12.465748069386425,30.73862058444357
2026-01-20 00:00:00+00:00,92553.6015625,92798.4296875,87814.9296875,88310.90625,53072968031,0.0,0.0,92324.3296875,90337.738125,105635.5288671875,35.359176438897066,754.8680127947591,1052.030608565805,-297.16259577104597,92324.3296875,97275.90243443,87372.75694056999,-16.400374763086813,36.719763611625986
2026-01-21 00:00:00+00:00,88326.5078125,90430.40625,87231.5703125,89376.9609375,56330422434,0.0,0.0,92356.578515625,90298.27328125,105541.2577734375,44.36951712424876,443.1659037677455,930.2576676061932,-487.0917638384477,92356.578515625,97217.20622340086,87495.95080784915,-15.315618912403853,36.59551074622526
2026-01-22 00:00:00+00:00,89378.5234375,90258.9609375,88438.4453125,89462.453125,35549685694,0.0,0.0,92332.46640625,90216.96625,105442.4096875,45.385299539170504,200.7244155982189,784.3510172045984,-583.6266016063795,92332.46640625,97247.94649640482,87416.98631609516,-15.15515114825225,36.119146930591924
2026-01-23 00:00:00+00:00,89462.046875,91100.25,88486.359375,89503.875,38997586037,0.0,0.0,92277.50078125,90164.21125,105348.4298046875,46.93812345728172,11.794232096755877,629.83966018303,-618.0454280862741,92277.50078125,97297.8663763173,87257.1351861827,-15.040143297876185,35.96700133713992
2026-01-24 00:00:00+00:00,89506.1484375,89811.609375,89044.2890625,89110.734375,14558687712,0.0,0.0,92162.362890625,90158.67078125,105249.232109375,46.19066700938543,-167.72404394680052,470.3269193570639,-638.0509633038644,92162.362890625,97368.35336331319,86956.3724179368,-15.333601405855275,35.74904465589702
2026-01-25 00:00:00+00:00,89104.765625,89193.1484375,86003.7109375,86572.21875,36124986722,0.0,0.0,91796.84609375,90104.66765625,105125.4604296875,38.70983923464098,-508.9635517422139,274.46882513720834,-783.4323768794222,91796.84609375,97497.34839714204,86096.34379035798,-17.64866627347304,35.221073566721344
2026-01-26 00:00:00+00:00,86566.5234375,88743.0703125,86429.2890625,88267.140625,45329286974,0.0,0.0,91523.7515625,90061.89765625,104986.8601171875,42.74856901434413,-635.3088450093637,92.51329110789393,-727.8221361172576,91523.7515625,97356.3021408944,85691.20098410558,-15.92553532272969,36.6193097557543
2026-01-27 00:00:00+00:00,88257.4765625,89427.125,87228.921875,89102.5703125,38744942267,0.0,0.0,91413.47734375,90031.145,104844.7880078125,31.579198254688976,-660.4133721273975,-58.072041539164346,-602.3413305882331,91413.47734375,97345.74335479079,85481.21133270921,-15.014783275769009,35.444742989391216
2026-01-28 00:00:00+00:00,89104.046875,90439.2890625,88721.4609375,89184.5703125,39807419296,0.0,0.0,91321.349609375,89961.0021875,104703.5347265625,24.781644891785305,-666.0147723238333,-179.66058769609813,-486.3541846277352,91321.349609375,97335.5427022779,85307.1565164721,-14.821815189516672,35.442140895334624
2026-01-29 00:00:00+00:00,89169.8515625,89200.78125,83250.6015625,84561.5859375,64653083162,0.0,0.0,91023.773828125,89811.815,104530.7620703125,20.458444971524656,-1031.598500143562,-350.04817018559095,-681.550329957971,91023.773828125,97752.81655720566,84294.73109904435,-19.103635845857752,41.59905989329565
2026-01-30 00:00:00+00:00,84562.7265625,84602.1640625,81071.4765625,84128.65625,72083816087,0.0,0.0,90710.87421875,89644.16140625,104352.1568359375,20.02051864660784,-1340.8040910263371,-548.1993543537402,-792.6047366725969,90710.87421875,98112.98871861622,83308.75971888378,-19.38005039774395,41.59901992756089
2026-01-31 00:00:00+00:00,84126.5,84136.921875,75815.8828125,78621.1171875,70479259159,0.0,0.0,90100.55703125,89411.17546875,104156.376484375,15.796629034564859,-2007.1272103387455,-839.9849255507413,-1167.1422847880042,90100.55703125,99265.22099905109,80935.89306344892,-24.516270783196518,49.10251709674149
2026-02-01 00:00:00+00:00,78626.125,79322.609375,75698.8984375,76974.4453125,53372509744,0.0,0.0,89389.6296875,89144.69015625,103947.556171875,15.678707542554022,-2637.660433898738,-1199.5200272203406,-1438.1404066783975,89389.6296875,100247.0850676189,78532.1743073811,-25.948768641347904,49.1966788196702
2026-02-02 00:00:00+00:00,76968.875,79258.609375,74551.3359375,78688.765625,75140589684,0.0,0.0,88557.97890625,88954.961875,103744.55078125,22.16357365720893,-2964.854240147746,-1552.5868698058218,-1412.2673703419243,88557.97890625,100032.76418260914,77083.19362989087,-24.151422862759546,45.221314494278694
2026-02-03 00:00:00+00:00,78693.5078125,79118.8515625,72897.140625,75633.546875,68249110822,0.0,0.0,87493.18984375,88739.2371875,103532.7023828125,23.27328187948204,-3431.136304985019,-1928.2967568416614,-1502.8395481433574,87493.18984375,99630.31646151036,75356.06322598965,-26.947191433925177,45.29678587024184
2026-02-04 00:00:00+00:00,75640.09375,76864.65625,71779.9296875,73019.703125,67215363944,0.0,0.0,86366.615625,88442.7515625,103308.101015625,17.62789024960054,-3965.8674947579857,-2335.8109044249263,-1630.0565903330594,86366.615625,99496.64431945301,73236.586930547,-29.318511900672707,46.30575902912807
2026-02-05 00:00:00+00:00,73016.375,73161.5546875,62353.53515625,62702.09765625,125509410908,0.0,0.0,84725.4646484375,87973.918359375,103035.10755859375,12.305687778794493,-5162.678207958947,-2901.1843651317304,-2261.493842827216,84725.4646484375,100890.0951957453,68560.83410112969,-39.14491949203554,71.27683771695662
2026-02-06 00:00:00+00:00,62704.453125,71681.3046875,60074.203125,70555.390625,114674259489,0.0,0.0,83498.2380859375,87675.776015625,102800.68681640625,28.12378404384107,-5415.042966287787,-3403.956085362942,-2011.086880924845,83498.2380859375,100068.2968022319,66928.1793696431,-31.366810076856538,94.50551328602786
2026-02-07 00:00:00+00:00,70553.796875,71611.1484375,67364.4453125,69281.96875,62347107663,0.0,0.0,82280.6150390625,87299.347734375,102547.11958984374,27.563531255254233,-5652.6382630834705,-3853.6925209070478,-1798.9457421764228,82280.6150390625,99287.73635743391,65273.49372069108,-32.438893430545775,94.5217404826476
2026-02-08 00:00:00+00:00,69283.7265625,72206.90625,68852.8984375,70264.7265625,39721722619,0.0,0.0,81166.1716796875,86937.762265625,102304.66841796874,30.8745383924108,-5695.974259711627,-4222.148868667964,-1473.8253910436633,81166.1716796875,98259.77244023855,64072.570919136444,-31.318162065262374,95.27417863595163
2026-02-09 00:00:00+00:00,70243.328125,71369.96875,68291.03125,70120.78125,52081598792,0.0,0.0,80256.6654296875,86567.742890625,102063.43232421875,27.91444351621027,-5676.49839299907,-4513.018773534185,-1163.4796194648852,80256.6654296875,97682.10070087122,62831.23015850379,-31.296861517206732,94.1589497675399
2026-02-10 00:00:00+00:00,70137.390625,70464.265625,67913.09375,68793.9609375,40593063077,0.0,0.0,79227.5154296875,86173.821796875,101819.22271484375,25.574967362844546,-5702.393298503492,-4750.893678528047,-951.4996199754451,79227.5154296875,96815.47981343526,61639.55104593973,-32.43519337191832,93.67439838863457
2026-02-11 00:00:00+00:00,68791.859375,69242.6796875,65757.3046875,66991.96875,49671946030,0.0,0.0,78103.9912109375,85765.381171875,101564.44572265625,24.369499280706407,-5801.445455397232,-4961.004033901884,-840.4414214953476,78103.9912109375,95809.51727396405,60398.465147910945,-34.03994057828455,93.6797906762199
2026-02-12 00:00:00+00:00,66992.1953125,68339.4921875,65092.109375,66221.84375,44651071271,0.0,0.0,76939.8896484375,85337.578828125,101298.31248046875,26.750105281256452,-5874.3715560359415,-5143.677538328696,-730.6940177072456,76939.8896484375,94550.78508861718,59328.99420825782,-34.626903323026056,93.48380914063972
2026-02-13 00:00:00+00:00,66213.375,69382.8359375,65835.78125,68857.84375,40820775886,0.0,0.0,75927.2451171875,84970.040859375,101052.97931640624,31.664854724104785,-5654.283782393497,-5245.798787141656,-408.4849952518407,75927.2451171875,92909.36145102789,58945.12878334712,-31.859659936992347,96.20529982473094
2026-02-14 00:00:00+00:00,68856.984375,70481.1640625,68706.6171875,69767.625,36012397645,0.0,0.0,75087.0154296875,84619.364765625,100812.20669921875,38.05061176390203,-5344.838916634966,-5265.606813040318,-79.23210359464792,75087.0154296875,91505.03534283928,58668.99551653571,-30.794466975455393,96.44720641718477
2026-02-15 00:00:00+00:00,69764.953125,70939.2890625,68052.546875,68788.1875,40191152750,0.0,0.0,74113.0677734375,84239.085390625,100566.99169921875,38.7485138912512,-5119.618279170187,-5236.409106266292,116.7908270961052,74113.0677734375,89518.85682381509,58707.27872305992,-31.599636881119537,95.56508594378803
2026-02-16 00:00:00+00:00,68782.3984375,70067.234375,67301.5859375,68843.15625,33618145426,0.0,0.0,73100.0970703125,83859.231796875,100332.41646484374,35.82109283427606,-4880.435164014925,-5165.214317816019,284.77915380109334,73100.0970703125,86940.70616434784,59259.487976277174,-31.384931534941664,95.27664667101956
2026-02-17 00:00:00+00:00,68843.09375,69201.8671875,66615.28125,67494.21875,34866936040,0.0,0.0,72015.5794921875,83466.353359375,100103.28712890625,37.6725146752397,-4745.031040585425,-5081.1776623699,336.1466217844745,72015.5794921875,83795.25610435358,60235.90288002144,-32.57542216062744,95.16102037532882
2026-02-18 00:00:00+00:00,67488.0234375,68434.4296875,65845.8984375,66425.3203125,33094301643,0.0,0.0,71108.7662109375,83026.257109375,99872.77916015625,39.52207625706881,-4670.139012507207,-4998.969932397361,328.8309198901543,71108.7662109375,81536.62589538998,60680.90652648501,-33.490065189855,93.54168128937756
2026-02-19 00:00:00+00:00,66425.625,67277.125,65637.4296875,66957.5234375,31492987019,0.0,0.0,70250.2095703125,82615.231015625,99636.47841796876,59.81300514652008,-4515.787014582587,-4902.333348834407,386.54633425181964,70250.2095703125,78827.89314211064,61672.52599851436,-32.798183455844956,93.8637105812802
2026-02-20 00:00:00+00:00,66958.578125,68269.03125,66452.484375,68005.421875,47507867304,0.0,0.0,69719.4248046875,82200.699765625,99401.14611328125,41.42993677400382,-4259.800964048118,-4773.82687187715,514.0259078290319,69719.4248046875,77380.96843832539,62057.88117104961,-31.584871468686604,91.04073971432867
2026-02-21 00:00:00+00:00,68000.25,68657.703125,67533.0703125,68003.765625,18357635642,0.0,0.0,69270.8908203125,81761.881171875,99170.45771484375,45.30259650621822,-4010.8294747228356,-4621.227392446287,610.3979177234514,69270.8908203125,76154.98309602411,62386.7985446009,-31.42739562568213,90.82523503408795
2026-02-22 00:00:00+00:00,67998.828125,68235.2265625,67185.6015625,67659.390625,17893536012,0.0,0.0,68719.4220703125,81303.005234375,98933.61466796875,39.954005980307045,-3797.530393630688,-4456.487992683167,658.957599052479,68719.4220703125,74009.41584377669,63429.42829684832,-31.611322549901992,89.99043573119752
2026-02-23 00:00:00+00:00,67668.4296875,67668.4296875,63924.4375,64616.73828125,50953457309,0.0,0.0,68168.581640625,80767.07015625,98669.2138671875,32.65432039493494,-3829.8577347991813,-4331.16194110637,501.3042063071889,68168.581640625,72661.44266707698,63675.72061417302,-34.51175321187156,90.45210794484464
2026-02-24 00:00:00+00:00,64616.015625,64992.15625,62553.1875,64080.04296875,40849331086,0.0,0.0,67721.5986328125,80171.019921875,98406.17044921876,34.365758666141204,-3854.3536226400174,-4235.8002774131,381.4466547730826,67721.5986328125,71953.54340396973,63489.653861655264,-34.88208851515293,89.59327454475098
2026-02-25 00:00:00+00:00,64077.76953125,69953.53125,63942.484375,67960.125,53629234355,0.0,0.0,67984.5,79655.641796875,98163.46927734376,52.82200234552016,-3520.099086431117,-4092.660039216704,572.5609527855868,67984.5,71495.34352709669,64473.65647290332,-30.76841568425977,70.1916633860353
2026-02-26 00:00:00+00:00,67954.8671875,68843.3515625,66523.734375,67453.7734375,42988597523,0.0,0.0,67829.419140625,79178.556171875,97904.20435546876,53.64693382524358,-3258.4963797269156,-3925.8273073187465,667.3309275918309,67829.419140625,71129.81134731435,64529.02693393566,-31.102270958058043,44.62863188463669
2026-02-27 00:00:00+00:00,67456.515625,68220.40625,64946.03515625,65881.796875,40283655942,0.0,0.0,67659.410546875,78675.649609375,97639.95611328125,40.597551385509426,-3141.8029719988117,-3769.0224402547597,627.219468255948,67659.410546875,70994.86822377227,64323.95286997775,-32.52578196720576,45.04649857895397
2026-02-28 00:00:00+00:00,65878.9296875,67714.5234375,63062.21875,66995.859375,42041497112,0.0,0.0,67495.9671875,78205.304765625,97374.07087890625,41.354548179339275,-2925.7014078585635,-3600.3582337755206,674.6568259169571,67495.9671875,70606.67616322005,64385.258211779954,-31.197434008571328,45.252091910893014
2026-03-01 00:00:00+00:00,67005.8828125,68162.8203125,65076.73046875,65738.1015625,40733141929,0.0,0.0,67276.833203125,77712.333828125,97086.04107421875,40.648793527154616,-2823.383695550874,-3444.9633261305917,621.5796305797176,67276.833203125,70222.06923891383,64331.59716733618,-32.28882253809731,45.807994036103885
2026-03-02 00:00:00+00:00,65734.078125,70044.0,65303.13671875,68775.8515625,56698092052,0.0,0.0,67275.927734375,77271.301640625,96838.12244140625,49.82555686137612,-2468.7172976397123,-3249.714120432416,780.9968227927038,67275.927734375,70219.21039110831,64332.6450776417,-28.978536728534632,49.728483479578436
2026-03-03 00:00:00+00:00,68785.078125,69232.890625,66237.6171875,68293.6484375,47947999049,0.0,0.0,67341.01171875,76813.314765625,96592.59892578125,52.16946721937089,-2201.177579360141,-3040.0068122179614,838.8292328578204,67341.01171875,70315.26049651232,64366.76294098769,-29.297224428162743,48.4228797597555
2026-03-04 00:00:00+00:00,68290.5625,74051.8046875,67437.40625,72710.578125,75073101274,0.0,0.0,67665.4484375,76361.090703125,96368.69505859374,64.43387472496244,-1614.134376812217,-2754.8323251368124,1140.6979483245955,67665.4484375,71434.95944226565,63895.93743273435,-24.549587310702115,55.04750933450623
2026-03-05 00:00:00+00:00,72712.65625,73555.7890625,70654.8828125,70841.125,51172841727,0.0,0.0,67764.6125,75839.326640625,96135.63537109375,58.40248338438031,-1284.9357138266641,-2460.8530028747828,1175.9172890481186,67764.6125,71763.56519431475,63765.65980568526,-26.311273934430517,54.215206585861864
2026-03-06 00:00:00+00:00,70842.15625,71378.5703125,67757.8203125,68136.4921875,43776962871,0.0,0.0,67683.055859375,75291.032734375,95895.05626953125,50.26461126732662,-1228.1275758599077,-2214.3079174718077,986.1803416119001,67683.055859375,71575.11020281051,63791.00151593949,-28.946814530261644,56.53210466207996
2026-03-07 00:00:00+00:00,68136.6875,68515.1640625,66969.2578125,67272.59375,23258701211,0.0,0.0,67607.276171875,74725.982265625,95667.26333984375,48.57353583566353,-1238.5389946795767,-2019.1541329133615,780.6151382337848,67607.276171875,71467.62045124706,63746.931892502944,-29.680654174224575,56.47376758439911
2026-03-08 00:00:00+00:00,67272.5,68177.7890625,65639.1953125,65969.78125,33195080116,0.0,0.0,67463.607421875,74143.379453125,95425.73853515626,46.822520421407226,-1336.5097473766946,-1882.6252558060282,546.1155084293337,67463.607421875,71344.10931954675,63583.10552420325,-30.86793745306382,57.02495678353089
2026-03-09 00:00:00+00:00,65969.5859375,69474.9453125,65858.0078125,68402.3828125,49499875378,0.0,0.0,67509.015625,73638.738515625,95205.65529296875,57.28647334314261,-1203.9828933943645,-1746.8967833236957,542.9138899293312,67509.015625,71412.21337548544,63605.817874514556,-28.153025571841482,58.70126794575852
2026-03-10 00:00:00+00:00,68402.71875,71770.8984375,68402.71875,69926.921875,54003996096,0.0,0.0,67684.095703125,73186.205078125,94970.91947265626,60.84158704851317,-964.8150581558439,-1590.4804382901254,625.6653801342816,67684.095703125,71695.26011355047,63672.93129269953,-26.370174930091995,58.846069974591664
2026-03-11 00:00:00+00:00,69931.25,71337.6640625,68998.8671875,70204.8828125,45236859848,0.0,0.0,67846.463671875,72824.084609375,94745.07224609375,54.804101716962805,-744.2642855825834,-1421.237207748617,676.9729221660336,67846.463671875,71994.36188164845,63698.565462101535,-25.90128315048651,58.805492186005345
2026-03-12 00:00:00+00:00,70209.765625,70775.828125,69230.15625,70493.4609375,40871848129,0.0,0.0,67970.865625,72446.414609375,94530.24740234375,56.56657372965456,-539.9659747564292,-1244.9829611501796,705.0169863937504,67970.865625,72284.75610987516,63656.97514012485,-25.427614044568546,58.52760122980667
2026-03-13 00:00:00+00:00,70497.046875,73927.328125,70410.7265625,70968.265625,61167226505,0.0,0.0,68119.090625,72076.530859375,94334.46697265626,61.534997175903975,-335.8735798099369,-1063.161084882131,727.2875050721941,68119.090625,72636.65294242432,63601.52830757568,-24.769527085396234,58.54864966515221
2026-03-14 00:00:00+00:00,70965.3828125,71291.203125,70339.5859375,71214.625,22283546496,0.0,0.0,68296.85234375,71710.745859375,94131.52681640624,59.95918225826203,-152.4919119195547,-881.0272502896158,728.5353383700611,68296.85234375,73013.6482798837,63580.0564076163,-24.345617872642475,58.44815028503175
2026-03-15 00:00:00+00:00,71213.6796875,73173.0078125,70882.421875,72789.9140625,27991268669,0.0,0.0,68705.5111328125,71384.329453125,93939.36607421875,66.40123268355791,118.58506832983403,-681.1047865657259,799.68985489556,68705.5111328125,73495.48097158757,63915.541294037444,-22.513939464962096,54.78191831947859
2026-03-16 00:00:00+00:00,72798.171875,74901.859375,72300.6328125,74861.0859375,55572438409,0.0,0.0,69244.56328125,71150.106796875,93750.94748046875,64.81945572256905,494.8376090570673,-445.9163074411673,940.7539164982346,69244.56328125,74263.84617367545,64225.28038882454,-20.14898201098618,55.14143753179026
2026-03-17 00:00:00+00:00,74855.296875,75988.3984375,73444.2265625,73922.4765625,49500721728,0.0,0.0,69542.680859375,70863.213515625,93578.50568359374,63.409863989892855,709.1083662187884,-214.91137270917616,924.0197389279646,69542.680859375,74935.13782781444,64150.223890935566,-21.004854669890133,50.45062010783627
2026-03-18 00:00:00+00:00,73936.8515625,74658.9765625,70503.859375,71245.578125,46229011155,0.0,0.0,69732.27109375,70506.073671875,93390.69322265625,46.19433257539288,655.3615528415685,-40.85678759902724,696.2183404405957,69732.27109375,75081.95378938598,64382.58839811401,-23.71233613702733,53.1859308325931
2026-03-19 00:00:00+00:00,71250.3515625,71598.84375,68805.5234375,69912.7890625,44631433398,0.0,0.0,69933.820703125,70120.638046875,93199.07361328125,47.51927034685997,499.4643629837228,67.20744251752276,432.2569204662001,69933.820703125,74967.07304939674,64900.56835685327,-24.985532203254493,52.78214618676448
2026-03-20 00:00:00+00:00,69911.53125,71346.796875,69398.8828125,70522.5859375,38299078407,0.0,0.0,70110.15703125,69839.858046875,93005.43357421875,57.18006151786059,420.2755534029857,137.82106469461536,282.4544887083703,70110.15703125,74953.55462807146,65266.75943442853,-24.173692624933942,52.49263533459278
2026-03-21 00:00:00+00:00,70522.46875,71051.2734375,68602.9140625,68711.5234375,21109354718,0.0,0.0,70258.828125,69531.515390625,92792.98826171875,54.09641657240185,208.97135155592696,152.0511220668777,56.92022948904926,70258.828125,74703.27164258246,65814.38460741754,-25.951815191356904,53.12023981617907
2026-03-22 00:00:00+00:00,68737.4453125,69561.7734375,67372.875,67845.2109375,30108051508,0.0,0.0,70212.29609375,69315.997265625,92573.59826171875,55.47514012006969,-28.069363299233373,116.02702499365549,-144.09638829288886,70212.29609375,74740.80567089473,65683.78651660528,-26.71213800538257,49.66996472129095
2026-03-23 00:00:00+00:00,67843.0,71782.2578125,67458.84375,70914.859375,51508669357,0.0,0.0,70343.356640625,69194.805546875,92374.55455078125,57.07189252734117,31.407095726477564,99.1030391402199,-67.69594341374234,70343.356640625,74789.02855598311,65897.6847252669,-23.23117581474687,53.2163933716703
2026-03-24 00:00:00+00:00,70912.671875,71371.3046875,68920.6953125,70517.859375,40181522399,0.0,0.0,70233.720703125,69031.387421875,92173.88892578126,51.77605046199852,45.978029769685236,88.47803726611298,-42.50000749642774,70233.720703125,74539.53823837599,65927.90316787401,-23.49475518844471,45.25202725931862
2026-03-25 00:00:00+00:00,70520.046875,71985.7421875,70383.59375,71309.8828125,35409791747,0.0,0.0,70257.15859375,68944.914140625,91979.31486328125,53.22150977294551,120.05139442154905,94.7927086972002,25.25868572434885,70257.15859375,74581.95868731342,65932.35850018659,-22.47182649871273,44.15679379894729
2026-03-26 00:00:00+00:00,71310.1171875,71410.390625,68118.3515625,68791.625,38962070215,0.0,0.0,70289.915234375,68860.352578125,91767.43490234375,45.60930371681858,-24.168688337493222,71.00042929026152,-95.16911762775474,70289.915234375,74556.61883173816,66023.21163701185,-25.036996976971125,43.68820082337664
2026-03-27 00:00:00+00:00,68790.8359375,69117.53125,65532.5703125,66338.375,46483453594,0.0,0.0,70243.204296875,68933.078125,91538.76962890624,39.16146405626574,-332.5870587232057,-9.717068312431916,-322.86999041077377,70243.204296875,74666.5731271717,65819.83546657831,-27.529750215201087,46.08070987439353
2026-03-28 00:00:00+00:00,66338.5,67232.859375,65906.7421875,66319.6953125,20924883455,0.0,0.0,70260.7,68848.36421875,91312.71537109376,38.41754164261939,-571.9253347094782,-122.15872159184117,-449.766613117637,70260.7,74615.13070935785,65906.26929064214,-27.37079929889548,45.287978835662024
2026-03-29 00:00:00+00:00,66319.6953125,67052.953125,64971.70703125,65954.921875,21645889785,0.0,0.0,70138.326953125,68781.82328125,91072.71318359375,32.844130606578176,-782.0221461265319,-254.13140649877934,-527.8907396277525,70138.326953125,74836.63452193013,65440.019384319865,-27.579930838294803,42.2729739264283
2026-03-30 00:00:00+00:00,65958.3515625,68087.2890625,65759.8046875,66691.4453125,37694994180,0.0,0.0,69976.553125,68710.35765625,90828.63271484376,28.021614487002722,-878.961970357821,-379.0975192705877,-499.86445108723325,69976.553125,74921.82906452646,65031.27718547355,-26.57442557582298,41.322661656720115
2026-03-31 00:00:00+00:00,66694.5859375,68495.2734375,65950.4375,68233.3125,42997691338,0.0,0.0,69877.974609375,68672.60828125,90589.29138671875,35.17588512554266,-821.8973621873738,-467.65748785394493,-354.2398743334289,69877.974609375,74882.33546590764,64873.61375284235,-24.67839028708458,42.65506499979419
2026-04-01 00:00:00+00:00,68232.890625,69230.359375,67555.359375,68078.5546875,36465393617,0.0,0.0,69757.229296875,68658.30015625,90349.93162109375,40.498972739029774,-780.1676244505652,-530.159515173269,-250.00810927729617,69757.229296875,74815.30738084283,64699.15121290717,-24.650131476573378,42.58989211905076
2026-04-02 00:00:00+00:00,68077.8984375,68633.1484375,65725.2578125,66888.5703125,39323384518,0.0,0.0,69553.24453125,68656.2321875,90107.33619140626,40.8489766739919,-833.5101148339745,-590.8296351054101,-242.68047972856436,69553.24453125,74733.26954094689,64373.21952155312,-25.767897332560015,42.94464811600989
2026-04-03 00:00:00+00:00,66889.015625,67296.234375,66281.5390625,66931.1015625,22815543346,0.0,0.0,69339.068359375,68670.41734375,89864.76732421874,38.74613577588528,-862.4111672445142,-645.145941533231,-217.26522571128316,69339.068359375,74583.67763717627,64094.45908157374,-25.520197119052767,42.88320617629335
2026-04-04 00:00:00+00:00,66938.6484375,67515.015625,66769.640625,67290.515625,15878814963,0.0,0.0,69064.0984375,68639.07078125,89617.00396484375,45.101670057194625,-846.5551871702191,-685.4277906606287,-161.12739650959043,69064.0984375,74120.18833187108,64008.008543128926,-24.913227793915436,41.58634306622056
2026-04-05 00:00:00+00:00,67291.1953125,69087.65625,66610.6328125,68981.8984375,22972648674,0.0,0.0,68770.1390625,68623.35625,89379.57091796875,53.70737295719408,-689.5599335545121,-686.2542192394054,-3.305714315106684,68770.1390625,73027.70605555459,64512.57206944542,-22.82140344932897,41.11498956380759
2026-04-06 00:00:00+00:00,68982.9140625,70305.421875,68347.078125,68859.828125,39542143229,0.0,0.0,68517.006640625,68624.7890625,89138.18404296874,41.70188307353742,-568.4375240715017,-662.6908802058247,94.25335613432298,68517.006640625,72019.86581205361,65014.14746919639,-22.74934825707649,40.93538567216634
2026-04-07 00:00:00+00:00,68859.375,72732.4296875,67740.5078125,71940.703125,44650511480,0.0,0.0,68551.762890625,68686.74,88919.44326171876,54.721913115803076,-221.29532263526926,-574.4117686917136,353.1164460564444,68551.762890625,72180.1608730348,64923.36490821521,-19.09451916691023,42.99704454970199
2026-04-08 00:00:00+00:00,71950.1484375,72825.1875,70707.46875,71123.359375,42444631703,0.0,0.0,68612.29140625,68759.3228125,88696.45025390625,49.382033494172866,-11.997141195082804,-461.9288431923875,449.9317019973047,68612.29140625,72374.21935060414,64850.363461895875,-19.812620266764647,42.470592752467375
2026-04-09 00:00:00+00:00,71120.5703125,73107.265625,70486.359375,71767.828125,38799581473,0.0,0.0,68674.553515625,68866.17296875,88478.75892578125,61.2582112118135,203.53024758221,-328.83702503746804,532.367272619678,68674.553515625,72606.9597485865,64742.1472826635,-18.88694077953659,42.48253885740852
2026-04-10 00:00:00+00:00,71774.3671875,73440.1171875,71434.828125,72979.046875,37722595732,0.0,0.0,68887.9296875,68986.6034375,88279.91162109375,77.72516918757347,466.69274309053435,-169.7310714118676,636.4238145024019,68887.9296875,73266.58239307563,64509.27698192437,-17.33221575001864,41.19780227678849
2026-04-11 00:00:00+00:00,72976.125,73784.234375,72556.3359375,73054.2734375,23287073965,0.0,0.0,69148.3828125,69087.58046875,88085.11048828125,77.98509497763857,673.5567289664032,-1.0735113362134503,674.6302403026166,69148.3828125,73871.99180176211,64424.77382323788,-17.063992958016367,40.59774057298112
2026-04-12 00:00:00+00:00,73056.046875,73154.03125,70540.5703125,70753.40625,29882740487,0.0,0.0,69140.31015625,69142.57328125,87872.23435546875,67.17605197396827,644.4088313880493,128.0229572086391,516.3858741794102,69140.31015625,73851.74409552701,64428.87621697298,-19.48149859968066,38.78737248719501
2026-04-13 00:00:00+00:00,70757.6171875,74896.3125,70588.5234375,74484.640625,52278211554,0.0,0.0,69338.64921875,69279.07828125,87699.41111328125,72.97083077149811,911.8767953208153,284.79372483107437,627.083070489741,69338.64921875,74596.54763851465,64080.75079898535,-15.068254530479965,44.700934325658004
2026-04-14 00:00:00+00:00,74478.3984375,76061.7578125,73877.203125,74181.609375,53540826530,0.0,0.0,69482.235546875,69470.375703125,87521.75501953125,68.91421774669553,1086.8662765180488,445.2082351684693,641.6580413495795,69482.235546875,75110.58980827391,63853.88128547608,-15.242091113865666,44.63741095366134
2026-04-15 00:00:00+00:00,74182.0234375,75409.2734375,73549.203125,74805.078125,38090174312,0.0,0.0,69782.908203125,69684.87640625,87347.37068359375,70.76969912467632,1261.3157557863306,608.4297392920415,652.886016494289,69782.908203125,75878.97932433951,63686.83708191049,-14.35909571225312,41.3595888687174
2026-04-16 00:00:00+00:00,74810.875,75506.5703125,73346.265625,75152.1328125,41312783855,0.0,0.0,70223.59609375,69828.7165625,87162.51814453125,76.91681290537983,1411.3040037226165,769.0045921781565,642.29941154446,70223.59609375,76541.48285529195,63905.70933220806,-13.779300538467526,37.234382657753024
2026-04-17 00:00:00+00:00,75164.0390625,78320.6796875,74558.6015625,77126.875,54137194839,0.0,0.0,70763.955078125,70022.17859375,86976.15060546875,79.497565035235,1670.2622185875225,949.2561174600297,721.0061011274928,70763.955078125,77510.09789938772,64017.812256862286,-11.324110732545414,38.03407495736048
2026-04-18 00:00:00+00:00,77136.046875,77416.703125,75504.9453125,75726.2109375,26014416776,0.0,0.0,71252.51953125,70219.066875,86784.50123046876,73.01860173009008,1742.3814962613105,1107.881193220286,634.5003030410246,71252.51953125,77947.33893372987,64557.70012877013,-12.74224099485445,39.24736624525038
2026-04-19 00:00:00+00:00,75723.6953125,76243.09375,73802.3828125,73856.3515625,30931515195,0.0,0.0,71610.76484375,70356.27671875,86560.53833984376,63.17268455650365,1629.8664332278277,1212.2782412217944,417.5881920060333,71610.76484375,78039.4445246897,65182.08516281032,-14.676649453664531,41.465715642793526
2026-04-20 00:00:00+00:00,73854.25,76575.359375,73775.5703125,75872.5234375,39674447916,0.0,0.0,71992.725390625,70558.96515625,86336.49466796876,67.19115859742745,1683.9738532645279,1306.617363630341,377.3564896341868,71992.725390625,78483.93655618238,65501.51422506761,-12.119986189746175,41.846700076232466
2026-04-21 00:00:00+00:00,75872.828125,76881.4765625,74852.671875,76352.7734375,36453522626,0.0,0.0,72406.436328125,70710.50359375,86106.92587890624,62.396519153916636,1745.485662657782,1394.3910234358293,351.0946392219528,72406.436328125,78901.96204749172,65910.91060875828,-11.32795340426354,41.69923026263791
2026-04-22 00:00:00+00:00,76354.21875,79468.0,76159.578125,78203.1015625,48336654537,0.0,0.0,72972.162890625,70908.69265625,85885.81423828125,68.80051484216777,1921.3916240039835,1499.7911435494602,421.6004804545232,72972.162890625,79414.8635316964,66529.46224955359,-8.945263829561382,40.99354207005957
2026-04-23 00:00:00+00:00,78203.875,78676.9375,77014.453125,78268.953125,40354900916,0.0,0.0,73539.05546875,71019.86015625,85659.59162109374,67.81133186871895,2042.5666001412756,1608.3462348678233,434.2203652734522,73539.05546875,79734.11429398929,67343.9966435107,-8.627917033255844,40.98646084710743
2026-04-24 00:00:00+00:00,78263.8203125,78554.09375,77318.4453125,77455.3125,32784213526,0.0,0.0,74047.2953125,71152.14390625,85423.10552734375,62.53688012722386,2049.321342412455,1696.5412563767497,352.7800860357054,74047.2953125,79730.61800556601,68363.972619434,-9.327444815025226,41.73264257032902
2026-04-25 00:00:00+00:00,77457.2109375,77882.640625,77184.6640625,77612.015625,16702933134,0.0,0.0,74478.801171875,71341.654375,85203.90869140625,62.707081355762384,2043.7599642213609,1765.9849979456721,277.7749662756887,74478.801171875,79844.39888186341,69113.2034618866,-8.91026384001087,40.99478532710962
2026-04-26 00:00:00+00:00,77613.1171875,78923.5625,77334.890625,78657.5390625,21482934750,0.0,0.0,74968.68671875,71569.35328125,84980.42205078126,73.69554128133532,2099.5156263027457,1832.691123617087,266.8245026856587,74968.68671875,79949.49239247286,69987.88104502714,-7.440399606985864,40.9477789100468
2026-04-27 00:00:00+00:00,78661.015625,79488.171875,76481.34375,77366.625,38135631927,0.0,0.0,75239.9828125,71797.29015625,84758.72724609375,60.12060422828109,2016.293833759075,1869.4116656454846,146.8821681135903,75239.9828125,80116.3363132235,70363.62931177652,-8.721346445695279,38.338832370549
2026-04-28 00:00:00+00:00,77368.1171875,77483.8671875,75673.6015625,76350.671875,32056900880,0.0,0.0,75501.3484375,71956.2559375,84574.40876953125,57.25384377429792,1847.0691734042484,1864.9431671972375,-17.87399379298904,75501.3484375,79993.92039627902,71008.77647872097,-9.723670569121294,38.48080201655647
2026-04-29 00:00:00+00:00,76350.6875,77884.96875,74958.5703125,75776.1328125,41460907886,0.0,0.0,75701.763671875,72073.24015625,84399.25001953125,53.25809274115968,1647.6043527740549,1821.475404312601,-173.87105153854623,75701.763671875,79836.4238571951,71567.1034865549,-10.217054304434846,38.692247720495814
2026-04-30 00:00:00+00:00,75778.6328125,76611.484375,75318.984375,76304.3203125,29497862305,0.0,0.0,75868.02734375,72195.22890625,84204.92279296875,53.81940739620422,1514.6869935592404,1760.1177221619291,-245.43072860268876,75868.02734375,79804.36911608011,71931.68557141989,-9.38258978028356,38.234217036957766
2026-05-01 00:00:00+00:00,76305.0546875,78894.9765625,76294.6953125,78179.0,39164328894,0.0,0.0,76124.263671875,72348.9396875,84019.46240234375,53.51100029303525,1542.835168749254,1716.6612114793943,-173.82604273014022,76124.263671875,79955.17612500333,72293.35121874667,-6.951320843229804,39.37527366416689
2026-05-02 00:00:00+00:00,78177.75,79119.7890625,78031.9609375,78657.25,16761531851,0.0,0.0,76519.455859375,72502.719375,83847.15533203125,60.422693993573695,1585.4574123454076,1690.420451652597,-104.96303930718932,76519.455859375,79568.41949876124,73470.49221998875,-6.189721418072494,36.0761851841337
2026-05-03 00:00:00+00:00,78656.7265625,79402.359375,78073.078125,78538.2265625,20544392639,0.0,0.0,76722.13515625,72649.19140625,83685.93064453125,69.01652744652792,1591.2882701504277,1670.5940153521633,-79.30574520173559,76722.13515625,79740.33384243208,73703.93647006793,-6.151218063042056,29.215570121688284
2026-05-04 00:00:00+00:00,78540.2890625,80742.359375,78217.9609375,79827.90625,54325085296,0.0,0.0,77004.45,72789.95125,83544.13998046875,67.0733146690713,1680.6026976882567,1672.595751819382,8.006945868874709,77004.45,80077.85870731961,73931.04129268038,-4.448227884490221,29.60373329453907
2026-05-05 00:00:00+00:00,79823.53125,81751.453125,79787.578125,80927.0546875,39700107376,0.0,0.0,77310.548828125,72911.270625,83416.43630859375,68.74333348272307,1819.1075781217369,1701.8981170798531,117.20946104188374,77310.548828125,80667.97284627527,73953.12480997473,-2.9842819128408262,29.85208655033406
2026-05-06 00:00:00+00:00,80930.734375,82792.2109375,80751.0234375,81427.53125,41751540000,0.0,0.0,77624.31875,73061.37171875,83287.58263671875,64.85560376322141,1946.8162834115356,1750.8817503461896,195.93453306534593,77624.31875,81291.10163556518,73957.53586443483,-2.2332877577103782,29.865173654661437
2026-05-07 00:00:00+00:00,81428.8515625,81684.953125,79522.65625,80009.9921875,36931193154,0.0,0.0,77768.474609375,73236.66,83144.29904296875,57.132916598651214,1911.606981619654,1783.0267966008826,128.58018501877154,77768.474609375,81576.87332515087,73960.07589359913,-3.7697195015727387,29.471325010407973
2026-05-08 00:00:00+00:00,80009.625,80447.265625,79205.515625,80186.765625,33789351540,0.0,0.0,77991.50234375,73442.13953125,82992.28822265625,61.806695276187234,1876.3382361232216,1801.6890845053504,74.64915161787121,77991.50234375,81818.71767942763,74164.28700807238,-3.380461796799048,28.051674159396022
2026-05-09 00:00:00+00:00,80187.7421875,81030.0625,80119.9296875,80664.3671875,18102086996,0.0,0.0,78331.903125,73644.97515625,82853.22560546875,62.83764024601417,1865.4225261345855,1814.4357728311975,50.986753303388014,78331.903125,81805.20801178213,74858.59823821786,-2.6418505760918376,25.151740355490364
2026-05-10 00:00:00+00:00,80665.609375,82430.171875,80274.1328125,82138.9296875,26965971077,0.0,0.0,78645.2234375,73913.52328125,82725.47732421875,64.13208526098268,1953.2408727117581,1842.1967928073097,111.04407990444838,78645.2234375,82309.6982087793,74980.7486662207,-0.7090290146286448,23.842372780065176
2026-05-11 00:00:00+00:00,82139.046875,82326.234375,80451.421875,81728.296875,32409774919,0.0,0.0,78913.999609375,74191.185,82583.77017578125,69.06817346588868,1967.0282318794925,1867.1630806217463,99.86515125774622,78913.999609375,82658.18767023155,75169.81154851844,-1.0358855002143328,24.123780647421952
2026-05-12 00:00:00+00:00,81725.3515625,81753.03125,79832.1015625,80477.4921875,32186688600,0.0,0.0,79027.719140625,74382.43765625,82430.98802734374,67.67844509013705,1855.6347264481883,1864.8574097870348,-9.222683338846537,79027.719140625,82818.85771393223,75236.58056731778,-2.369856150693884,23.495283546677413
2026-05-13 00:00:00+00:00,80476.7890625,81276.671875,78725.5078125,79277.1171875,34075428359,0.0,0.0,79078.12734375,74557.6228125,82269.16498046875,64.23426571205316,1651.4573677604349,1822.1774013817148,-170.72003362127998,79078.12734375,82853.5640008257,75302.69068667431,-3.636900646407533,24.5227404023558
2026-05-14 00:00:00+00:00,79276.9453125,82005.9609375,78909.6796875,81051.25,43731663431,0.0,0.0,79257.92421875,74752.45015625,82102.05900390625,67.52451991271298,1614.1955889565143,1780.581038896675,-166.3854499401607,79257.92421875,83050.41752289349,75465.43091460652,-1.2798814264283631,25.640820826738082
2026-05-15 00:00:00+00:00,81046.8671875,81634.84375,78635.3671875,79065.6796875,38183347368,0.0,0.0,79330.607421875,74957.93125,81926.79076171874,53.246823837028,1408.2134229254589,1706.1075157024318,-297.8940927769729,79330.607421875,83045.20343574863,75616.01140800137,-3.4922777367664604,28.09298650873912
2026-05-16 00:00:00+00:00,79066.0,79173.5,77630.734375,78131.4375,25895799905,0.0,0.0,79304.30234375,75193.7925,81752.66712890625,48.13681240560041,1156.2569254888658,1596.1373976597188,-439.88047217085295,79304.30234375,83046.31728611776,75562.28740138223,-4.429494175641213,28.01874145200836
2026-05-17 00:00:00+00:00,78133.5859375,78539.3984375,76783.4140625,77429.3515625,20900166465,0.0,0.0,79307.438671875,75415.985625,81589.53736328126,46.22667993772809,889.6715387452132,1454.8442258768177,-565.1726871316046,79307.438671875,83042.71461883876,75572.16272491125,-5.098920689129334,27.3670417600452
2026-05-18 00:00:00+00:00,77426.34375,77749.3203125,76029.2265625,76954.171875,41520471808,0.0,0.0,79337.613671875,75635.970625,81432.78048828125,39.64727828663551,632.7635650714801,1290.4280937157503,-657.6645286442701,79337.613671875,82980.93617269064,75694.29117105938,-5.4997613816290505,26.874202852508795
2026-05-19 00:00:00+00:00,76954.75,77346.8671875,76082.3671875,76750.90625,26031898332,0.0,0.0,79386.35234375,75837.15984375,81268.75419921875,33.917158837564045,408.0564866653149,1113.9537723056633,-705.8972856403484,79386.35234375,82850.75613465197,75921.94855284803,-5.559145078247278,26.674725372429425
2026-05-20 00:00:00+00:00,76749.453125,77775.5703125,76463.6484375,77457.7734375,26668360936,0.0,0.0,79444.025,76021.6490625,81105.72298828125,34.95121938217338,283.7419816557376,947.9114141756781,-664.1694325199405,79444.025,82725.9986416363,76162.0513583637,-4.4977708309293245,26.792242372016233
2026-05-21 00:00:00+00:00,77462.5078125,78100.5625,76655.4375,77539.171875,27141485404,0.0,0.0,79412.03359375,76210.86140625,80940.22072265625,39.57766929181603,189.60437323906808,796.2500059883562,-606.6456327492881,79412.03359375,82757.78110212692,76066.2860853731,-4.2019268261079095,24.58437573279922
2026-05-22 00:00:00+00:00,77538.1171875,77819.453125,75323.875,75488.2421875,27859040109,0.0,0.0,79253.583203125,76382.85484375,80784.92431640625,32.88664129587927,-49.91782350606809,627.0164400894714,-676.9342635955395,79253.583203125,83023.15488205149,75484.01152419852,-6.556522982135876,26.78168951295339
2026-05-23 00:00:00+00:00,75488.3125,77288.1171875,74255.234375,76673.3671875,29973220002,0.0,0.0,79160.340234375,76577.70015625,80660.33853515625,36.17612580383633,-142.46891413538833,473.11936924449947,-615.5882833798878,79160.340234375,83093.13969509822,75227.5407736518,-4.942914225333314,27.82601772187423
2026-05-24 00:00:00+00:00,76670.65625,77372.5390625,76019.890625,76981.125,20572738918,0.0,0.0,79018.001171875,76771.51234375,80525.78498046874,30.563528976047948,-188.8063942394365,340.7342165477123,-529.5406107871488,79018.001171875,83053.78731638411,74982.21502736589,-4.401894351391282,26.81155404791798
2026-05-25 00:00:00+00:00,76981.125,77804.921875,76833.0390625,77279.9296875,19808387601,0.0,0.0,78835.644921875,76937.47296875,80405.67818359374,33.09446288887952,-199.12277658033418,232.76281792210304,-431.88559450243724,78835.644921875,82837.67829165625,74833.61155209376,-3.887472336165846,26.0357382329941
2026-05-26 00:00:00+00:00,77280.125,77990.8671875,75569.46875,75825.734375,35999475458,0.0,0.0,78555.555078125,77076.79109375,80267.94482421875,32.59063512567606,-320.94039135931234,122.02217606581998,-442.9625674251323,78555.555078125,82577.86046687733,74533.24968937268,-5.534227217286905,26.669417293232307
2026-05-27 00:00:00+00:00,75825.3046875,76014.296875,74136.5,74344.703125,33802172927,0.0,0.0,78272.290625,77124.87109375,80128.25775390625,31.920079954409957,-530.8690452019946,-8.556068187742936,-522.3129770142517,78272.290625,82645.92165652855,73898.65959347144,-7.217871436402596,26.897153399361184
2026-05-28 00:00:00+00:00,74339.5703125,74460.125,72493.4140625,73536.5546875,40148145327,0.0,0.0,77939.780078125,77173.135,79972.34232421876,20.355299630350814,-753.7609536804375,-157.59704528628185,-596.1639083941557,77939.780078125,82695.09389184856,73184.46626440143,-8.047516741009282,26.9375379515289
2026-05-29 00:00:00+00:00,73537.03125,74218.5625,72435.625,73372.5234375,34457929250,0.0,0.0,77575.187890625,77205.22890625,79809.22197265625,23.77166007290569,-932.8866118480946,-312.65495859864444,-620.2316532494501,77575.187890625,82563.37823876878,72586.99754248123,-8.065106232161428,26.567634242217693
2026-05-30 00:00:00+00:00,73370.8515625,74020.7578125,73125.234375,73754.8359375,19563589191,0.0,0.0,77155.983203125,77220.7446875,79663.00880859375,28.756697723627184,-1032.0981775139371,-456.543602381703,-575.554575132234,77155.983203125,81934.05598056658,72377.91042568341,-7.4164570977846305,24.938897051431198
2026-05-31 00:00:00+00:00,73753.75,74153.5,73315.015625,73579.6875,17445435650,0.0,0.0,76748.552734375,77231.25296875,79522.59130859375,30.307002574540576,-1112.0381891893048,-587.6425197432234,-524.3956694460815,76748.552734375,81267.6641833884,72229.4412853616,-7.473227055104176,24.96991098527403
2026-06-01 00:00:00+00:00,73580.2109375,73969.5703125,70599.5078125,71319.7734375,43378836121,0.0,0.0,76290.666796875,77242.5803125,79380.70271484375,25.627507953469404,-1342.2744974627276,-738.5689152871242,-603.7055821756034,76290.666796875,81067.35831748946,71513.97527626053,-10.154771879887123,26.961303986697683
2026-06-02 00:00:00+00:00,71321.03125,71334.953125,66127.265625,66703.65625,54990073882,0.0,0.0,75661.99375,77086.960625,79242.23205078125,18.546870750562036,-1875.5997625206655,-965.9750847338325,-909.624677786833,75661.99375,81876.86561195824,69447.12188804174,-15.823097704701311,36.76537783492121
2026-06-03 00:00:00+00:00,66694.0078125,67402.9296875,64009.67578125,64014.3671875,47411556213,0.0,0.0,74810.149609375,76883.61578125,79084.55814453126,12.561952328363219,-2486.6030177652574,-1270.1006713401175,-1216.5023464251399,74810.149609375,82426.99183462423,67193.30738412577,-19.055794595816895,36.43113224928244
2026-06-04 00:00:00+00:00,64020.0703125,64664.4453125,61335.75,63801.57421875,63800151780,0.0,0.0,74046.9443359375,76663.545703125,78932.680625,12.020614642218973,-2953.946853224523,-1606.8699077169986,-1347.0769455075242,74046.9443359375,82836.97344968855,65256.91522218645,-19.169634537228152,36.107226971773535
2026-06-05 00:00:00+00:00,63807.69140625,63901.515625,59108.91796875,60922.66796875,71465606706,0.0,0.0,73186.505859375,76378.95640625,78776.82458984375,11.494390086485097,-3516.0925578923343,-1988.7144377520658,-1527.3781201402685,73186.505859375,83525.63301854304,62847.37870020696,-22.66422480729895,39.027065491049164
2026-06-06 00:00:00+00:00,60924.4765625,61491.703125,59496.625,60867.4140625,30898464957,0.0,0.0,72358.408984375,76053.7671875,78616.41728515625,5.560568533163703,-3920.8583924424165,-2375.1432286901363,-1545.7151637522802,72358.408984375,83854.92341098076,60861.89455776923,-22.576713408698517,39.30486211232663
2026-06-08 00:00:00+00:00,63310.30078125,63774.953125,62799.2265625,63323.03125,36983492608,0.0,0.0,71676.851953125,75805.70359375,78475.70248046875,15.737523713958709,-3997.410784697393,-2699.5967398915877,-1297.8140448058052,71676.851953125,83633.20567766084,59720.498228589175,-19.30874238970972,45.1606062635436
