symbol,date,open,high,low,close,volume
BTC,2020-01-01,7195.24,7255.0,7175.15,7200.85,16792.388165
BTC,2020-01-02,7200.77,7212.5,6924.74,6965.71,31951.483932
BTC,2020-01-03,6965.49,7405.0,6871.04,7344.96,68428.500451
BTC,2020-01-04,7345.0,7404.0,7272.21,7354.11,29987.974977
BTC,2020-01-05,7354.19,7495.0,7318.0,7358.75,38331.085604
BTC,2020-01-06,7357.64,7795.34,7346.76,7758.0,54635.695316
BTC,2020-01-07,7758.9,8207.68,7723.71,8145.28,91171.684661
BTC,2020-01-08,8145.92,8455.0,7870.0,8055.98,112622.64264
BTC,2020-01-09,8054.72,8055.96,7750.0,7817.76,64239.51983
BTC,2020-01-10,7817.74,8199.0,7672.0,8197.02,82406.777448
BTC,2020-01-11,8198.86,8286.34,8003.16,8020.01,54810.032667
BTC,2020-01-12,8020.01,8197.0,7960.0,8184.98,38131.494336
BTC,2020-01-13,8184.97,8196.0,8055.89,8110.34,31159.755683
BTC,2020-01-14,8110.34,8880.0,8105.54,8810.01,120399.126742
BTC,2020-01-15,8814.64,8916.48,8564.0,8821.41,84816.297606
BTC,2020-01-16,8820.01,8859.81,8586.0,8720.01,51991.074284
BTC,2020-01-17,8720.15,9041.65,8672.44,8913.28,70897.737377
BTC,2020-01-18,8913.27,8988.88,8806.38,8915.96,38294.746545
BTC,2020-01-19,8915.09,9198.98,8466.0,8701.7,70676.889259
BTC,2020-01-20,8701.72,8746.99,8521.28,8642.35,38896.639746
BTC,2020-01-21,8642.35,8789.0,8488.0,8736.03,36494.687659
BTC,2020-01-22,8736.04,8818.0,8590.0,8682.36,29080.557138
BTC,2020-01-23,8682.77,8691.81,8306.39,8404.52,48165.944597
BTC,2020-01-24,8404.52,8528.02,8238.0,8439.0,41687.529529
BTC,2020-01-25,8438.99,8451.26,8254.9,8340.58,25521.157932
BTC,2020-01-26,8340.01,8618.13,8293.66,8615.0,31130.485164
BTC,2020-01-27,8614.39,9000.0,8535.0,8907.57,53973.542996
BTC,2020-01-28,8907.57,9400.0,8862.4,9374.21,74584.853765
BTC,2020-01-29,9375.34,9449.24,9216.0,9301.53,53864.065122
BTC,2020-01-30,9301.57,9578.0,9204.44,9513.21,60626.744259
BTC,2020-01-31,9511.52,9530.22,9210.01,9352.89,45552.022352
BTC,2020-02-01,9351.71,9464.53,9281.0,9384.61,28578.067354
BTC,2020-02-02,9384.41,9477.03,9120.0,9331.51,45690.91254
BTC,2020-02-03,9331.59,9618.79,9234.0,9292.24,50892.133451
BTC,2020-02-04,9291.35,9350.0,9093.01,9197.02,53308.175266
BTC,2020-02-05,9197.02,9744.45,9177.22,9612.04,64870.415615
BTC,2020-02-06,9612.03,9862.57,9526.35,9772.0,64949.706588
BTC,2020-02-07,9772.0,9885.0,9730.0,9813.73,43966.114632
BTC,2020-02-08,9813.87,9940.0,9667.11,9895.05,43600.843666
BTC,2020-02-09,9895.04,10166.0,9880.75,10151.75,43408.475616
BTC,2020-02-10,10151.72,10188.0,9756.0,9851.83,59573.084619
BTC,2020-02-11,9851.74,10323.59,9700.0,10223.08,62422.395224
BTC,2020-02-12,10223.08,10450.0,10223.08,10326.46,61008.06393
BTC,2020-02-13,10325.33,10500.0,10080.0,10229.63,79344.358759
BTC,2020-02-14,10227.78,10381.56,10111.37,10344.36,47038.480173
BTC,2020-02-15,10344.36,10375.0,9801.0,9904.72,57657.202947
BTC,2020-02-16,9904.46,10050.0,9638.12,9917.27,60023.999537
BTC,2020-02-17,9910.7,9964.16,9452.67,9706.0,70261.011901
BTC,2020-02-18,9706.0,10250.0,9576.01,10164.71,70604.124019
BTC,2020-02-19,10164.78,10250.0,9350.0,9593.79,55162.586895
BTC,2020-02-20,9594.65,9699.0,9400.0,9596.42,60152.342914
BTC,2020-02-21,9597.21,9755.51,9550.21,9677.05,42181.554524
BTC,2020-02-22,9677.05,9709.17,9560.02,9650.86,24636.757623
BTC,2020-02-23,9650.85,9990.0,9645.0,9936.4,37702.089843
BTC,2020-02-24,9936.4,9990.0,9473.56,9656.13,55796.59612
BTC,2020-02-25,9655.52,9675.0,9250.0,9315.84,54379.344552
BTC,2020-02-26,9316.48,9377.44,8633.63,8785.25,92130.345482
BTC,2020-02-27,8786.0,8971.77,8531.0,8823.21,72483.578762
BTC,2020-02-28,8823.25,8900.0,8445.0,8692.91,71155.208977
BTC,2020-02-29,8690.8,8790.0,8523.55,8523.61,36748.183035
BTC,2020-03-01,8523.61,8750.0,8411.0,8531.88,43892.201779
BTC,2020-03-02,8530.3,8965.75,8498.0,8915.24,60401.31773
BTC,2020-03-03,8911.18,8919.65,8651.0,8760.07,55154.997282
BTC,2020-03-04,8760.07,8848.29,8660.0,8750.87,38696.482578
BTC,2020-03-05,8750.99,9159.42,8746.54,9054.68,58201.866355
BTC,2020-03-06,9054.64,9170.0,8985.5,9131.88,43782.948044
BTC,2020-03-07,9130.89,9188.0,8835.0,8886.66,45422.204525
BTC,2020-03-08,8885.25,8886.76,8000.0,8033.31,77537.315166
BTC,2020-03-09,8034.76,8179.31,7632.01,7929.87,116968.863268
BTC,2020-03-10,7929.87,8149.0,7728.01,7894.56,86783.443875
BTC,2020-03-11,7894.57,7980.0,7590.0,7934.52,79942.411172
BTC,2020-03-12,7934.58,7966.17,4410.0,4800.0,261505.608653
BTC,2020-03-13,4800.01,5955.0,3782.13,5578.6,402201.673764
BTC,2020-03-14,5576.05,5640.52,5055.13,5172.06,136910.135974
BTC,2020-03-15,5172.48,5940.0,5093.1,5361.3,139916.146534
BTC,2020-03-16,5360.33,5365.42,4442.12,5028.97,227276.92276
BTC,2020-03-17,5028.86,5525.0,4921.45,5312.64,150089.926318
BTC,2020-03-18,5312.64,5436.17,5009.37,5393.04,137127.634894
BTC,2020-03-19,5393.26,6400.0,5252.53,6162.37,199020.873439
BTC,2020-03-20,6162.05,6900.0,5670.0,6208.36,219298.329514
BTC,2020-03-21,6204.57,6456.98,5860.02,6186.98,128913.668363
BTC,2020-03-22,6187.04,6407.87,5734.01,5816.19,119115.990527
BTC,2020-03-23,5816.05,6600.0,5688.0,6467.31,164674.215785
BTC,2020-03-24,6465.25,6833.0,6371.33,6744.72,151138.009878
BTC,2020-03-25,6744.69,6957.96,6450.0,6677.43,132155.734989
BTC,2020-03-26,6677.42,6780.0,6510.0,6737.36,83026.555211
BTC,2020-03-27,6737.27,6842.59,6261.0,6359.11,82914.968354
BTC,2020-03-28,6359.11,6360.0,6024.0,6236.65,93159.693429
BTC,2020-03-29,6236.65,6266.0,5866.56,5881.42,63311.627714
BTC,2020-03-30,5880.5,6599.0,5857.76,6394.38,118889.549992
BTC,2020-03-31,6394.45,6523.23,6321.4,6410.44,72337.595259
BTC,2020-04-01,6412.14,6679.94,6150.11,6642.92,97500.7524
BTC,2020-04-02,6643.36,7198.0,6551.0,6794.09,149299.906871
BTC,2020-04-03,6793.86,7048.0,6602.1,6734.1,104080.276939
BTC,2020-04-04,6732.97,6990.41,6650.01,6856.99,72990.861139
BTC,2020-04-05,6857.41,6895.54,6677.52,6772.78,49685.356983
BTC,2020-04-06,6772.78,7355.14,6765.0,7329.9,118052.000832
BTC,2020-04-07,7329.9,7459.69,7077.0,7197.32,103585.168918
BTC,2020-04-08,7197.32,7420.0,7150.0,7361.28,76059.145838
BTC,2020-04-09,7360.26,7371.92,7108.08,7283.54,61094.872417
BTC,2020-04-10,7283.54,7295.75,6739.98,6858.92,104674.623375
BTC,2020-04-11,6858.92,6944.3,6760.0,6876.83,45470.293206
BTC,2020-04-12,6876.84,7177.0,6780.0,6903.79,73868.666501
BTC,2020-04-13,6903.79,6903.79,6575.0,6837.91,96415.476573
BTC,2020-04-14,6838.04,6978.0,6754.28,6868.7,69068.623285
BTC,2020-04-15,6868.57,6933.0,6605.0,6621.24,61571.384994
BTC,2020-04-16,6621.25,7190.0,6468.27,7101.94,125009.857539
BTC,2020-04-17,7101.99,7148.12,6972.98,7027.55,54126.509763
BTC,2020-04-18,7026.78,7293.08,7014.4,7248.6,49488.542819
BTC,2020-04-19,7248.6,7266.15,7055.6,7120.74,45664.86393
BTC,2020-04-20,7121.4,7220.0,6751.0,6826.83,90149.49137
BTC,2020-04-21,6828.98,6940.0,6762.0,6841.37,60109.710808
BTC,2020-04-22,6841.36,7156.38,6818.0,7125.14,61486.377334
BTC,2020-04-23,7125.12,7738.0,7020.0,7482.39,102773.569561
BTC,2020-04-24,7483.96,7615.96,7388.0,7505.0,60182.119939
BTC,2020-04-25,7505.0,7705.0,7431.07,7538.67,43874.427726
BTC,2020-04-26,7539.03,7700.0,7480.0,7693.1,50522.616209
BTC,2020-04-27,7693.1,7792.02,7606.0,7774.62,65441.339576
BTC,2020-04-28,7773.51,7780.0,7659.12,7738.98,46302.752638
BTC,2020-04-29,7738.58,8952.89,7710.05,8778.57,183546.887514
BTC,2020-04-30,8778.58,9460.0,8401.0,8620.0,206277.214124
BTC,2020-05-01,8620.0,9059.18,8613.56,8826.96,91468.815059
BTC,2020-05-02,8825.67,9010.0,8753.0,8972.05,59002.08755
BTC,2020-05-03,8972.58,9200.0,8712.0,8894.16,90126.065643
BTC,2020-05-04,8894.15,8950.0,8522.0,8871.96,84418.512331
BTC,2020-05-05,8871.92,9118.58,8760.0,9021.83,76480.765342
BTC,2020-05-06,9021.36,9395.0,8906.21,9142.92,105925.30242
BTC,2020-05-07,9143.4,10067.0,9021.0,9986.4,147154.611378
BTC,2020-05-08,9986.3,10035.96,9705.0,9800.01,100683.7964
BTC,2020-05-09,9800.02,9914.25,9520.0,9539.4,81950.679567
BTC,2020-05-10,9539.1,9574.83,8117.0,8722.77,183865.182028
BTC,2020-05-11,8722.77,9168.0,8200.0,8561.52,168807.251832
BTC,2020-05-12,8562.04,8978.26,8528.78,8810.79,86522.780066
BTC,2020-05-13,8810.99,9398.0,8792.99,9309.37,92466.274018
BTC,2020-05-14,9309.35,9939.0,9256.76,9791.98,129565.37747
BTC,2020-05-15,9791.97,9845.62,9150.0,9316.42,115890.761516
BTC,2020-05-16,9315.96,9588.0,9220.0,9381.27,59587.627862
BTC,2020-05-17,9380.81,9888.0,9322.1,9680.04,68647.764323
BTC,2020-05-18,9681.11,9950.0,9464.23,9733.93,82006.603583
BTC,2020-05-19,9733.93,9897.21,9474.0,9775.53,78539.760454
BTC,2020-05-20,9775.13,9842.0,9326.0,9511.43,74923.73809
BTC,2020-05-21,9511.43,9578.47,8815.0,9068.65,108928.780969
BTC,2020-05-22,9067.51,9271.0,8933.52,9170.0,58943.131024
BTC,2020-05-23,9170.0,9307.85,9070.0,9179.15,43526.296966
BTC,2020-05-24,9179.01,9298.0,8700.0,8720.34,70379.86645
BTC,2020-05-25,8718.14,8979.66,8642.72,8900.35,62833.910949
BTC,2020-05-26,8900.35,9017.67,8700.0,8841.18,58299.770138
BTC,2020-05-27,8841.0,9225.0,8811.73,9204.07,68910.355514
BTC,2020-05-28,9204.07,9625.47,9110.0,9575.89,74110.787662
BTC,2020-05-29,9575.87,9605.26,9330.0,9427.07,57374.362961
BTC,2020-05-30,9426.6,9740.0,9331.23,9697.72,55665.27254
BTC,2020-05-31,9697.72,9700.0,9381.41,9448.27,48333.786403
BTC,2020-06-01,9448.27,10380.0,9421.67,10200.77,76649.12696
BTC,2020-06-02,10202.71,10228.99,9266.0,9518.04,108970.773151
BTC,2020-06-03,9518.02,9690.0,9365.21,9666.24,46252.644939
BTC,2020-06-04,9666.32,9881.63,9450.0,9789.06,57456.100969
BTC,2020-06-05,9788.14,9854.75,9581.0,9621.16,47788.05005
BTC,2020-06-06,9621.17,9735.0,9531.05,9666.3,32752.950893
BTC,2020-06-07,9666.85,9802.0,9372.46,9746.99,57952.848385
BTC,2020-06-08,9746.99,9800.0,9633.0,9782.01,40664.664125
BTC,2020-06-09,9782.0,9877.0,9570.0,9772.43,46024.001289
BTC,2020-06-10,9772.44,9992.72,9704.18,9885.0,47130.762982
BTC,2020-06-11,9885.22,9964.0,9113.0,9280.4,94418.98473
BTC,2020-06-12,9278.88,9557.12,9232.51,9465.13,50119.066932
BTC,2020-06-13,9464.96,9494.73,9351.0,9473.34,27759.784851
BTC,2020-06-14,9473.34,9480.99,9245.0,9342.1,30055.506608
BTC,2020-06-15,9342.1,9495.0,8910.45,9426.02,86107.924707
BTC,2020-06-16,9426.05,9589.0,9373.09,9525.59,52052.446927
BTC,2020-06-17,9526.97,9565.0,9236.61,9465.14,48046.411152
BTC,2020-06-18,9465.13,9489.0,9280.0,9386.32,37381.953765
BTC,2020-06-19,9386.32,9438.3,9215.79,9310.23,45330.983673
BTC,2020-06-20,9310.23,9395.0,9170.95,9358.95,30329.065384
BTC,2020-06-21,9358.95,9422.0,9281.54,9294.69,24316.926234
BTC,2020-06-22,9294.69,9780.0,9277.09,9685.69,57895.468343
BTC,2020-06-23,9685.69,9720.0,9577.03,9624.89,41031.02938
BTC,2020-06-24,9624.33,9670.0,9208.0,9296.49,61571.561464
BTC,2020-06-25,9298.33,9340.0,9009.69,9249.49,55831.619156
BTC,2020-06-26,9249.49,9298.0,9045.45,9162.21,50292.298277
BTC,2020-06-27,9162.21,9196.24,8833.0,9012.0,46290.930113
BTC,2020-06-28,9012.0,9191.0,8948.06,9116.35,30688.176421
BTC,2020-06-29,9116.16,9238.0,9024.67,9192.56,42120.293261
BTC,2020-06-30,9192.93,9205.0,9064.89,9138.55,31463.162801
BTC,2020-07-01,9138.08,9292.0,9080.1,9232.0,38488.528699
BTC,2020-07-02,9231.99,9261.96,8940.0,9086.54,45725.168076
BTC,2020-07-03,9086.54,9125.0,9037.47,9058.26,28943.420177
BTC,2020-07-04,9057.79,9190.0,9040.04,9135.46,26441.968484
BTC,2020-07-05,9135.0,9145.24,8893.03,9069.41,34073.653627
BTC,2020-07-06,9069.41,9375.0,9055.92,9344.2,54463.132277
BTC,2020-07-07,9342.47,9379.42,9203.0,9257.39,34587.336678
BTC,2020-07-08,9257.4,9470.0,9231.0,9436.06,56140.517781
BTC,2020-07-09,9436.06,9440.79,9160.0,9232.43,48044.450645
BTC,2020-07-10,9232.42,9317.48,9125.0,9288.34,38295.494006
BTC,2020-07-11,9288.34,9299.28,9178.25,9234.03,22561.366
BTC,2020-07-12,9234.02,9345.0,9157.5,9302.75,30872.702286
BTC,2020-07-13,9303.31,9343.82,9200.89,9242.62,42740.069115
BTC,2020-07-14,9242.61,9279.54,9113.0,9255.85,45772.552509
BTC,2020-07-15,9255.85,9276.49,9160.57,9197.6,39053.579665
BTC,2020-07-16,9197.6,9226.15,9047.25,9133.72,43375.571191
BTC,2020-07-17,9133.72,9186.83,9089.81,9154.32,28054.358741
BTC,2020-07-18,9154.31,9219.3,9121.1,9170.28,22554.541457
BTC,2020-07-19,9170.3,9232.27,9101.35,9208.99,26052.019417
BTC,2020-07-20,9208.99,9221.52,9131.0,9160.78,35458.764082
BTC,2020-07-21,9160.78,9437.73,9152.8,9390.0,60413.582486
BTC,2020-07-22,9390.0,9544.0,9261.0,9518.16,48815.004107
BTC,2020-07-23,9518.16,9664.0,9440.33,9603.27,51856.2335
BTC,2020-07-24,9603.27,9637.0,9463.44,9537.8,43931.136205
BTC,2020-07-25,9538.1,9732.9,9513.0,9700.42,40679.545416
BTC,2020-07-26,9700.42,10111.0,9650.0,9931.54,65279.269319
BTC,2020-07-27,9931.54,11394.86,9917.21,11029.96,150188.933144
BTC,2020-07-28,11029.96,11242.23,10565.0,10906.27,97267.734187
BTC,2020-07-29,10906.27,11342.82,10812.0,11100.53,76838.094233
BTC,2020-07-30,11100.52,11170.0,10831.0,11099.61,60794.826456
BTC,2020-07-31,11099.79,11444.0,10960.0,11335.46,70063.660974
BTC,2020-08-01,11335.46,11861.0,11220.0,11801.17,85087.485126
BTC,2020-08-02,11801.17,12123.46,10518.5,11071.35,97553.077604
BTC,2020-08-03,11071.36,11473.0,10936.0,11219.81,56931.841475
BTC,2020-08-04,11219.68,11414.98,11000.0,11191.97,58629.113709
BTC,2020-08-05,11191.99,11780.93,11093.0,11744.91,74970.256852
BTC,2020-08-06,11744.91,11900.0,11562.5,11762.46,63529.08502
BTC,2020-08-07,11762.47,11909.94,11322.0,11594.23,65755.926022
BTC,2020-08-08,11594.36,11808.27,11512.0,11761.41,41858.16104
BTC,2020-08-09,11761.02,11797.11,11521.97,11681.68,41493.067342
BTC,2020-08-10,11681.69,12067.35,11450.0,11892.92,84952.337887
BTC,2020-08-11,11892.9,11935.0,11125.0,11392.08,90748.284634
BTC,2020-08-12,11392.09,11617.52,11150.0,11564.33,64909.613644
BTC,2020-08-13,11564.34,11792.96,11270.36,11780.0,70132.491502
BTC,2020-08-14,11779.77,11850.0,11634.03,11760.54,59818.852697
BTC,2020-08-15,11760.55,11980.0,11680.0,11852.4,56237.90505
BTC,2020-08-16,11852.4,11931.72,11686.0,11911.0,41368.236906
BTC,2020-08-17,11910.99,12468.0,11769.78,12281.13,84734.21154
BTC,2020-08-18,12281.15,12387.77,11817.93,11945.01,75923.835527
BTC,2020-08-19,11945.1,12020.08,11561.0,11754.59,73940.169606
BTC,2020-08-20,11754.38,11888.0,11668.0,11853.55,46085.254351
BTC,2020-08-21,11853.54,11878.0,11485.81,11531.34,64448.306142
BTC,2020-08-22,11531.23,11686.0,11376.81,11662.96,43678.701646
BTC,2020-08-23,11663.51,11718.07,11514.13,11648.13,37900.00469
BTC,2020-08-24,11648.12,11824.9,11585.09,11748.2,46212.391867
BTC,2020-08-25,11748.19,11767.85,11117.64,11318.42,69590.923272
BTC,2020-08-26,11318.42,11539.32,11244.0,11461.43,53998.231231
BTC,2020-08-27,11461.42,11592.2,11125.0,11330.38,63246.036383
BTC,2020-08-28,11330.38,11542.65,11276.89,11526.91,45953.908365
BTC,2020-08-29,11526.9,11580.02,11417.04,11465.84,32973.7992
BTC,2020-08-30,11465.84,11719.0,11458.0,11711.16,43177.879054
BTC,2020-08-31,11711.17,11800.77,11570.0,11649.51,55353.617744
BTC,2020-09-01,11649.51,12050.85,11515.0,11921.97,78148.193668
BTC,2020-09-02,11921.97,11954.57,11160.1,11388.54,87221.845602
BTC,2020-09-03,11388.54,11462.6,9960.8,10140.85,121950.106015
BTC,2020-09-04,10138.29,10627.05,9875.5,10446.25,92733.599113
BTC,2020-09-05,10446.25,10565.68,9825.0,10166.69,90001.605568
BTC,2020-09-06,10166.69,10347.14,9994.86,10256.2,56368.788815
BTC,2020-09-07,10255.89,10410.75,9875.0,10373.44,62620.230676
BTC,2020-09-08,10373.45,10438.0,9850.0,10126.65,73491.878418
BTC,2020-09-09,10126.66,10343.0,9981.01,10219.2,49347.113776
BTC,2020-09-10,10219.29,10483.35,10070.83,10336.87,58253.75375
BTC,2020-09-11,10336.86,10397.6,10200.0,10387.89,43830.254467
BTC,2020-09-12,10387.89,10477.97,10269.25,10440.92,35379.153096
BTC,2020-09-13,10440.67,10580.11,10200.0,10332.83,43837.609865
BTC,2020-09-14,10332.84,10750.0,10212.34,10671.77,67059.291361
BTC,2020-09-15,10671.77,10930.04,10606.48,10785.31,61822.452786
BTC,2020-09-16,10785.23,11093.0,10661.22,10954.01,64991.51244
BTC,2020-09-17,10954.01,11045.46,10745.83,10939.99,55601.614529
BTC,2020-09-18,10940.0,11038.03,10812.84,10933.39,47266.728275
BTC,2020-09-19,10933.4,11179.79,10887.37,11080.65,38440.036858
BTC,2020-09-20,11080.64,11080.64,10723.0,10920.28,39157.922565
BTC,2020-09-21,10920.28,10988.86,10296.35,10417.22,70683.431179
BTC,2020-09-22,10417.22,10572.71,10353.0,10529.61,43991.235476
BTC,2020-09-23,10529.61,10537.15,10136.82,10241.46,51876.568079
BTC,2020-09-24,10241.46,10795.24,10190.93,10736.32,57676.619427
BTC,2020-09-25,10736.33,10760.53,10556.24,10686.67,48101.117008
BTC,2020-09-26,10686.57,10820.94,10644.68,10728.6,28420.836659
BTC,2020-09-27,10728.59,10799.0,10594.82,10774.25,30549.483253
BTC,2020-09-28,10774.26,10950.0,10626.0,10696.12,50095.251734
BTC,2020-09-29,10696.11,10867.54,10635.87,10840.48,41874.898399
BTC,2020-09-30,10840.58,10849.34,10665.13,10776.59,39596.027322
BTC,2020-10-01,10776.59,10920.0,10437.0,10619.13,60866.332893
BTC,2020-10-02,10619.13,10664.64,10374.0,10570.4,50130.393705
BTC,2020-10-03,10570.4,10603.56,10496.46,10542.06,22298.221341
BTC,2020-10-04,10542.07,10696.87,10517.87,10666.63,23212.001595
BTC,2020-10-05,10666.62,10798.0,10615.64,10792.21,34025.761653
BTC,2020-10-06,10792.2,10800.0,10525.0,10599.66,48674.740471
BTC,2020-10-07,10599.65,10681.87,10546.17,10666.39,32811.990279
BTC,2020-10-08,10666.4,10950.0,10530.41,10925.57,51959.691572
BTC,2020-10-09,10925.44,11104.64,10829.0,11050.64,48240.073237
BTC,2020-10-10,11050.64,11491.0,11050.51,11293.22,43648.036943
BTC,2020-10-11,11293.22,11445.0,11221.0,11369.02,29043.851339
BTC,2020-10-12,11369.02,11720.01,11172.0,11528.25,52825.28371
BTC,2020-10-13,11528.24,11557.0,11300.0,11420.56,42205.283709
BTC,2020-10-14,11420.57,11547.98,11280.0,11417.89,41415.106015
BTC,2020-10-15,11417.89,11617.34,11250.83,11505.12,48760.717679
BTC,2020-10-16,11505.13,11541.15,11200.0,11319.32,48797.749502
BTC,2020-10-17,11319.24,11402.42,11255.0,11360.2,22368.915241
BTC,2020-10-18,11360.31,11505.0,11346.22,11503.14,23284.041191
BTC,2020-10-19,11503.14,11823.99,11407.96,11751.47,47414.534692
BTC,2020-10-20,11751.46,12038.38,11677.59,11909.99,62134.750663
BTC,2020-10-21,11910.0,13217.68,11886.95,12780.96,114584.456767
BTC,2020-10-22,12780.75,13185.0,12678.08,12968.52,70038.824144
BTC,2020-10-23,12968.84,13027.69,12720.08,12923.07,50386.999841
BTC,2020-10-24,12923.06,13166.73,12870.0,13111.73,35952.20907
BTC,2020-10-25,13111.73,13350.0,12888.0,13028.83,38481.579504
BTC,2020-10-26,13029.64,13238.81,12765.0,13052.19,60951.672986
BTC,2020-10-27,13052.15,13789.29,13019.87,13636.17,80811.01945
BTC,2020-10-28,13636.16,13859.48,12888.0,13266.4,94440.561226
BTC,2020-10-29,13266.4,13642.91,12920.77,13455.7,74872.602132
BTC,2020-10-30,13455.69,13669.98,13115.0,13560.1,70657.778881
BTC,2020-10-31,13560.1,14100.0,13411.5,13791.0,67339.238515
BTC,2020-11-01,13791.0,13895.0,13603.0,13761.5,36285.648526
BTC,2020-11-02,13761.49,13830.0,13195.05,13549.37,64566.421908
BTC,2020-11-03,13549.63,14066.11,13284.99,14023.53,74115.630787
BTC,2020-11-04,14023.53,14259.0,13525.0,14144.01,93016.988262
BTC,2020-11-05,14144.01,15750.0,14093.56,15590.02,143741.522673
BTC,2020-11-06,15590.02,15960.0,15166.0,15579.92,122618.197695
BTC,2020-11-07,15579.93,15753.52,14344.22,14818.3,101431.206553
BTC,2020-11-08,14818.3,15650.0,14703.88,15475.1,65547.178574
BTC,2020-11-09,15475.1,15840.0,14805.54,15328.41,108976.334134
BTC,2020-11-10,15328.41,15460.0,15072.46,15297.21,61681.919606
BTC,2020-11-11,15297.21,15965.0,15272.68,15684.24,78469.746458
BTC,2020-11-12,15684.25,16340.7,15440.64,16291.86,102196.356592
BTC,2020-11-13,16291.85,16480.0,15952.35,16320.7,75691.881014
BTC,2020-11-14,16320.04,16326.99,15670.0,16070.45,59116.347179
BTC,2020-11-15,16069.56,16180.0,15774.72,15957.0,43596.841513
BTC,2020-11-16,15957.0,16880.0,15864.0,16713.57,81300.675924
BTC,2020-11-17,16713.08,17858.82,16538.0,17659.38,115221.403102
BTC,2020-11-18,17659.38,18476.93,17214.45,17776.12,149019.788134
BTC,2020-11-19,17777.75,18179.8,17335.65,17802.82,93009.561008
BTC,2020-11-20,17802.81,18815.22,17740.04,18655.67,88423.018489
BTC,2020-11-21,18655.66,18965.9,18308.58,18703.8,75577.458394
BTC,2020-11-22,18703.8,18750.0,17610.86,18414.43,81645.737778
BTC,2020-11-23,18413.88,18766.0,18000.0,18368.0,82961.506093
BTC,2020-11-24,18368.01,19418.97,18018.0,19160.01,113581.509241
BTC,2020-11-25,19160.0,19484.21,18500.27,18719.11,93266.576887
BTC,2020-11-26,18718.83,18915.03,16188.0,17149.47,181005.246693
BTC,2020-11-27,17149.47,17457.62,16438.08,17139.52,85297.024787
BTC,2020-11-28,17139.53,17880.49,16865.56,17719.85,64910.69997
BTC,2020-11-29,17719.84,18360.05,17517.0,18184.99,55329.016303
BTC,2020-11-30,18185.0,19863.16,18184.99,19695.87,115463.466888
BTC,2020-12-01,19695.87,19888.0,18001.12,18764.96,127698.762652
BTC,2020-12-02,18764.96,19342.0,18330.0,19204.09,75911.013478
BTC,2020-12-03,19204.08,19598.0,18867.2,19421.9,66689.391279
BTC,2020-12-04,19422.34,19527.0,18565.31,18650.52,71283.6682
BTC,2020-12-05,18650.51,19177.0,18500.0,19147.66,42922.748573
BTC,2020-12-06,19147.66,19420.0,18857.0,19359.4,37043.091861
BTC,2020-12-07,19358.67,19420.91,18902.88,19166.9,41372.296293
BTC,2020-12-08,19166.9,19294.84,18200.0,18324.11,61626.947614
BTC,2020-12-09,18324.11,18639.57,17650.0,18541.28,79585.553801
BTC,2020-12-10,18541.29,18557.32,17911.12,18254.63,52890.675094
BTC,2020-12-11,18254.81,18292.73,17572.33,18036.53,72610.724259
BTC,2020-12-12,18036.53,18948.66,18020.7,18808.69,49519.978432
BTC,2020-12-13,18808.69,19411.0,18711.12,19174.99,56560.821744
BTC,2020-12-14,19174.99,19349.0,19000.0,19273.14,47257.201294
BTC,2020-12-15,19273.69,19570.0,19050.0,19426.43,61834.366011
BTC,2020-12-16,19426.43,21560.0,19278.6,21335.52,114306.33557
BTC,2020-12-17,21335.52,23800.0,21230.0,22797.16,184882.476748
BTC,2020-12-18,22797.15,23285.18,22350.0,23107.39,79646.134315
BTC,2020-12-19,23107.39,24171.47,22750.0,23821.61,86045.064677
BTC,2020-12-20,23821.6,24295.0,23060.0,23455.52,76690.145685
BTC,2020-12-21,23455.54,24102.77,21815.0,22719.71,88030.297243
BTC,2020-12-22,22719.88,23837.1,22353.4,23810.79,87033.12616
BTC,2020-12-23,23810.79,24100.0,22600.0,23232.76,119047.259733
BTC,2020-12-24,23232.39,23794.43,22703.42,23729.2,69013.834252
BTC,2020-12-25,23728.99,24789.86,23433.6,24712.47,79519.943569
BTC,2020-12-26,24712.47,26867.03,24500.0,26493.39,97806.513386
BTC,2020-12-27,26493.4,28422.0,25700.0,26281.66,148455.586214
BTC,2020-12-28,26281.54,27500.0,26101.0,27079.41,79721.742496
BTC,2020-12-29,27079.42,27410.0,25880.0,27385.0,69411.592606
BTC,2020-12-30,27385.0,28996.0,27320.0,28875.54,95356.057826
BTC,2020-12-31,28875.55,29300.0,27850.0,28923.63,75508.505152
BTC,2021-01-01,28923.63,29600.0,28624.57,29331.69,54182.925011
BTC,2021-01-02,29331.7,33300.0,28946.53,32178.33,129993.873362
BTC,2021-01-03,32176.45,34778.11,31962.99,33000.05,120957.56675
BTC,2021-01-04,33000.05,33600.0,28130.0,31988.71,140899.88569
BTC,2021-01-05,31989.75,34360.0,29900.0,33949.53,116049.997038
BTC,2021-01-06,33949.53,36939.21,33288.0,36769.36,127139.20131
BTC,2021-01-07,36769.36,40365.0,36300.0,39432.28,132825.700437
BTC,2021-01-08,39432.48,41950.0,36500.0,40582.81,139789.957499
BTC,2021-01-09,40586.96,41380.0,38720.0,40088.22,75785.979675
BTC,2021-01-10,40088.22,41350.0,35111.11,38150.02,118209.544503
BTC,2021-01-11,38150.02,38264.74,30420.0,35404.47,251156.138287
BTC,2021-01-12,35410.37,36628.0,32531.0,34051.24,133948.151996
BTC,2021-01-13,34049.15,37850.0,32380.0,37371.38,124477.914938
BTC,2021-01-14,37371.38,40100.0,36701.23,39144.5,102950.389421
BTC,2021-01-15,39145.21,39747.76,34408.0,36742.22,118300.920916
BTC,2021-01-16,36737.43,37950.0,35357.8,35994.98,86348.431508
BTC,2021-01-17,35994.98,36852.5,33850.0,35828.61,80157.727384
BTC,2021-01-18,35824.99,37469.83,34800.0,36631.27,70698.11875
BTC,2021-01-19,36622.46,37850.0,35844.06,35891.49,79611.307769
BTC,2021-01-20,35901.94,36415.31,33400.0,35468.23,89368.422918
BTC,2021-01-21,35468.23,35600.0,30071.0,30850.13,135004.076658
BTC,2021-01-22,30851.99,33826.53,28850.0,32945.17,142971.684049
BTC,2021-01-23,32950.0,33456.0,31390.16,32078.0,64595.287675
BTC,2021-01-24,32078.0,33071.0,30900.0,32259.9,57978.037966
BTC,2021-01-25,32259.45,34875.0,31910.0,32254.2,88499.226921
BTC,2021-01-26,32254.19,32921.88,30837.37,32467.77,84972.20691
BTC,2021-01-27,32464.01,32557.29,29241.72,30366.15,95911.961711
BTC,2021-01-28,30362.19,33783.98,29842.1,33364.86,92621.145617
BTC,2021-01-29,33368.18,38531.9,31915.4,34252.2,231827.005626
BTC,2021-01-30,34246.28,34933.0,32825.0,34262.88,84889.68134
BTC,2021-01-31,34262.89,34342.69,32171.67,33092.98,68742.280384
BTC,2021-02-01,33092.97,34717.27,32296.16,33526.37,82718.276882
BTC,2021-02-02,33517.09,35984.33,33418.0,35466.24,78056.65988
BTC,2021-02-03,35472.71,37662.63,35362.38,37618.87,80784.333663
BTC,2021-02-04,37620.26,38708.27,36161.95,36936.66,92080.735898
BTC,2021-02-05,36936.65,38310.12,36570.0,38290.24,66681.334275
BTC,2021-02-06,38289.32,40955.51,38215.94,39186.94,98757.311183
BTC,2021-02-07,39181.01,39700.0,37351.0,38795.69,84363.679763
BTC,2021-02-08,38795.69,46794.45,37988.89,46374.87,138597.536914
BTC,2021-02-09,46374.86,48142.19,44961.09,46420.42,115499.861712
BTC,2021-02-10,46420.42,47310.0,43727.0,44807.58,97154.1822
BTC,2021-02-11,44807.58,48678.9,43994.02,47969.51,89561.081454
BTC,2021-02-12,47968.66,48985.8,46125.0,47287.6,85870.035697
BTC,2021-02-13,47298.15,48150.0,46202.53,47153.69,63768.097399
BTC,2021-02-14,47156.78,49707.43,47014.17,48577.79,73735.475533
BTC,2021-02-15,48580.47,49010.92,45570.79,47911.1,79398.156784
BTC,2021-02-16,47911.1,50689.18,47003.62,49133.45,88813.266298
BTC,2021-02-17,49133.45,52618.74,48947.0,52119.71,85743.637818
BTC,2021-02-18,52117.67,52530.0,50901.9,51552.6,60758.046954
BTC,2021-02-19,51552.61,56368.0,50710.2,55906.0,79659.77802
BTC,2021-02-20,55906.0,57700.46,53863.93,55841.19,80948.205314
BTC,2021-02-21,55841.19,58352.8,55477.59,57408.57,58166.708511
BTC,2021-02-22,57412.35,57508.47,47622.0,54087.67,134019.434944
BTC,2021-02-23,54087.67,54183.59,44892.56,48891.0,169375.025051
BTC,2021-02-24,48891.0,51374.99,46988.69,49676.2,91881.209252
BTC,2021-02-25,49676.21,52041.73,46674.34,47073.73,83310.673121
BTC,2021-02-26,47073.73,48424.11,44106.78,46276.87,109423.200663
BTC,2021-02-27,46276.88,48394.0,45000.0,46106.43,66060.834292
BTC,2021-02-28,46103.67,46638.46,43000.0,45135.66,83055.369042
BTC,2021-03-01,45134.11,49790.0,44950.53,49587.03,85086.111648
BTC,2021-03-02,49595.76,50200.0,47047.6,48440.65,64221.06214
BTC,2021-03-03,48436.61,52640.0,48100.71,50349.37,81035.913705
BTC,2021-03-04,50349.37,51773.88,47500.0,48374.09,82649.716829
BTC,2021-03-05,48374.09,49448.93,46300.0,48751.71,78192.496372
BTC,2021-03-06,48746.81,49200.0,47070.0,48882.2,44399.234242
BTC,2021-03-07,48882.2,51450.03,48882.2,50971.75,55235.028032
BTC,2021-03-08,50959.11,52402.78,49274.67,52375.17,66987.359664
BTC,2021-03-09,52375.18,54895.0,51789.41,54884.5,71656.737076
BTC,2021-03-10,54874.67,57387.69,53005.0,55851.59,84749.238943
BTC,2021-03-11,55851.59,58150.0,54272.82,57773.16,81914.812859
BTC,2021-03-12,57773.15,58081.51,54962.84,57221.72,73405.406047
BTC,2021-03-13,57221.72,61844.0,56078.23,61188.39,83245.091346
BTC,2021-03-14,61188.38,61724.79,58966.78,58968.31,52601.05275
BTC,2021-03-15,58976.08,60633.43,54600.0,55605.2,102771.427298
BTC,2021-03-16,55605.2,56938.29,53271.34,56900.75,77986.694355
BTC,2021-03-17,56900.74,58974.73,54123.69,58912.97,70421.620841
BTC,2021-03-18,58912.97,60129.97,57023.0,57648.16,66580.406675
BTC,2021-03-19,57641.0,59468.0,56270.74,58030.01,52392.652961
BTC,2021-03-20,58030.01,59880.0,57820.17,58102.28,44476.941776
BTC,2021-03-21,58100.02,58589.1,55450.11,57351.56,48564.470274
BTC,2021-03-22,57351.56,58430.73,53650.0,54083.25,62581.626169
BTC,2021-03-23,54083.25,55830.9,53000.0,54340.89,59789.365427
BTC,2021-03-24,54342.8,57200.0,51700.0,52303.65,83537.465021
BTC,2021-03-25,52303.66,53287.0,50427.56,51293.78,87400.534538
BTC,2021-03-26,51293.78,55073.46,51214.6,55025.59,63813.774692
BTC,2021-03-27,55025.59,56700.36,53950.0,55817.14,50105.475055
BTC,2021-03-28,55817.14,56559.75,54691.84,55777.63,39050.387511
BTC,2021-03-29,55777.65,58405.82,54800.01,57635.47,67857.937398
BTC,2021-03-30,57635.46,59368.0,57071.35,58746.57,55122.443122
BTC,2021-03-31,58746.57,59800.0,56769.0,58740.55,60975.542666
BTC,2021-04-01,58739.46,59490.0,57935.45,58720.44,47415.61722
BTC,2021-04-02,58720.45,60200.0,58428.57,58950.01,47382.418781
BTC,2021-04-03,58950.01,59791.72,56880.0,57051.94,47409.852113
BTC,2021-04-04,57051.95,58492.85,56388.0,58202.01,41314.081973
BTC,2021-04-05,58202.01,59272.0,56777.77,59129.99,54258.01579
BTC,2021-04-06,59129.99,59495.24,57413.02,57991.15,54201.000727
BTC,2021-04-07,57990.03,58655.0,55473.0,55953.45,71228.405659
BTC,2021-04-08,55953.44,58153.31,55700.0,58077.52,44283.147019
BTC,2021-04-09,58077.52,58894.9,57654.0,58142.54,40831.884911
BTC,2021-04-10,58142.55,61500.0,57900.01,59769.13,69906.424117
BTC,2021-04-11,59769.13,60699.0,59232.52,60002.43,41156.715391
BTC,2021-04-12,59998.8,61300.0,59350.59,59860.0,56375.037117
BTC,2021-04-13,59860.01,63777.77,59805.15,63575.0,82848.688746
BTC,2021-04-14,63575.01,64854.0,61301.0,62959.53,82616.343993
BTC,2021-04-15,62959.53,63800.0,62020.0,63159.98,51649.70034
BTC,2021-04-16,63158.74,63520.61,60000.0,61334.8,91764.139884
BTC,2021-04-17,61334.81,62506.05,59580.91,60006.66,58912.256128
BTC,2021-04-18,60006.67,60499.0,50931.3,56150.01,124882.131824
BTC,2021-04-19,56150.01,57526.81,54221.58,55633.14,78229.042267
BTC,2021-04-20,55633.14,57076.24,53329.96,56425.0,72744.482151
BTC,2021-04-21,56425.0,56757.91,53536.02,53787.63,66984.756909
BTC,2021-04-22,53787.62,55521.48,50500.0,51690.96,104656.631337
BTC,2021-04-23,51690.95,52131.85,47500.0,51125.14,132230.780719
BTC,2021-04-24,51110.56,51166.22,48657.14,50047.84,55361.512573
BTC,2021-04-25,50047.84,50567.91,46930.0,49066.77,58255.645004
BTC,2021-04-26,49066.76,54356.62,48753.44,54001.39,86310.802124
BTC,2021-04-27,54001.38,55460.0,53222.0,55011.97,54064.034675
BTC,2021-04-28,55011.97,56428.0,53813.16,54846.22,55130.459015
BTC,2021-04-29,54846.23,55195.84,52330.94,53555.0,52486.019455
BTC,2021-04-30,53555.0,57963.0,53013.01,57694.27,68578.910045
BTC,2021-05-01,57697.25,58458.07,56956.14,57800.37,42600.351836
BTC,2021-05-02,57797.35,57911.02,56035.25,56578.21,36812.878863
BTC,2021-05-03,56578.21,58981.44,56435.0,57169.39,57649.931286
BTC,2021-05-04,57169.39,57200.0,53046.69,53200.01,85324.625903
BTC,2021-05-05,53205.05,58069.82,52900.0,57436.11,77263.923439
BTC,2021-05-06,57436.11,58360.0,55200.0,56393.68,70181.671908
BTC,2021-05-07,56393.68,58650.0,55241.63,57314.75,74542.747829
BTC,2021-05-08,57315.49,59500.0,56900.0,58862.05,69709.906028
BTC,2021-05-09,58866.53,59300.0,56235.66,58240.84,69806.11991
BTC,2021-05-10,58240.83,59500.0,53400.0,55816.14,89586.34925
BTC,2021-05-11,55816.14,56862.43,54370.0,56670.02,64329.54055
BTC,2021-05-12,56670.02,58000.01,48600.0,49631.32,99842.789836
BTC,2021-05-13,49537.15,51367.19,46000.0,49670.97,147332.002121
BTC,2021-05-14,49671.92,51483.0,48799.75,49841.45,80082.204306
BTC,2021-05-15,49844.16,50700.0,46555.0,46762.99,89437.449359
BTC,2021-05-16,46762.99,49795.89,43825.39,46431.5,114269.812775
BTC,2021-05-17,46426.83,46686.0,42001.0,43538.04,166657.172736
BTC,2021-05-18,43538.02,45799.29,42250.02,42849.78,116979.860784
BTC,2021-05-19,42849.78,43584.9,30000.0,36690.09,354347.243161
BTC,2021-05-20,36671.23,42451.67,34850.0,40526.64,203017.596923
BTC,2021-05-21,40525.39,42200.0,33488.0,37252.01,202100.888258
BTC,2021-05-22,37263.35,38829.0,35200.62,37449.73,126542.243689
BTC,2021-05-23,37458.51,38270.64,31111.01,34655.25,217136.046593
BTC,2021-05-24,34681.44,39920.0,34031.0,38796.29,161630.893971
BTC,2021-05-25,38810.99,39791.77,36419.62,38324.72,111996.228404
BTC,2021-05-26,38324.72,40841.0,37800.44,39241.91,104780.773396
BTC,2021-05-27,39241.92,40411.14,37134.27,38529.98,86547.158794
BTC,2021-05-28,38529.99,38877.83,34684.0,35663.49,135377.62972
BTC,2021-05-29,35661.79,37338.58,33632.76,34605.15,112663.092689
BTC,2021-05-30,34605.15,36488.0,33379.0,35641.27,73535.386967
BTC,2021-05-31,35641.26,37499.0,34153.84,37253.81,94160.735289
BTC,2021-06-01,37253.82,37894.81,35666.0,36693.09,81234.66377
BTC,2021-06-02,36694.85,38225.0,35920.0,37568.68,67587.372495
BTC,2021-06-03,37568.68,39476.0,37170.0,39246.79,75889.106011
BTC,2021-06-04,39246.78,39289.07,35555.15,36829.0,91317.799245
BTC,2021-06-05,36829.15,37925.0,34800.0,35513.2,70459.62149
BTC,2021-06-06,35516.07,36480.0,35222.0,35796.31,47650.206637
BTC,2021-06-07,35796.31,36900.0,33300.0,33552.79,77574.952573
BTC,2021-06-08,33556.96,34068.01,31000.0,33380.81,123251.189037
BTC,2021-06-09,33380.8,37534.79,32396.82,37388.05,136607.597517
BTC,2021-06-10,37388.05,38491.0,35782.0,36675.72,109527.284943
BTC,2021-06-11,36677.83,37680.4,35936.77,37331.98,78466.0053
BTC,2021-06-12,37331.98,37463.63,34600.36,35546.11,87717.54999
BTC,2021-06-13,35546.12,39380.0,34757.0,39020.57,86921.025555
BTC,2021-06-14,39020.56,41064.05,38730.0,40516.29,108522.391949
BTC,2021-06-15,40516.28,41330.0,39506.4,40144.04,80679.622838
BTC,2021-06-16,40143.8,40527.14,38116.01,38349.01,87771.976937
BTC,2021-06-17,38349.0,39559.88,37365.0,38092.97,79541.307119
BTC,2021-06-18,38092.97,38202.84,35129.29,35819.84,95228.042935
BTC,2021-06-19,35820.48,36457.0,34803.52,35483.72,68712.449461
BTC,2021-06-20,35483.72,36137.72,33336.0,35600.16,89878.17085
BTC,2021-06-21,35600.17,35750.0,31251.23,31608.93,168778.873159
BTC,2021-06-22,31614.12,33298.78,28805.0,32509.56,204208.179762
BTC,2021-06-23,32509.56,34881.0,31683.0,33678.07,126966.100563
BTC,2021-06-24,33675.07,35298.0,32286.57,34663.09,86625.80426
BTC,2021-06-25,34663.08,35500.0,31275.0,31584.45,116061.130356
BTC,2021-06-26,31576.09,32730.0,30151.0,32283.65,107820.375287
BTC,2021-06-27,32283.65,34749.0,31973.45,34700.34,96613.244211
BTC,2021-06-28,34702.49,35297.71,33862.72,34494.89,82222.267819
BTC,2021-06-29,34494.89,36600.0,34225.43,35911.73,90788.79622
BTC,2021-06-30,35911.72,36100.0,34017.55,35045.0,77152.197634
BTC,2021-07-01,35045.0,35057.57,32711.0,33504.69,71708.266112
BTC,2021-07-02,33502.33,33977.04,32699.0,33786.55,56172.181378
BTC,2021-07-03,33786.54,34945.61,33316.73,34669.13,43044.578641
BTC,2021-07-04,34669.12,35967.85,34357.15,35286.51,43703.475789
BTC,2021-07-05,35288.13,35293.78,33125.55,33690.14,64123.874245
BTC,2021-07-06,33690.15,35118.88,33532.0,34220.01,58210.596349
BTC,2021-07-07,34220.02,35059.09,33777.77,33862.12,53807.521675
BTC,2021-07-08,33862.11,33929.64,32077.0,32875.71,70136.48032
BTC,2021-07-09,32875.71,34100.0,32261.07,33815.81,47153.939899
BTC,2021-07-10,33815.81,34262.0,33004.78,33502.87,34761.175468
BTC,2021-07-11,33502.87,34666.0,33306.47,34258.99,31572.647448
BTC,2021-07-12,34259.0,34678.43,32658.34,33086.63,48181.403762
BTC,2021-07-13,33086.94,33340.0,32202.25,32729.77,41126.361008
BTC,2021-07-14,32729.12,33114.03,31550.0,32820.02,46777.823484
BTC,2021-07-15,32820.03,33185.25,31133.0,31880.0,51639.576353
BTC,2021-07-16,31874.49,32249.18,31020.0,31383.87,48499.864154
BTC,2021-07-17,31383.86,31955.92,31164.31,31520.07,34012.242132
BTC,2021-07-18,31520.07,32435.0,31108.97,31778.56,35923.716186
BTC,2021-07-19,31778.57,31899.0,30407.44,30839.65,47340.468499
BTC,2021-07-20,30839.65,31063.07,29278.0,29790.35,61034.049017
BTC,2021-07-21,29790.34,32858.0,29482.61,32144.51,82796.265128
BTC,2021-07-22,32144.51,32591.35,31708.0,32287.83,46148.092433
BTC,2021-07-23,32287.58,33650.0,31924.32,33634.09,50112.863626
BTC,2021-07-24,33634.1,34500.0,33401.14,34258.14,47977.550138
BTC,2021-07-25,34261.51,35398.0,33851.12,35381.02,47852.928313
BTC,2021-07-26,35381.02,40550.0,35205.78,37237.6,152452.512724
BTC,2021-07-27,37241.33,39542.61,36383.0,39457.87,88397.267015
BTC,2021-07-28,39456.61,40900.0,38772.0,40019.56,101344.528441
BTC,2021-07-29,40019.57,40640.0,39200.0,40016.48,53998.439283
BTC,2021-07-30,40018.49,42316.71,38313.23,42206.37,73602.784805
BTC,2021-07-31,42206.36,42448.0,41000.15,41461.83,44849.791012
BTC,2021-08-01,41461.84,42599.0,39422.01,39845.44,53953.186326
BTC,2021-08-02,39850.27,40480.01,38690.0,39147.82,50837.351954
BTC,2021-08-03,39146.86,39780.0,37642.03,38207.05,57117.435853
BTC,2021-08-04,38207.04,39969.66,37508.56,39723.18,52329.35243
BTC,2021-08-05,39723.17,41350.0,37332.7,40862.46,84343.755621
BTC,2021-08-06,40862.46,43392.43,39853.86,42836.87,75753.941347
BTC,2021-08-07,42836.87,44700.0,42446.41,44572.54,73396.740808
BTC,2021-08-08,44572.54,45310.0,43261.0,43794.37,69329.092698
BTC,2021-08-09,43794.36,46454.15,42779.0,46253.4,74587.884845
BTC,2021-08-10,46248.87,46700.0,44589.46,45584.99,53814.643421
BTC,2021-08-11,45585.0,46743.47,45341.14,45511.0,52734.901977
BTC,2021-08-12,45510.67,46218.12,43770.0,44399.0,55266.108781
BTC,2021-08-13,44400.06,47886.0,44217.39,47800.0,48239.370431
BTC,2021-08-14,47799.99,48144.0,45971.03,47068.51,46114.359022
BTC,2021-08-15,47068.5,47372.27,45500.0,46973.82,42110.711334
BTC,2021-08-16,46973.82,48053.83,45660.0,45901.29,52480.574014
BTC,2021-08-17,45901.3,47160.0,44376.0,44695.95,57039.341629
BTC,2021-08-18,44695.95,46000.0,44203.28,44705.29,54099.415985
BTC,2021-08-19,44699.37,47033.0,43927.7,46760.62,53411.75392
BTC,2021-08-20,46760.62,49382.99,46622.99,49322.47,56850.352228
BTC,2021-08-21,49322.47,49757.04,48222.0,48821.87,46745.136584
BTC,2021-08-22,48821.88,49500.0,48050.0,49239.22,37007.887795
BTC,2021-08-23,49239.22,50500.0,49029.0,49488.85,52462.541954
BTC,2021-08-24,49488.85,49860.0,47600.0,47674.01,51014.594748
BTC,2021-08-25,47674.01,49264.3,47126.28,48973.32,44655.830342
BTC,2021-08-26,48973.32,49352.84,46250.0,46843.87,49371.277774
BTC,2021-08-27,46843.86,49149.93,46348.0,49069.9,42068.104965
BTC,2021-08-28,49069.9,49299.0,48346.88,48895.35,26681.063786
BTC,2021-08-29,48895.35,49632.27,47762.54,48767.83,32652.283473
BTC,2021-08-30,48767.84,48888.61,46853.0,46982.91,40288.35083
BTC,2021-08-31,46982.91,48246.11,46700.0,47100.89,48645.52737
BTC,2021-09-01,47100.89,49156.0,46512.0,48810.52,49904.65528
BTC,2021-09-02,48810.51,50450.13,48584.06,49246.64,54410.770538
BTC,2021-09-03,49246.63,51000.0,48316.84,49999.14,59025.644157
BTC,2021-09-04,49998.0,50535.69,49370.0,49915.64,34664.65959
BTC,2021-09-05,49917.54,51900.0,49450.0,51756.88,40544.835873
BTC,2021-09-06,51756.88,52780.0,50969.33,52663.9,49249.667081
BTC,2021-09-07,52666.2,52920.0,42843.05,46863.73,123048.802719
BTC,2021-09-08,46868.57,47340.99,44412.02,46048.31,65069.3152
BTC,2021-09-09,46048.31,47399.97,45513.08,46395.14,50651.66002
BTC,2021-09-10,46395.14,47033.0,44132.29,44850.91,49048.26618
BTC,2021-09-11,44842.2,45987.93,44722.22,45173.69,30440.4081
BTC,2021-09-12,45173.68,46460.0,44742.06,46025.24,32094.28052
BTC,2021-09-13,46025.23,46880.0,43370.0,44940.73,65429.15056
BTC,2021-09-14,44940.72,47250.0,44594.44,47111.52,44855.85099
BTC,2021-09-15,47103.28,48500.0,46682.32,48121.41,43204.71174
BTC,2021-09-16,48121.4,48557.0,47021.1,47737.82,40725.08895
BTC,2021-09-17,47737.81,48150.0,46699.56,47299.98,34461.92776
BTC,2021-09-18,47299.98,48843.2,47035.56,48292.74,30906.47038
BTC,2021-09-19,48292.75,48372.83,46829.18,47241.75,29847.24349
BTC,2021-09-20,47241.75,47347.25,42500.0,43015.62,78003.524443
BTC,2021-09-21,43016.64,43639.0,39600.0,40734.38,84534.080485
BTC,2021-09-22,40734.09,44000.55,40565.39,43543.61,58349.05542
BTC,2021-09-23,43546.37,44978.0,43069.09,44865.26,48699.57655
BTC,2021-09-24,44865.26,45200.0,40675.0,42810.57,84113.426292
BTC,2021-09-25,42810.58,42966.84,41646.28,42670.64,33594.57189
BTC,2021-09-26,42670.63,43950.0,40750.0,43160.9,49879.99765
BTC,2021-09-27,43160.9,44350.0,42098.0,42147.35,39776.84383
BTC,2021-09-28,42147.35,42787.38,40888.0,41026.54,43372.2624
BTC,2021-09-29,41025.01,42590.0,40753.88,41524.28,33511.53487
BTC,2021-09-30,41524.29,44141.37,41410.17,43824.1,46381.22781
BTC,2021-10-01,43820.01,48495.0,43283.03,48141.61,66244.87492
BTC,2021-10-02,48141.6,48336.59,47430.18,47634.9,30508.98131
BTC,2021-10-03,47634.89,49228.08,47088.0,48200.01,30825.05601
BTC,2021-10-04,48200.01,49536.12,46891.0,49224.94,46796.49372
BTC,2021-10-05,49224.93,51886.3,49022.4,51471.99,52125.66793
BTC,2021-10-06,51471.99,55750.0,50382.41,55315.0,79877.545181
BTC,2021-10-07,55315.0,55332.31,53357.0,53785.22,54917.37766
BTC,2021-10-08,53785.22,56100.0,53617.61,53951.43,46160.25785
BTC,2021-10-09,53955.67,55489.0,53661.67,54949.72,55177.08013
BTC,2021-10-10,54949.72,56561.31,54080.0,54659.0,89237.836128
BTC,2021-10-11,54659.01,57839.04,54415.06,57471.35,52933.165751
BTC,2021-10-12,57471.35,57680.0,53879.0,55996.93,53471.2855
BTC,2021-10-13,55996.91,57777.0,54167.19,57367.0,55808.44492
BTC,2021-10-14,57370.83,58532.54,56818.05,57347.94,43053.336781
BTC,2021-10-15,57347.94,62933.0,56850.0,61672.42,82512.908022
BTC,2021-10-16,61672.42,62378.42,60150.0,60875.57,35467.88096
BTC,2021-10-17,60875.57,61718.39,58963.0,61528.33,39099.24124
BTC,2021-10-18,61528.32,62695.78,59844.45,62009.84,51798.44844
BTC,2021-10-19,62005.6,64486.0,61322.22,64280.59,53628.107744
BTC,2021-10-20,64280.59,67000.0,63481.4,66001.41,51428.934856
BTC,2021-10-21,66001.4,66639.74,62000.0,62193.15,68538.64537
BTC,2021-10-22,62193.15,63732.39,60000.0,60688.22,52119.35886
BTC,2021-10-23,60688.23,61747.64,59562.15,61286.75,27626.93678
BTC,2021-10-24,61286.75,61500.0,59510.63,60852.22,31226.57676
BTC,2021-10-25,60852.22,63710.63,60650.0,63078.78,36853.83806
BTC,2021-10-26,63078.78,63293.48,59817.55,60328.81,40217.50083
BTC,2021-10-27,60328.81,61496.0,58000.0,58413.44,62124.49016
BTC,2021-10-28,58413.44,62499.0,57820.0,60575.89,61056.35301
BTC,2021-10-29,60575.9,62980.0,60174.81,62253.71,43973.90414
BTC,2021-10-30,62253.7,62359.25,60673.0,61859.19,31478.12566
BTC,2021-10-31,61859.19,62405.3,59945.36,61299.8,39267.63794
BTC,2021-11-01,61299.81,62437.74,59405.0,60911.11,44687.66672
BTC,2021-11-02,60911.12,64270.0,60624.68,63219.99,46368.2841
BTC,2021-11-03,63220.57,63500.0,60382.76,62896.48,43336.09049
BTC,2021-11-04,62896.49,63086.31,60677.01,61395.01,35930.93314
BTC,2021-11-05,61395.01,62595.72,60721.0,60937.12,31604.48749
BTC,2021-11-06,60940.18,61560.49,60050.0,61470.61,25590.57408
BTC,2021-11-07,61470.62,63286.35,61322.78,63273.59,25515.6883
BTC,2021-11-08,63273.58,67789.0,63273.58,67525.83,54442.094554
BTC,2021-11-09,67525.82,68524.25,66222.4,66947.66,44661.378068
BTC,2021-11-10,66947.67,69000.0,62822.9,64882.43,65171.504046
BTC,2021-11-11,64882.42,65600.07,64100.0,64774.26,37237.98058
BTC,2021-11-12,64774.25,65450.7,62278.0,64122.23,44490.10816
BTC,2021-11-13,64122.22,65000.0,63360.22,64380.0,22504.97383
BTC,2021-11-14,64380.01,65550.51,63576.27,65519.1,25705.07347
BTC,2021-11-15,65519.11,66401.82,63400.0,63606.74,37829.37124
BTC,2021-11-16,63606.73,63617.31,58574.07,60058.87,77455.15609
BTC,2021-11-17,60058.87,60840.23,58373.0,60344.87,46289.38491
BTC,2021-11-18,60344.86,60976.0,56474.26,56891.62,62146.99931
BTC,2021-11-19,56891.62,58320.0,55600.0,58052.24,50715.88726
BTC,2021-11-20,58057.1,59845.0,57353.0,59707.51,33811.5901
BTC,2021-11-21,59707.52,60029.76,58486.65,58622.02,31902.22785
BTC,2021-11-22,58617.7,59444.0,55610.0,56247.18,51724.32047
BTC,2021-11-23,56243.83,58009.99,55317.0,57541.27,49917.85017
BTC,2021-11-24,57541.26,57735.0,55837.0,57138.29,39612.04964
BTC,2021-11-25,57138.29,59398.9,57000.0,58960.36,42153.51522
BTC,2021-11-26,58960.37,59150.0,53500.0,53726.53,65927.87066
BTC,2021-11-27,53723.72,55280.0,53610.0,54721.03,29716.99957
BTC,2021-11-28,54716.47,57445.05,53256.64,57274.88,36163.7137
BTC,2021-11-29,57274.89,58865.97,56666.67,57776.25,40125.28009
BTC,2021-11-30,57776.25,59176.99,55875.55,56950.56,49161.05194
BTC,2021-12-01,56950.56,59053.55,56458.01,57184.07,44956.63656
BTC,2021-12-02,57184.07,57375.47,55777.77,56480.34,37574.05976
BTC,2021-12-03,56484.26,57600.0,51680.0,53601.05,58927.69027
BTC,2021-12-04,53601.05,53859.1,42000.3,49152.47,114203.373748
BTC,2021-12-05,49152.46,49699.05,47727.21,49396.33,45580.82012
BTC,2021-12-06,49396.32,50891.11,47100.0,50441.92,58571.21575
BTC,2021-12-07,50441.91,51936.33,50039.74,50588.95,38253.46877
BTC,2021-12-08,50588.95,51200.0,48600.0,50471.19,38425.92466
BTC,2021-12-09,50471.19,50797.76,47320.0,47545.59,37692.68665
BTC,2021-12-10,47535.9,50125.0,46852.0,47140.54,44233.57391
BTC,2021-12-11,47140.54,49485.71,46751.0,49389.99,28889.19358
BTC,2021-12-12,49389.99,50777.0,48638.0,50053.9,26017.93421
BTC,2021-12-13,50053.9,50189.97,45672.75,46702.75,50869.52093
BTC,2021-12-14,46702.76,48700.41,46290.0,48343.28,39955.98445
BTC,2021-12-15,48336.95,49500.0,46547.0,48864.98,51629.181
BTC,2021-12-16,48864.98,49436.43,47511.0,47632.38,31949.86739
BTC,2021-12-17,47632.38,47995.96,45456.0,46131.2,43104.4887
BTC,2021-12-18,46133.83,47392.37,45500.0,46834.48,25020.05271
BTC,2021-12-19,46834.47,48300.01,46406.91,46681.23,29305.70665
BTC,2021-12-20,46681.24,47537.57,45558.85,46914.16,35848.50609
BTC,2021-12-21,46914.17,49328.96,46630.0,48889.88,37713.92924
BTC,2021-12-22,48887.59,49576.13,48421.87,48588.16,27004.2022
BTC,2021-12-23,48588.17,51375.0,47920.42,50838.81,35192.54046
BTC,2021-12-24,50838.82,51810.0,50384.43,50820.0,31684.84269
BTC,2021-12-25,50819.99,51156.23,50142.32,50399.66,19135.51613
BTC,2021-12-26,50399.67,51280.0,49412.0,50775.49,22569.88914
BTC,2021-12-27,50775.48,52088.0,50449.0,50701.44,28792.21566
BTC,2021-12-28,50701.44,50704.05,47313.01,47543.74,45853.33924
BTC,2021-12-29,47543.74,48139.08,46096.99,46464.66,39498.87
BTC,2021-12-30,46464.66,47900.0,45900.0,47120.87,30352.29569
BTC,2021-12-31,47120.88,48548.26,45678.0,46216.93,34937.99796
BTC,2022-01-01,46216.93,47954.63,46208.37,47722.65,19604.46325
BTC,2022-01-02,47722.66,47990.0,46654.0,47286.18,18340.4604
BTC,2022-01-03,47286.18,47570.0,45696.0,46446.1,27662.0771
BTC,2022-01-04,46446.1,47557.54,45500.0,45832.01,35491.4136
BTC,2022-01-05,45832.01,47070.0,42500.0,43451.13,51784.11857
BTC,2022-01-06,43451.14,43816.0,42430.58,43082.31,38880.37305
BTC,2022-01-07,43082.3,43145.83,40610.0,41566.48,54836.50818
BTC,2022-01-08,41566.48,42300.0,40501.0,41679.74,32952.73111
BTC,2022-01-09,41679.74,42786.7,41200.02,41864.62,22724.39426
BTC,2022-01-10,41864.62,42248.5,39650.0,41822.49,50729.17019
BTC,2022-01-11,41822.49,43100.0,41268.93,42729.29,37296.43729
BTC,2022-01-12,42729.29,44322.0,42450.0,43902.66,33943.2928
BTC,2022-01-13,43902.65,44500.0,42311.22,42560.11,34910.87762
BTC,2022-01-14,42558.35,43448.78,41725.95,43059.96,32640.88292
BTC,2022-01-15,43059.96,43800.0,42555.0,43084.29,21936.05616
BTC,2022-01-16,43084.29,43475.0,42581.79,43071.66,20602.35271
BTC,2022-01-17,43071.66,43176.18,41540.42,42201.62,27562.08613
BTC,2022-01-18,42201.63,42691.0,41250.0,42352.12,29324.08257
BTC,2022-01-19,42352.12,42559.13,41138.56,41660.01,31685.72159
BTC,2022-01-20,41660.0,43505.0,40553.31,40680.91,42330.33953
BTC,2022-01-21,40680.92,41100.0,35440.45,36445.31,88860.891999
BTC,2022-01-22,36445.31,36835.22,34008.0,35071.42,90471.338961
BTC,2022-01-23,35071.42,36499.0,34601.01,36244.55,44279.52354
BTC,2022-01-24,36244.55,37550.0,32917.17,36660.35,91904.753211
BTC,2022-01-25,36660.35,37545.14,35701.0,36958.32,49232.40183
BTC,2022-01-26,36958.32,38919.98,36234.63,36809.34,69830.16036
BTC,2022-01-27,36807.24,37234.47,35507.01,37160.1,53020.87934
BTC,2022-01-28,37160.11,38000.0,36155.01,37716.56,42154.26956
BTC,2022-01-29,37716.57,38720.74,37268.44,38166.84,26129.49682
BTC,2022-01-30,38166.83,38359.26,37351.63,37881.76,21430.66527
BTC,2022-01-31,37881.75,38744.0,36632.61,38466.9,36855.2458
BTC,2022-02-01,38466.9,39265.2,38000.0,38694.59,34574.44663
BTC,2022-02-02,38694.59,38855.92,36586.95,36896.36,35794.6813
BTC,2022-02-03,36896.37,37387.0,36250.0,37311.61,32081.10999
BTC,2022-02-04,37311.98,41772.33,37026.73,41574.25,64703.95874
BTC,2022-02-05,41571.7,41913.69,40843.01,41382.59,32532.34372
BTC,2022-02-06,41382.6,42656.0,41116.56,42380.87,22405.16704
BTC,2022-02-07,42380.87,44500.5,41645.85,43839.99,51060.62006
BTC,2022-02-08,43839.99,45492.0,42666.0,44042.99,64880.29387
BTC,2022-02-09,44043.0,44799.0,43117.92,44372.72,34428.16729
BTC,2022-02-10,44372.71,45821.0,43174.01,43495.44,62357.29091
BTC,2022-02-11,43495.44,43920.0,41938.51,42373.73,44975.1687
BTC,2022-02-12,42373.73,43079.49,41688.88,42217.87,26556.85681
BTC,2022-02-13,42217.87,42760.0,41870.0,42053.66,17732.08113
BTC,2022-02-14,42053.65,42842.4,41550.56,42535.94,34010.1306
BTC,2022-02-15,42535.94,44751.4,42427.03,44544.86,38095.19576
BTC,2022-02-16,44544.85,44549.97,43307.0,43873.56,28471.8727
BTC,2022-02-17,43873.56,44164.71,40073.21,40515.7,47245.99494
BTC,2022-02-18,40515.71,40959.88,39450.0,39974.44,43845.92241
BTC,2022-02-19,39974.45,40444.32,39639.03,40079.17,18042.0551
BTC,2022-02-20,40079.17,40125.44,38000.0,38386.89,33439.29011
BTC,2022-02-21,38386.89,39494.35,36800.0,37008.16,62347.68496
BTC,2022-02-22,37008.16,38429.0,36350.0,38230.33,53785.94589
BTC,2022-02-23,38230.33,39249.93,37036.79,37250.01,43560.732
BTC,2022-02-24,37250.02,39843.0,34322.28,38327.21,120476.29458
BTC,2022-02-25,38328.68,39683.53,38014.37,39219.17,56574.57125
BTC,2022-02-26,39219.16,40348.45,38573.18,39116.72,29361.2568
BTC,2022-02-27,39116.73,39855.7,37000.0,37699.07,46229.44719
BTC,2022-02-28,37699.08,44225.84,37450.17,43160.0,73945.63858
BTC,2022-03-01,43160.0,44949.0,42809.98,44421.2,61743.09873
BTC,2022-03-02,44421.2,45400.0,43334.09,43892.98,57782.65081
BTC,2022-03-03,43892.99,44101.12,41832.28,42454.0,50940.61021
BTC,2022-03-04,42454.0,42527.3,38550.0,39148.66,61964.68498
BTC,2022-03-05,39148.65,39613.24,38407.59,39397.96,30363.13341
BTC,2022-03-06,39397.97,39693.87,38088.57,38420.81,39677.26158
BTC,2022-03-07,38420.8,39547.57,37155.0,37988.0,63994.11559
BTC,2022-03-08,37988.01,39362.08,37867.65,38730.63,55583.06638
BTC,2022-03-09,38730.63,42594.06,38656.45,41941.71,67392.58799
BTC,2022-03-10,41941.7,42039.63,38539.73,39422.0,71962.93154
BTC,2022-03-11,39422.01,40236.26,38223.6,38729.57,59018.7642
BTC,2022-03-12,38729.57,39486.71,38660.52,38807.36,24034.36432
BTC,2022-03-13,38807.35,39310.0,37578.51,37777.34,32791.82359
BTC,2022-03-14,37777.35,39947.12,37555.0,39671.37,46945.45375
BTC,2022-03-15,39671.37,39887.61,38098.33,39280.33,46015.54926
BTC,2022-03-16,39280.33,41718.0,38828.48,41114.0,88120.76167
BTC,2022-03-17,41114.01,41478.82,40500.0,40917.9,37189.38087
BTC,2022-03-18,40917.89,42325.02,40135.04,41757.51,45408.00969
BTC,2022-03-19,41757.51,42400.0,41499.29,42201.13,29067.18108
BTC,2022-03-20,42201.13,42296.26,40911.0,41262.11,30653.33468
BTC,2022-03-21,41262.11,41544.22,40467.94,41002.25,39426.24877
BTC,2022-03-22,41002.26,43361.0,40875.51,42364.13,59454.94294
BTC,2022-03-23,42364.13,43025.96,41751.47,42882.76,40828.87039
BTC,2022-03-24,42882.76,44220.89,42560.46,43991.46,56195.12374
BTC,2022-03-25,43991.46,45094.14,43579.0,44313.16,54614.43648
BTC,2022-03-26,44313.16,44792.99,44071.97,44511.27,23041.61741
BTC,2022-03-27,44511.27,46999.0,44421.46,46827.76,41874.91071
BTC,2022-03-28,46827.76,48189.84,46663.56,47122.21,58949.2614
BTC,2022-03-29,47122.21,48096.47,46950.85,47434.8,36772.28457
BTC,2022-03-30,47434.79,47700.22,46445.42,47067.99,40947.2085
BTC,2022-03-31,47067.99,47600.0,45200.0,45510.34,48645.12667
BTC,2022-04-01,45510.35,46720.09,44200.0,46283.49,56271.06474
BTC,2022-04-02,46283.49,47213.0,45620.0,45811.0,37073.53582
BTC,2022-04-03,45810.99,47444.11,45530.92,46407.35,33394.67794
BTC,2022-04-04,46407.36,46890.71,45118.0,46580.51,44641.87514
BTC,2022-04-05,46580.5,47200.0,45353.81,45497.55,42192.74852
BTC,2022-04-06,45497.54,45507.14,43121.0,43170.47,60849.32936
BTC,2022-04-07,43170.47,43900.99,42727.35,43444.19,37396.54156
BTC,2022-04-08,43444.2,43970.62,42107.14,42252.01,42375.04203
BTC,2022-04-09,42252.02,42800.0,42125.48,42753.97,17891.66047
BTC,2022-04-10,42753.96,43410.3,41868.0,42158.85,22771.09403
BTC,2022-04-11,42158.85,42414.71,39200.0,39530.45,63560.44721
BTC,2022-04-12,39530.45,40699.0,39254.63,40074.94,57751.01778
BTC,2022-04-13,40074.95,41561.31,39588.54,41147.79,41342.27254
BTC,2022-04-14,41147.78,41500.0,39551.94,39942.38,36807.01401
BTC,2022-04-15,39942.37,40870.36,39766.4,40551.9,24026.35739
BTC,2022-04-16,40551.9,40709.35,39991.55,40378.71,15805.44718
BTC,2022-04-17,40378.7,40595.67,39546.17,39678.12,19988.49259
BTC,2022-04-18,39678.11,41116.73,38536.51,40801.13,54243.49575
BTC,2022-04-19,40801.13,41760.0,40571.0,41493.18,35788.85843
BTC,2022-04-20,41493.19,42199.0,40820.0,41358.19,40877.35041
BTC,2022-04-21,41358.19,42976.0,39751.0,40480.01,59316.27657
BTC,2022-04-22,40480.01,40795.06,39177.0,39709.18,46664.0196
BTC,2022-04-23,39709.19,39980.0,39285.0,39441.6,20291.42375
BTC,2022-04-24,39441.61,39940.0,38929.62,39450.13,26703.61186
BTC,2022-04-25,39450.12,40616.0,38200.0,40426.08,63037.12784
BTC,2022-04-26,40426.08,40797.31,37702.26,38112.65,66650.258
BTC,2022-04-27,38112.64,39474.72,37881.31,39235.72,57083.12272
BTC,2022-04-28,39235.72,40372.63,38881.43,39742.07,56086.6715
BTC,2022-04-29,39742.06,39925.25,38175.0,38596.11,51453.65715
BTC,2022-04-30,38596.11,38795.38,37578.2,37630.8,35321.18989
BTC,2022-05-01,37630.8,38675.0,37386.38,38468.35,38812.24104
BTC,2022-05-02,38468.35,39167.34,38052.0,38525.16,53200.92628
BTC,2022-05-03,38525.16,38651.51,37517.8,37728.95,40316.45358
BTC,2022-05-04,37728.95,40023.77,37670.0,39690.0,62574.61736
BTC,2022-05-05,39690.0,39845.51,35571.9,36552.97,88722.43355
BTC,2022-05-06,36552.97,36675.63,35258.0,36013.77,68437.80187
BTC,2022-05-07,36013.77,36146.3,34785.0,35472.39,34281.70682
BTC,2022-05-08,35472.4,35514.22,33713.95,34038.4,72445.64344
BTC,2022-05-09,34038.39,34243.15,30033.33,30076.31,191876.926428
BTC,2022-05-10,30074.23,32658.99,29730.4,31017.1,165532.00311
BTC,2022-05-11,31017.11,32162.59,27785.0,29103.94,207063.739278
BTC,2022-05-12,29103.94,30243.0,26700.0,29029.75,204507.263138
BTC,2022-05-13,29029.74,31083.37,28751.67,29287.05,97872.36957
BTC,2022-05-14,29287.05,30343.27,28630.0,30086.74,51095.87863
BTC,2022-05-15,30086.74,31460.0,29480.0,31328.89,46275.66912
BTC,2022-05-16,31328.89,31328.9,29087.04,29874.01,73082.19658
BTC,2022-05-17,29874.01,30788.37,29450.38,30444.93,56724.13307
BTC,2022-05-18,30444.93,30709.99,28654.47,28715.32,59749.15799
BTC,2022-05-19,28715.33,30545.18,28691.38,30319.23,67877.36415
BTC,2022-05-20,30319.22,30777.33,28730.0,29201.01,60517.25325
BTC,2022-05-21,29201.01,29656.18,28947.28,29445.06,20987.13124
BTC,2022-05-22,29445.07,30487.99,29255.11,30293.94,36158.98748
BTC,2022-05-23,30293.93,30670.51,28866.35,29109.15,63901.49932
BTC,2022-05-24,29109.14,29845.86,28669.0,29654.58,59442.96036
BTC,2022-05-25,29654.58,30223.74,29294.21,29542.15,59537.38659
BTC,2022-05-26,29542.14,29886.64,28019.56,29201.35,94581.65463
BTC,2022-05-27,29201.35,29397.66,28282.9,28629.8,90998.5201
BTC,2022-05-28,28629.81,29266.0,28450.0,29031.33,34479.35127
BTC,2022-05-29,29031.33,29587.78,28839.21,29468.1,27567.34764
BTC,2022-05-30,29468.1,32222.0,29299.62,31734.22,96785.9476
BTC,2022-05-31,31734.23,32399.0,31200.01,31801.04,62433.11632
BTC,2022-06-01,31801.05,31982.97,29301.0,29805.83,103395.63382
BTC,2022-06-02,29805.84,30689.0,29594.55,30452.62,56961.42928
BTC,2022-06-03,30452.63,30699.0,29282.36,29700.21,54067.44727
BTC,2022-06-04,29700.21,29988.88,29485.0,29864.04,25617.90113
BTC,2022-06-05,29864.03,30189.0,29531.42,29919.21,23139.9281
BTC,2022-06-06,29919.2,31765.64,29890.23,31373.1,68836.92456
BTC,2022-06-07,31373.1,31589.6,29218.96,31125.33,110674.51658
BTC,2022-06-08,31125.32,31327.22,29843.88,30204.77,68542.61276
BTC,2022-06-09,30204.77,30700.0,29944.1,30109.93,46291.1865
BTC,2022-06-10,30109.93,30382.8,28850.0,29091.88,76204.2498
BTC,2022-06-11,29091.87,29440.41,28099.99,28424.7,65901.39895
BTC,2022-06-12,28424.71,28544.96,26560.0,26574.53,92474.598809
BTC,2022-06-13,26574.53,26895.84,21925.77,22487.41,254611.034966
BTC,2022-06-14,22485.27,23362.88,20846.0,22136.41,187201.64671
BTC,2022-06-15,22136.42,22800.0,20111.62,22583.72,200774.493467
BTC,2022-06-16,22583.72,22995.73,20232.0,20401.31,99673.59429
BTC,2022-06-17,20400.6,21365.43,20246.66,20468.81,86694.33663
BTC,2022-06-18,20468.81,20792.06,17622.0,18970.79,196441.655524
BTC,2022-06-19,18970.79,20815.95,17960.41,20574.0,128320.87595
BTC,2022-06-20,20574.0,21090.0,19637.03,20573.89,109028.94154
BTC,2022-06-21,20573.9,21723.0,20348.4,20723.52,104371.0749
BTC,2022-06-22,20723.51,20900.0,19770.51,19987.99,92133.97938
BTC,2022-06-23,19988.0,21233.0,19890.07,21110.13,83127.08716
BTC,2022-06-24,21110.12,21558.41,20736.72,21237.69,77430.36622
BTC,2022-06-25,21237.68,21614.5,20906.62,21491.19,51431.67794
BTC,2022-06-26,21491.18,21888.0,20964.73,21038.07,53278.10464
BTC,2022-06-27,21038.08,21539.85,20510.0,20742.56,64475.0013
BTC,2022-06-28,20742.57,21212.1,20202.01,20281.29,63801.0832
BTC,2022-06-29,20281.28,20432.31,19854.92,20123.01,77309.04379
BTC,2022-06-30,20123.0,20179.08,18626.0,19942.21,93846.64806
BTC,2022-07-01,19942.21,20918.35,18975.0,19279.8,111844.59494
BTC,2022-07-02,19279.8,19467.39,18977.01,19252.81,46180.3021
BTC,2022-07-03,19252.82,19647.63,18781.0,19315.83,51087.46631
BTC,2022-07-04,19315.83,20354.01,19055.31,20236.71,74814.04601
BTC,2022-07-05,20236.71,20750.0,19304.4,20175.83,96041.13756
BTC,2022-07-06,20175.84,20675.22,19761.25,20564.51,82439.5808
BTC,2022-07-07,20564.51,21838.1,20251.68,21624.98,85014.58261
BTC,2022-07-08,21624.99,22527.37,21189.26,21594.75,403081.57349
BTC,2022-07-09,21594.75,21980.0,21322.12,21591.83,178417.84468
BTC,2022-07-10,21592.15,21607.65,20655.0,20862.47,192188.21556
BTC,2022-07-11,20861.11,20868.48,19875.23,19963.61,137535.40724
BTC,2022-07-12,19963.61,20059.42,19240.0,19328.75,139506.45862
BTC,2022-07-13,19331.28,20366.61,18910.94,20234.87,209250.24888
BTC,2022-07-14,20234.87,20900.0,19616.07,20588.84,174809.21696
BTC,2022-07-15,20588.84,21200.0,20382.29,20830.04,143343.3049
BTC,2022-07-16,20830.04,21588.94,20478.61,21195.6,121011.67393
BTC,2022-07-17,21195.6,21684.54,20750.01,20798.16,118229.4525
BTC,2022-07-18,20799.58,22777.63,20762.45,22432.58,239942.73132
BTC,2022-07-19,22432.58,23800.0,21579.54,23396.62,263770.76574
BTC,2022-07-20,23398.48,24276.74,22906.19,23223.3,238762.17094
BTC,2022-07-21,23223.3,23442.77,22341.46,23152.19,184817.68191
BTC,2022-07-22,23152.19,23756.49,22500.0,22684.83,171598.43966
BTC,2022-07-23,22684.83,23000.77,21934.57,22451.07,122137.77375
BTC,2022-07-24,22448.58,23014.64,22257.15,22579.68,115189.67277
BTC,2022-07-25,22577.13,22666.0,21250.0,21310.9,180344.76643
BTC,2022-07-26,21310.9,21347.82,20706.5,21254.67,177817.24326
BTC,2022-07-27,21254.67,23112.63,21042.53,22952.45,210971.19796
BTC,2022-07-28,22954.31,24199.72,22582.13,23842.93,236029.0741
BTC,2022-07-29,23845.25,24442.66,23414.03,23773.75,198298.50623
BTC,2022-07-30,23777.28,24668.0,23502.25,23643.51,151060.13211
BTC,2022-07-31,23644.64,24194.82,23227.31,23293.32,127743.32483
BTC,2022-08-01,23296.36,23509.68,22850.0,23268.01,144210.16219
BTC,2022-08-02,23266.9,23459.89,22654.37,22987.79,158073.28225
BTC,2022-08-03,22985.93,23647.68,22681.22,22818.37,145948.80995
BTC,2022-08-04,22816.91,23223.32,22400.0,22622.98,154854.67016
BTC,2022-08-05,22622.41,23472.86,22586.95,23312.42,175251.69749
BTC,2022-08-06,23313.56,23354.36,22909.52,22954.21,83911.80307
BTC,2022-08-07,22954.21,23402.0,22844.62,23174.39,88890.00877
BTC,2022-08-08,23174.39,24245.0,23154.25,23810.0,170958.44152
BTC,2022-08-09,23810.98,23933.25,22865.0,23149.95,143182.50858
BTC,2022-08-10,23151.32,24226.0,22664.69,23954.05,208916.54953
BTC,2022-08-11,23954.05,24918.54,23852.13,23934.39,249759.79557
BTC,2022-08-12,23933.09,24456.5,23583.0,24403.68,174207.5704
BTC,2022-08-13,24401.7,24888.0,24291.22,24441.38,152852.25435
BTC,2022-08-14,24443.06,25047.56,24144.0,24305.24,151206.14473
BTC,2022-08-15,24305.25,25211.32,23773.22,24094.82,242539.54758
BTC,2022-08-16,24093.04,24247.49,23671.22,23854.74,179324.94821
BTC,2022-08-17,23856.15,24446.71,23180.4,23342.66,210668.68766
BTC,2022-08-18,23342.66,23600.0,23111.04,23191.2,144185.97011
BTC,2022-08-19,23191.45,23208.67,20783.57,20834.39,283995.87747
BTC,2022-08-20,20834.39,21382.85,20761.9,21140.07,183041.68363
BTC,2022-08-21,21140.07,21800.0,21069.11,21515.61,159200.6841
BTC,2022-08-22,21516.7,21548.71,20890.18,21399.83,222222.04526
BTC,2022-08-23,21400.75,21684.87,20890.14,21529.12,200967.77164
BTC,2022-08-24,21529.11,21900.0,21145.0,21368.08,174383.22046
BTC,2022-08-25,21368.05,21819.88,21310.15,21559.04,169915.78301
BTC,2022-08-26,21559.04,21886.77,20107.9,20241.05,273811.61955
BTC,2022-08-27,20239.14,20402.93,19800.0,20037.6,162582.46032
BTC,2022-08-28,20037.6,20171.18,19520.0,19555.61,139307.95976
BTC,2022-08-29,19555.61,20433.62,19550.79,20285.73,210509.49545
BTC,2022-08-30,20287.2,20576.25,19540.0,19811.66,256634.35529
BTC,2022-08-31,19813.03,20490.0,19797.94,20050.02,276946.60765
BTC,2022-09-01,20048.44,20208.37,19565.66,20131.46,245289.97263
BTC,2022-09-02,20132.64,20441.26,19755.29,19951.86,245986.6033
BTC,2022-09-03,19950.98,20055.93,19652.72,19831.9,146639.03204
BTC,2022-09-04,19832.45,20029.23,19583.1,20000.3,145588.77893
BTC,2022-09-05,20000.3,20057.27,19633.83,19796.84,222543.01057
BTC,2022-09-06,19795.34,20180.0,18649.51,18790.61,356315.05718
BTC,2022-09-07,18790.61,19464.06,18510.77,19292.84,287394.7788
BTC,2022-09-08,19292.85,19458.25,19012.0,19319.77,262813.28273
BTC,2022-09-09,19320.54,21597.22,19291.75,21360.11,428919.74652
BTC,2022-09-10,21361.62,21810.8,21111.13,21648.34,307997.33504
BTC,2022-09-11,21647.21,21860.0,21350.0,21826.87,280702.55149
BTC,2022-09-12,21826.87,22488.0,21538.51,22395.74,395395.61828
BTC,2022-09-13,22395.44,22799.0,19860.0,20173.57,431915.03333
BTC,2022-09-14,20173.62,20541.48,19617.62,20226.71,340826.40151
BTC,2022-09-15,20227.17,20330.24,19497.0,19701.88,333069.76076
BTC,2022-09-16,19701.88,19890.0,19320.01,19803.3,283791.07064
BTC,2022-09-17,19803.3,20189.0,19748.08,20113.62,179350.24338
BTC,2022-09-18,20112.61,20117.26,19335.62,19416.18,254217.46904
BTC,2022-09-19,19417.45,19686.2,18232.56,19537.02,380512.40306
BTC,2022-09-20,19537.02,19634.62,18711.87,18875.0,324098.3286
BTC,2022-09-21,18874.31,19956.0,18125.98,18461.36,385034.10021
BTC,2022-09-22,18461.36,19550.17,18356.39,19401.63,379321.72111
BTC,2022-09-23,19401.63,19500.0,18531.42,19289.91,385886.91829
BTC,2022-09-24,19288.57,19316.14,18805.34,18920.5,239496.56746
BTC,2022-09-25,18921.99,19180.21,18629.2,18807.38,191191.4492
BTC,2022-09-26,18809.13,19318.96,18680.72,19227.82,439239.21943
BTC,2022-09-27,19226.68,20385.86,18816.32,19079.13,593260.74161
BTC,2022-09-28,19078.1,19790.0,18471.28,19412.82,521385.45547
BTC,2022-09-29,19412.82,19645.52,18843.01,19591.51,406424.93256
BTC,2022-09-30,19590.54,20185.0,19155.36,19422.61,444322.9534
BTC,2022-10-01,19422.61,19484.0,19159.42,19310.95,165625.13959
BTC,2022-10-02,19312.24,19395.91,18920.35,19056.8,206812.47032
BTC,2022-10-03,19057.74,19719.1,18959.68,19629.08,293585.75212
BTC,2022-10-04,19629.08,20475.0,19490.6,20337.82,327012.00127
BTC,2022-10-05,20337.82,20365.6,19730.0,20158.26,312239.75224
BTC,2022-10-06,20158.26,20456.6,19853.0,19960.67,320122.1702
BTC,2022-10-07,19960.67,20068.82,19320.0,19530.09,220874.83913
BTC,2022-10-08,19530.09,19627.38,19237.14,19417.96,102480.09842
BTC,2022-10-09,19416.52,19558.0,19316.04,19439.02,113900.82681
BTC,2022-10-10,19439.96,19525.0,19020.25,19131.87,212509.09849
BTC,2022-10-11,19131.87,19268.09,18860.0,19060.0,243473.84286
BTC,2022-10-12,19060.0,19238.31,18965.88,19155.53,213826.26731
BTC,2022-10-13,19155.1,19513.79,18190.0,19375.13,399756.68337
BTC,2022-10-14,19375.58,19951.87,19070.37,19176.93,351634.32601
BTC,2022-10-15,19176.93,19227.68,18975.18,19069.39,113847.64232
BTC,2022-10-16,19068.4,19425.84,19063.74,19262.98,131894.61885
BTC,2022-10-17,19262.98,19676.96,19152.03,19549.86,222813.87634
BTC,2022-10-18,19548.48,19706.66,19091.0,19327.44,260313.07848
BTC,2022-10-19,19327.44,19360.16,19065.97,19123.97,186137.29538
BTC,2022-10-20,19123.35,19347.82,18900.0,19041.92,223530.13068
BTC,2022-10-21,19041.92,19250.0,18650.0,19164.37,269310.75769
BTC,2022-10-22,19164.37,19257.0,19112.72,19204.35,110403.90837
BTC,2022-10-23,19204.29,19695.0,19070.11,19570.4,167057.20184
BTC,2022-10-24,19570.4,19601.15,19157.0,19329.72,256168.14467
BTC,2022-10-25,19330.6,20415.87,19237.0,20080.07,326370.67061
BTC,2022-10-26,20079.02,21020.0,20050.41,20771.59,380492.69576
BTC,2022-10-27,20771.61,20872.21,20200.0,20295.11,328643.57791
BTC,2022-10-28,20295.11,20750.0,20000.09,20591.84,287039.94569
BTC,2022-10-29,20591.84,21085.0,20554.01,20809.67,254881.77755
BTC,2022-10-30,20809.68,20931.21,20515.0,20627.48,192795.60886
BTC,2022-10-31,20627.48,20845.92,20237.95,20490.74,303567.61628
BTC,2022-11-01,20490.74,20700.0,20330.74,20483.62,279932.43771
BTC,2022-11-02,20482.81,20800.0,20048.04,20151.84,373716.27299
BTC,2022-11-03,20151.84,20393.32,20031.24,20207.82,319185.1544
BTC,2022-11-04,20207.12,21302.05,20180.96,21148.52,453694.39165
BTC,2022-11-05,21148.52,21480.65,21080.65,21299.37,245621.98525
BTC,2022-11-06,21299.37,21365.27,20886.13,20905.58,230036.97217
BTC,2022-11-07,20905.58,21069.77,20384.89,20591.13,386977.60337
BTC,2022-11-08,20590.67,20700.88,17166.83,18547.23,760705.362783
BTC,2022-11-09,18545.38,18587.76,15588.0,15922.81,731926.929729
BTC,2022-11-10,15922.68,18199.0,15754.26,17601.15,608448.36432
BTC,2022-11-11,17602.45,17695.0,16361.6,17070.31,393552.86492
BTC,2022-11-12,17069.98,17119.1,16631.39,16812.08,167819.96035
BTC,2022-11-13,16813.16,16954.28,16229.0,16329.85,184960.78846
BTC,2022-11-14,16331.78,17190.0,15815.21,16619.46,380210.7775
BTC,2022-11-15,16617.72,17134.69,16527.72,16900.57,282461.84391
BTC,2022-11-16,16900.57,17015.92,16378.61,16662.76,261493.40809
BTC,2022-11-17,16661.61,16751.0,16410.74,16692.56,228038.97873
BTC,2022-11-18,16692.56,17011.0,16546.04,16700.45,214224.18184
BTC,2022-11-19,16699.43,16822.41,16553.53,16700.68,104963.15558
BTC,2022-11-20,16700.68,16753.33,16180.0,16280.23,154842.13478
BTC,2022-11-21,16279.5,16319.0,15476.0,15781.29,324096.997753
BTC,2022-11-22,15781.29,16315.0,15616.63,16226.94,239548.06623
BTC,2022-11-23,16227.96,16706.0,16160.2,16603.11,264927.70408
BTC,2022-11-24,16603.11,16812.63,16458.05,16598.95,206565.92346
BTC,2022-11-25,16599.55,16666.0,16342.81,16522.14,182089.49533
BTC,2022-11-26,16521.35,16701.99,16385.0,16458.57,181804.81666
BTC,2022-11-27,16457.61,16600.0,16401.0,16428.78,162025.47607
BTC,2022-11-28,16428.77,16487.04,15995.27,16212.91,252695.40367
BTC,2022-11-29,16212.18,16548.71,16100.0,16442.53,248106.25009
BTC,2022-11-30,16442.91,17249.0,16428.3,17163.64,303019.80719
BTC,2022-12-01,17165.53,17324.0,16855.01,16977.37,232818.18218
BTC,2022-12-02,16978.0,17105.73,16787.85,17092.74,202372.2062
BTC,2022-12-03,17092.13,17188.98,16858.74,16885.2,154542.57306
BTC,2022-12-04,16885.2,17202.84,16878.25,17105.7,178619.13387
BTC,2022-12-05,17106.65,17424.25,16867.0,16966.35,233703.29225
BTC,2022-12-06,16966.35,17107.01,16906.37,17088.96,218730.76883
BTC,2022-12-07,17088.96,17142.21,16678.83,16836.64,220657.41334
BTC,2022-12-08,16836.64,17299.0,16733.49,17224.1,236417.97804
BTC,2022-12-09,17224.1,17360.0,17058.21,17128.56,238422.06465
BTC,2022-12-10,17128.56,17227.72,17092.0,17127.49,140573.97937
BTC,2022-12-11,17127.49,17270.99,17071.0,17085.05,155286.47871
BTC,2022-12-12,17085.05,17241.89,16871.85,17209.83,226227.49694
BTC,2022-12-13,17208.93,18000.0,17080.14,17774.7,284462.9139
BTC,2022-12-14,17775.82,18387.95,17660.94,17803.15,266681.22209
BTC,2022-12-15,17804.01,17854.82,17275.51,17356.34,223701.96882
BTC,2022-12-16,17356.96,17531.73,16527.32,16632.12,253379.04116
BTC,2022-12-17,16631.5,16796.82,16579.85,16776.52,144825.66684
BTC,2022-12-18,16777.54,16863.26,16663.07,16738.21,112619.31646
BTC,2022-12-19,16739.0,16815.99,16256.3,16438.88,179094.28305
BTC,2022-12-20,16438.88,17061.27,16397.2,16895.56,248808.92324
BTC,2022-12-21,16896.15,16925.0,16723.0,16824.67,156810.96362
BTC,2022-12-22,16824.68,16868.52,16559.85,16821.43,176044.27235
BTC,2022-12-23,16821.9,16955.14,16731.13,16778.5,161612.00947
BTC,2022-12-24,16778.52,16869.99,16776.62,16836.12,100224.29096
BTC,2022-12-25,16835.73,16857.96,16721.0,16832.11,125441.07202
BTC,2022-12-26,16832.11,16944.52,16791.0,16919.39,124564.00656
BTC,2022-12-27,16919.39,16972.83,16592.37,16706.36,173749.58616
BTC,2022-12-28,16706.06,16785.19,16465.33,16547.31,193037.56577
BTC,2022-12-29,16547.32,16664.41,16488.91,16633.47,160998.47158
BTC,2022-12-30,16633.47,16677.35,16333.0,16607.48,164916.31174
BTC,2022-12-31,16607.48,16644.09,16470.0,16542.4,114490.42864
BTC,2023-01-01,16541.77,16628.0,16499.01,16616.75,96925.41374
BTC,2023-01-02,16617.17,16799.23,16548.7,16672.87,121888.57191
BTC,2023-01-03,16672.78,16778.4,16605.28,16675.18,159541.53733
BTC,2023-01-04,16675.65,16991.87,16652.66,16850.36,220362.18862
BTC,2023-01-05,16850.36,16879.82,16753.0,16831.85,163473.56641
BTC,2023-01-06,16831.85,17041.0,16679.0,16950.65,207401.28415
BTC,2023-01-07,16950.31,16981.91,16908.0,16943.57,104526.5688
BTC,2023-01-08,16943.83,17176.99,16911.0,17127.83,135155.89695
BTC,2023-01-09,17127.83,17398.8,17104.66,17178.26,266211.52723
BTC,2023-01-10,17179.04,17499.0,17146.34,17440.66,221382.42581
BTC,2023-01-11,17440.64,18000.0,17315.6,17943.26,262221.60653
BTC,2023-01-12,17943.26,19117.04,17892.05,18846.62,454568.32178
BTC,2023-01-13,18846.62,20000.0,18714.12,19930.01,368615.87823
BTC,2023-01-14,19930.01,21258.0,19888.05,20954.92,393913.74951
BTC,2023-01-15,20952.76,21050.74,20551.01,20871.5,178542.22549
BTC,2023-01-16,20872.99,21474.05,20611.48,21185.65,293078.08262
BTC,2023-01-17,21185.65,21647.45,20841.31,21134.81,275407.74409
BTC,2023-01-18,21132.29,21650.0,20407.15,20677.47,350916.01949
BTC,2023-01-19,20677.47,21192.0,20659.19,21071.59,251385.84925
BTC,2023-01-20,21071.59,22755.93,20861.28,22667.21,338079.13659
BTC,2023-01-21,22666.0,23371.8,22422.0,22783.55,346445.48432
BTC,2023-01-22,22783.35,23078.71,22292.37,22707.88,253577.75286
BTC,2023-01-23,22706.02,23180.0,22500.0,22916.45,293588.37938
BTC,2023-01-24,22917.81,23162.2,22462.93,22632.89,293158.78254
BTC,2023-01-25,22631.94,23816.73,22300.0,23060.94,346042.83223
BTC,2023-01-26,23060.42,23282.47,22850.01,23009.65,288924.43581
BTC,2023-01-27,23009.65,23500.0,22534.88,23074.16,280833.86315
BTC,2023-01-28,23074.16,23189.0,22878.46,23022.6,148115.71085
BTC,2023-01-29,23021.4,23960.54,22967.76,23742.3,295688.79204
BTC,2023-01-30,23743.37,23800.51,22500.0,22826.15,302405.90121
BTC,2023-01-31,22827.38,23320.0,22714.77,23125.13,264649.34909
BTC,2023-02-01,23125.13,23812.66,22760.23,23732.66,310790.42271
BTC,2023-02-02,23731.41,24255.0,23363.27,23488.94,364177.20751
BTC,2023-02-03,23489.33,23715.7,23204.62,23431.9,332571.02904
BTC,2023-02-04,23431.9,23587.78,23253.96,23326.84,166126.47295
BTC,2023-02-05,23327.66,23433.33,22743.0,22932.91,209251.33917
BTC,2023-02-06,22932.91,23158.25,22628.13,22762.52,265371.6069
BTC,2023-02-07,22762.52,23350.25,22745.78,23240.46,308006.72482
BTC,2023-02-08,23242.42,23452.0,22665.85,22963.0,280056.30717
BTC,2023-02-09,22961.85,23011.39,21688.0,21796.35,402894.6955
BTC,2023-02-10,21797.83,21938.16,21451.0,21625.19,338591.94247
BTC,2023-02-11,21625.19,21906.32,21599.78,21862.55,177021.58433
BTC,2023-02-12,21862.02,22090.0,21630.0,21783.54,204435.65163
BTC,2023-02-13,21782.37,21894.99,21351.07,21773.97,295730.76791
BTC,2023-02-14,21774.63,22319.08,21532.77,22199.84,361958.40109
BTC,2023-02-15,22199.84,24380.0,22047.28,24324.05,375669.16111
BTC,2023-02-16,24322.87,25250.0,23505.25,23517.72,450080.68366
BTC,2023-02-17,23517.72,25021.11,23339.37,24569.97,496813.21376
BTC,2023-02-18,24568.24,24877.0,24430.0,24631.95,216917.25213
BTC,2023-02-19,24632.05,25192.0,24192.57,24271.76,300395.99542
BTC,2023-02-20,24272.51,25121.23,23840.83,24842.2,346938.56997
BTC,2023-02-21,24843.89,25250.0,24148.34,24452.16,376000.82868
BTC,2023-02-22,24450.67,24476.05,23574.69,24182.21,379425.75365
BTC,2023-02-23,24182.21,24599.59,23608.0,23940.2,398400.45437
BTC,2023-02-24,23940.2,24132.35,22841.19,23185.29,343582.57453
BTC,2023-02-25,23184.04,23219.13,22722.0,23157.07,191311.8101
BTC,2023-02-26,23157.07,23689.99,23059.18,23554.85,202323.73623
BTC,2023-02-27,23554.85,23897.99,23106.77,23492.09,283706.0859
BTC,2023-02-28,23492.09,23600.0,23020.97,23141.57,264140.99894
BTC,2023-03-01,23141.57,24000.0,23020.03,23628.97,315287.41737
BTC,2023-03-02,23629.76,23796.93,23195.9,23465.32,239315.45219
BTC,2023-03-03,23465.32,23476.95,21971.13,22354.34,319954.19785
BTC,2023-03-04,22354.34,22410.0,22157.08,22346.57,121257.38132
BTC,2023-03-05,22346.57,22662.09,22189.22,22430.24,154841.75786
BTC,2023-03-06,22430.24,22602.19,22258.0,22410.0,203751.82957
BTC,2023-03-07,22409.41,22557.91,21927.0,22197.96,292519.80912
BTC,2023-03-08,22198.56,22287.0,21580.0,21705.44,301460.57272
BTC,2023-03-09,21704.37,21834.99,20042.72,20362.22,443658.28584
BTC,2023-03-10,20362.21,20367.78,19549.09,20150.69,618456.4671
BTC,2023-03-11,20150.69,20686.51,19765.03,20455.73,427831.82133
BTC,2023-03-12,20455.73,22150.0,20270.6,21997.11,430944.94288
BTC,2023-03-13,21998.05,24500.0,21813.88,24113.48,687889.31259
BTC,2023-03-14,24112.27,26386.87,23976.42,24670.41,699360.93423
BTC,2023-03-15,24670.41,25196.97,23896.95,24285.66,581450.72984
BTC,2023-03-16,24285.66,25167.4,24123.0,24998.78,439421.32998
BTC,2023-03-17,24998.78,27756.84,24890.0,27395.13,624460.68091
BTC,2023-03-18,27395.13,27724.85,26578.0,26907.49,371238.97174
BTC,2023-03-19,26907.49,28390.1,26827.22,27972.87,372066.99054
BTC,2023-03-20,27972.87,28472.0,27124.47,27717.01,477378.23373
BTC,2023-03-21,27717.01,28438.55,27303.1,28105.47,420929.7422
BTC,2023-03-22,28107.81,28868.05,26601.8,27250.97,224113.41296
BTC,2023-03-23,27250.97,28750.0,27105.0,28295.41,128649.60818
BTC,2023-03-24,28295.42,28374.3,27000.0,27454.47,86242.06544
BTC,2023-03-25,27454.46,27787.33,27156.09,27462.95,50844.08102
BTC,2023-03-26,27462.96,28194.4,27417.76,27968.05,49671.70353
BTC,2023-03-27,27968.05,28023.86,26508.14,27124.91,88039.46898
BTC,2023-03-28,27124.9,27520.0,26631.78,27261.07,78602.44341
BTC,2023-03-29,27261.06,28650.0,27240.1,28348.6,89486.16008
BTC,2023-03-30,28348.6,29184.68,27686.0,28028.53,98865.43256
BTC,2023-03-31,28028.53,28656.69,27511.71,28465.36,78198.12139
BTC,2023-04-01,28465.36,28819.71,28220.27,28452.73,30238.44753
BTC,2023-04-02,28452.74,28530.0,27856.43,28171.87,37365.65692
BTC,2023-04-03,28171.87,28500.99,27200.24,27800.0,79180.01405
BTC,2023-04-04,27800.0,28444.44,27662.79,28165.47,49722.55691
BTC,2023-04-05,28165.47,28775.0,27805.1,28170.01,60737.64732
BTC,2023-04-06,28170.01,28182.05,27711.0,28033.82,40118.94963
BTC,2023-04-07,28033.83,28100.0,27766.94,27906.33,24762.09387
BTC,2023-04-08,27906.34,28154.99,27859.02,27938.38,19479.96735
BTC,2023-04-09,27938.38,28530.0,27800.0,28323.76,32531.16101
BTC,2023-04-10,28323.76,29770.0,28170.0,29637.34,67754.0622
BTC,2023-04-11,29637.35,30550.0,29590.0,30200.42,67990.07621
BTC,2023-04-12,30200.43,30486.0,29637.4,29888.07,62049.48451
BTC,2023-04-13,29888.07,30595.0,29854.59,30373.84,51934.11731
BTC,2023-04-14,30373.84,31000.0,29966.0,30466.93,75984.19452
BTC,2023-04-15,30466.93,30595.6,30202.0,30295.09,25429.81247
BTC,2023-04-16,30295.1,30549.99,30120.0,30304.65,26431.99322
BTC,2023-04-17,30304.66,30316.06,29240.65,29430.27,56441.81127
BTC,2023-04-18,29430.27,30485.0,29096.78,30380.01,62004.89434
BTC,2023-04-19,30380.01,30413.53,28520.0,28797.1,86575.48656
BTC,2023-04-20,28797.1,29088.3,28010.0,28243.65,76879.09372
BTC,2023-04-21,28243.65,28374.02,27125.0,27262.84,77684.7679
BTC,2023-04-22,27262.84,27882.72,27140.35,27816.85,36023.69686
BTC,2023-04-23,27816.85,27816.85,27311.25,27590.6,34812.09581
BTC,2023-04-24,27590.59,28000.0,26942.82,27510.93,53111.56874
BTC,2023-04-25,27510.93,28399.99,27192.0,28300.79,52325.14637
BTC,2023-04-26,28300.8,30036.0,27235.0,28415.29,129228.40403
BTC,2023-04-27,28415.29,29890.0,28378.86,29472.77,95430.82431
BTC,2023-04-28,29472.77,29599.54,28891.0,29311.7,54298.16578
BTC,2023-04-29,29311.69,29448.88,29031.0,29230.45,20466.83058
BTC,2023-04-30,29230.45,29969.39,29079.59,29233.21,39752.5372
BTC,2023-05-01,29233.2,29337.34,27666.95,28068.26,64433.65958
BTC,2023-05-02,28068.26,28879.88,27872.0,28669.86,50824.5224
BTC,2023-05-03,28669.85,29266.66,28113.69,29026.16,64615.79213
BTC,2023-05-04,29026.16,29379.83,28663.64,28838.16,42575.47501
BTC,2023-05-05,28838.16,29677.0,28800.0,29505.61,58415.83048
BTC,2023-05-06,29505.6,29820.0,28300.0,28848.2,49249.28459
BTC,2023-05-07,28848.19,29138.29,28395.23,28430.1,30003.41028
BTC,2023-05-08,28430.09,28631.01,27262.0,27668.79,68244.36179
BTC,2023-05-09,27668.8,27818.0,27353.0,27628.27,40113.31069
BTC,2023-05-10,27628.28,28331.42,26777.0,27598.75,71155.11355
BTC,2023-05-11,27598.74,27630.14,26702.05,26968.62,47635.31365
BTC,2023-05-12,26968.61,27091.12,25811.46,26795.01,67207.93494
BTC,2023-05-13,26795.01,27045.45,26692.03,26775.28,22814.90421
BTC,2023-05-14,26775.27,27200.0,26560.53,26917.62,21594.8036
BTC,2023-05-15,26917.61,27663.59,26726.0,27162.14,40430.08333
BTC,2023-05-16,27162.15,27296.89,26852.11,27033.84,33270.45451
BTC,2023-05-17,27033.85,27500.0,26544.71,27405.61,42958.97785
BTC,2023-05-18,27405.62,27485.33,26361.2,26821.28,49198.65143
BTC,2023-05-19,26821.28,27183.6,26630.0,26880.26,28754.13544
BTC,2023-05-20,26880.26,27150.0,26825.11,27102.43,14434.54718
BTC,2023-05-21,27102.42,27277.55,26666.03,26747.78,21347.87279
BTC,2023-05-22,26747.78,27099.89,26538.21,26849.27,26458.83828
BTC,2023-05-23,26849.28,27495.83,26798.11,27219.61,38700.83858
BTC,2023-05-24,27219.61,27219.61,26080.5,26329.01,54393.0657
BTC,2023-05-25,26329.0,26631.98,25871.89,26473.79,37435.44895
BTC,2023-05-26,26473.8,26932.16,26327.24,26705.92,35061.18713
BTC,2023-05-27,26705.93,26895.0,26551.0,26854.27,15095.6867
BTC,2023-05-28,26854.28,28261.32,26764.36,28065.0,43916.00855
BTC,2023-05-29,28065.01,28447.14,27524.6,27736.4,42385.41945
BTC,2023-05-30,27736.39,28038.59,27554.0,27694.4,32686.75371
BTC,2023-05-31,27694.39,27835.51,26839.01,27210.35,46588.80573
BTC,2023-06-01,27210.36,27350.0,26605.05,26817.93,39217.8088
BTC,2023-06-02,26817.93,27300.0,26505.0,27242.59,36380.90269
BTC,2023-06-03,27242.59,27333.29,26914.93,27069.22,16595.34117
BTC,2023-06-04,27069.22,27455.02,26951.0,27115.21,19258.41049
BTC,2023-06-05,27115.2,27129.33,25388.0,25728.2,65805.60305
BTC,2023-06-06,25728.2,27355.33,25351.02,27230.08,68392.60438
BTC,2023-06-07,27230.07,27391.77,26125.01,26339.34,59619.44364
BTC,2023-06-08,26339.34,26810.0,26210.0,26498.61,31075.51083
BTC,2023-06-09,26498.62,26783.33,26269.91,26477.81,27934.7097
BTC,2023-06-10,26477.8,26533.87,25358.0,25841.21,64944.60108
BTC,2023-06-11,25841.22,26206.88,25634.7,25925.55,30014.29595
BTC,2023-06-12,25925.54,26106.48,25602.11,25905.19,29900.50893
BTC,2023-06-13,25905.2,26433.21,25712.57,25934.25,41065.60853
BTC,2023-06-14,25934.24,26098.0,24820.56,25128.6,45077.31608
BTC,2023-06-15,25128.6,25759.01,24800.0,25598.49,48664.86063
BTC,2023-06-16,25598.49,26518.0,25175.56,26345.0,51596.91662
BTC,2023-06-17,26345.01,26839.99,26181.0,26516.99,27842.2195
BTC,2023-06-18,26516.99,26700.0,26255.85,26339.97,21538.31022
BTC,2023-06-19,26339.98,27068.09,26256.61,26844.35,35872.65974
BTC,2023-06-20,26844.35,28402.74,26652.0,28307.99,69666.95525
BTC,2023-06-21,28308.0,30800.0,28257.99,29993.89,108926.40412
BTC,2023-06-22,29993.89,30500.0,29525.61,29884.92,59054.5646
BTC,2023-06-23,29884.92,31431.94,29800.0,30688.5,73931.89635
BTC,2023-06-24,30688.51,30800.0,30250.0,30527.43,30513.30135
BTC,2023-06-25,30527.44,31046.01,30277.49,30462.66,30223.44801
BTC,2023-06-26,30462.67,30666.0,29930.0,30267.99,45180.41489
BTC,2023-06-27,30267.99,30994.97,30226.17,30692.44,42699.64157
BTC,2023-06-28,30692.44,30709.74,29858.8,30077.41,40463.51937
BTC,2023-06-29,30077.4,30843.98,30049.98,30447.31,36330.62903
BTC,2023-06-30,30447.31,31282.0,29500.0,30472.0,89419.07618
BTC,2023-07-01,30471.99,30661.6,30320.57,30585.9,17501.75075
BTC,2023-07-02,30585.9,30791.0,30155.0,30617.03,23286.41019
BTC,2023-07-03,30617.02,31380.0,30570.27,31156.2,43761.64311
BTC,2023-07-04,31156.2,31350.69,30620.0,30766.51,33206.11943
BTC,2023-07-05,30766.52,30878.07,30200.0,30504.81,33215.67122
BTC,2023-07-06,30504.8,31500.0,29850.45,29895.43,71319.6261
BTC,2023-07-07,29895.42,30449.0,29701.02,30344.7,34070.53895
BTC,2023-07-08,30344.7,30386.81,30044.47,30284.63,13094.59042
BTC,2023-07-09,30284.63,30445.52,30061.12,30160.71,15388.50196
BTC,2023-07-10,30160.71,31045.78,29950.0,30411.57,41262.87652
BTC,2023-07-11,30411.57,30813.63,30300.0,30622.1,28476.83311
BTC,2023-07-12,30622.1,30983.25,30210.0,30380.0,38108.99669
BTC,2023-07-13,30380.0,31804.2,30251.0,31454.23,70772.51836
BTC,2023-07-14,31454.23,31630.0,29900.0,30312.01,60749.48424
BTC,2023-07-15,30312.0,30390.9,30200.0,30289.52,14118.55329
BTC,2023-07-16,30289.52,30441.46,30064.29,30231.99,15760.1281
BTC,2023-07-17,30232.0,30336.96,29659.2,30138.0,30882.76839
BTC,2023-07-18,30138.01,30239.78,29512.0,29859.13,30003.8601
BTC,2023-07-19,29859.14,30189.09,29761.96,29909.21,25657.36137
BTC,2023-07-20,29909.21,30417.46,29570.96,29800.0,37540.68193
BTC,2023-07-21,29800.0,30061.7,29726.34,29901.72,23881.40865
BTC,2023-07-22,29901.72,29999.0,29625.1,29794.0,14660.40467
BTC,2023-07-23,29793.99,30350.0,29730.0,30083.75,18292.78637
BTC,2023-07-24,30083.75,30099.58,28861.9,29176.5,39628.99691
BTC,2023-07-25,29176.5,29376.0,29047.65,29228.91,21565.7478
BTC,2023-07-26,29228.91,29690.0,29096.94,29351.96,33931.63366
BTC,2023-07-27,29351.95,29567.49,29083.85,29222.78,22476.47626
BTC,2023-07-28,29222.78,29542.22,29123.12,29314.14,23993.61627
BTC,2023-07-29,29314.14,29406.92,29256.18,29352.9,10851.36844
BTC,2023-07-30,29352.9,29449.0,29033.24,29281.09,15706.97441
BTC,2023-07-31,29281.09,29530.0,29101.8,29232.25,22605.48964
BTC,2023-08-01,29232.26,29739.25,28585.7,29705.99,44719.65162
BTC,2023-08-02,29705.99,30047.5,28927.5,29186.01,48181.65141
BTC,2023-08-03,29186.0,29433.33,28968.0,29193.64,26476.91994
BTC,2023-08-04,29193.65,29333.08,28807.54,29113.99,23551.95217
BTC,2023-08-05,29114.0,29152.23,28978.64,29072.13,11645.52018
BTC,2023-08-06,29072.13,29205.09,28991.88,29088.42,13178.1972
BTC,2023-08-07,29088.43,29276.78,28701.03,29211.06,30966.87746
BTC,2023-08-08,29211.06,30244.0,29146.45,29770.42,45700.53392
BTC,2023-08-09,29770.41,30160.0,29376.67,29581.99,38003.88725
BTC,2023-08-10,29581.99,29738.0,29320.2,29455.75,23463.45373
BTC,2023-08-11,29455.76,29564.52,29252.45,29426.03,20637.0443
BTC,2023-08-12,29426.02,29481.35,29381.56,29430.17,8971.48068
BTC,2023-08-13,29430.18,29474.65,29272.32,29303.84,11101.70947
BTC,2023-08-14,29303.85,29695.32,29102.45,29430.93,31443.11532
BTC,2023-08-15,29430.92,29499.26,29059.6,29200.0,27503.87691
BTC,2023-08-16,29200.01,29259.85,28723.08,28730.51,32996.69854
BTC,2023-08-17,28730.51,28783.48,25166.0,26623.41,100271.54033
BTC,2023-08-18,26623.41,26832.6,25619.0,26054.0,69790.65711
BTC,2023-08-19,26054.0,26281.0,25801.09,26100.01,26160.75343
BTC,2023-08-20,26100.01,26299.0,25971.05,26189.99,19056.91209
BTC,2023-08-21,26190.0,26258.42,25812.0,26126.92,30267.24233
BTC,2023-08-22,26126.92,26139.42,25300.0,26056.0,34247.06688
BTC,2023-08-23,26055.99,26819.27,25812.82,26432.72,44023.69978
BTC,2023-08-24,26432.71,26577.87,25864.0,26180.05,30205.22116
BTC,2023-08-25,26180.05,26314.05,25777.15,26060.01,27753.33772
BTC,2023-08-26,26060.0,26125.77,25985.92,26017.37,10022.22322
BTC,2023-08-27,26017.38,26182.23,25966.11,26101.77,12099.64216
BTC,2023-08-28,26101.78,26253.99,25864.5,26120.0,22692.62655
BTC,2023-08-29,26120.0,28142.85,25922.0,27716.34,74251.99488
BTC,2023-08-30,27716.34,27768.57,27017.24,27299.99,35448.25848
BTC,2023-08-31,27299.99,27587.51,25655.01,25940.78,51032.80401
BTC,2023-09-01,25940.77,26156.0,25333.75,25805.05,41032.15056
BTC,2023-09-02,25805.04,25987.5,25752.47,25869.51,16250.77698
BTC,2023-09-03,25869.52,26135.0,25800.0,25971.21,17474.47667
BTC,2023-09-04,25971.21,26108.02,25631.21,25826.02,21777.59609
BTC,2023-09-05,25826.03,25915.49,25562.62,25792.1,21323.39337
BTC,2023-09-06,25792.11,26040.0,25372.51,25759.95,27262.52386
BTC,2023-09-07,25759.95,26443.14,25615.38,26255.0,27687.49567
BTC,2023-09-08,26255.0,26445.5,25647.26,25910.5,28999.76471
BTC,2023-09-09,25910.5,25945.09,25796.64,25901.61,10980.62277
BTC,2023-09-10,25901.6,26033.66,25570.57,25841.61,18738.26914
BTC,2023-09-11,25841.6,25900.69,24901.0,25162.52,41682.32
BTC,2023-09-12,25162.53,26567.0,25131.48,25840.1,56434.38537
BTC,2023-09-13,25840.1,26405.22,25764.17,26222.0,31610.82753
BTC,2023-09-14,26222.0,26860.49,26126.77,26522.73,38333.1725
BTC,2023-09-15,26522.73,26888.0,26224.0,26600.0,26227.29369
BTC,2023-09-16,26599.99,26777.0,26445.0,26559.67,13960.93351
BTC,2023-09-17,26559.67,26623.25,26399.0,26527.51,12998.10277
BTC,2023-09-18,26527.5,27409.0,26377.35,26762.51,43000.43256
BTC,2023-09-19,26762.5,27483.57,26667.79,27210.26,36190.52187
BTC,2023-09-20,27210.25,27388.63,26800.0,27125.0,34207.21867
BTC,2023-09-21,27125.01,27159.6,26377.7,26568.08,34476.82662
BTC,2023-09-22,26568.08,26743.38,26468.77,26580.14,18198.2292
BTC,2023-09-23,26580.14,26632.81,26509.0,26575.96,9440.7026
BTC,2023-09-24,26575.97,26738.54,26122.08,26248.38,15706.65771
BTC,2023-09-25,26248.39,26446.15,25990.46,26304.81,26266.2039
BTC,2023-09-26,26304.8,26397.46,26088.34,26221.67,18495.35066
BTC,2023-09-27,26221.68,26850.0,26112.06,26372.99,34771.57978
BTC,2023-09-28,26373.0,27308.48,26342.4,27021.39,44517.83491
BTC,2023-09-29,27021.39,27244.89,26665.16,26906.96,28478.76219
BTC,2023-09-30,26906.96,27094.99,26886.31,26962.56,12804.62307
BTC,2023-10-01,26962.57,28065.51,26954.09,27992.57,24602.81468
BTC,2023-10-02,27992.58,28580.0,27281.44,27494.51,57071.14241
BTC,2023-10-03,27494.51,27676.52,27160.5,27426.46,28928.96555
BTC,2023-10-04,27426.45,27839.72,27202.0,27778.57,29816.142
BTC,2023-10-05,27778.57,28120.39,27352.0,27410.39,30681.49619
BTC,2023-10-06,27410.39,28295.0,27175.94,27931.09,37983.24277
BTC,2023-10-07,27931.1,28029.67,27842.08,27956.67,13348.83825
BTC,2023-10-08,27956.67,28095.14,27687.5,27917.05,19693.56921
BTC,2023-10-09,27917.06,27987.93,27260.0,27590.12,31534.74639
BTC,2023-10-10,27590.12,27735.0,27298.0,27390.12,22776.84383
BTC,2023-10-11,27390.12,27477.39,26538.66,26875.52,37349.44706
BTC,2023-10-12,26875.52,26947.04,26555.0,26759.63,23428.64112
BTC,2023-10-13,26759.63,27130.0,26685.0,26862.0,24115.76499
BTC,2023-10-14,26862.0,26989.58,26789.0,26852.48,10417.25576
BTC,2023-10-15,26852.48,27293.33,26808.25,27154.15,15274.6917
BTC,2023-10-16,27154.14,30000.0,27112.66,28500.78,78399.22445
BTC,2023-10-17,28500.77,28613.65,28069.32,28395.91,38428.44532
BTC,2023-10-18,28395.91,28982.36,28142.87,28320.0,32162.47591
BTC,2023-10-19,28320.0,28916.89,28100.66,28713.71,35895.50179
BTC,2023-10-20,28713.71,30207.55,28578.29,29669.04,59422.0992
BTC,2023-10-21,29669.05,30379.99,29464.77,29909.8,27517.51897
BTC,2023-10-22,29909.8,30248.0,29640.0,29992.46,22852.54563
BTC,2023-10-23,29992.46,34741.91,29883.6,33069.99,93513.64246
BTC,2023-10-24,33069.99,35280.0,32832.34,33922.73,115265.02418
BTC,2023-10-25,33922.73,35132.85,33679.05,34496.05,54887.02529
BTC,2023-10-26,34496.05,34824.13,33751.0,34151.66,39744.66255
BTC,2023-10-27,34151.66,34245.0,33390.95,33892.02,32330.40106
BTC,2023-10-28,33892.01,34493.33,33860.0,34081.0,16880.13144
BTC,2023-10-29,34081.01,34750.11,33930.0,34525.89,20685.52176
BTC,2023-10-30,34525.88,34856.0,34062.84,34474.73,33657.95976
BTC,2023-10-31,34474.74,34720.49,34025.0,34639.77,32737.89822
BTC,2023-11-01,34639.78,35582.0,34097.39,35421.43,53473.28165
BTC,2023-11-02,35421.43,35984.99,34300.0,34941.59,48015.57732
BTC,2023-11-03,34941.58,34946.5,34120.0,34716.78,39071.20644
BTC,2023-11-04,34716.78,35255.0,34585.18,35062.07,18377.55545
BTC,2023-11-05,35062.06,35380.0,34448.0,35011.88,24528.73376
BTC,2023-11-06,35011.89,35276.33,34725.9,35046.09,22346.47086
BTC,2023-11-07,35046.09,35888.0,34523.06,35399.12,38688.73692
BTC,2023-11-08,35399.13,36106.0,35100.0,35624.72,33401.34137
BTC,2023-11-09,35624.72,37972.24,35534.05,36701.09,82537.88885
BTC,2023-11-10,36701.1,37526.0,36324.71,37301.63,43414.04898
BTC,2023-11-11,37301.63,37408.26,36666.93,37130.0,22984.97235
BTC,2023-11-12,37129.99,37222.22,36731.1,37064.13,17687.18874
BTC,2023-11-13,37064.13,37417.99,36333.0,36462.93,32798.18252
BTC,2023-11-14,36462.93,36744.0,34800.0,35551.19,45503.68416
BTC,2023-11-15,35551.2,37980.0,35360.0,37858.2,53569.13385
BTC,2023-11-16,37858.2,37929.54,35500.0,36163.51,47490.39566
BTC,2023-11-17,36163.51,36800.0,35861.1,36613.92,38283.61112
BTC,2023-11-18,36613.91,36845.49,36178.58,36568.1,17102.24186
BTC,2023-11-19,36568.11,37500.0,36384.02,37359.86,21246.34648
BTC,2023-11-20,37359.85,37750.0,36677.0,37448.78,36022.70291
BTC,2023-11-21,37448.79,37649.44,35735.0,35741.65,47646.54804
BTC,2023-11-22,35741.65,37861.1,35632.01,37408.34,45051.30697
BTC,2023-11-23,37408.35,37653.44,36870.0,37294.28,23827.92882
BTC,2023-11-24,37294.27,38414.0,37251.51,37713.57,44680.80646
BTC,2023-11-25,37713.57,37888.0,37591.1,37780.67,11396.14464
BTC,2023-11-26,37780.67,37814.63,37150.0,37447.43,21264.53723
BTC,2023-11-27,37447.42,37569.23,36707.0,37242.7,30001.07376
BTC,2023-11-28,37242.7,38377.0,36868.41,37818.87,37544.46667
BTC,2023-11-29,37818.88,38450.0,37570.0,37854.64,32994.19107
BTC,2023-11-30,37854.65,38145.85,37500.0,37723.96,24740.29147
BTC,2023-12-01,37723.97,38999.0,37615.86,38682.52,43415.66324
BTC,2023-12-02,38682.51,39717.14,38641.61,39450.35,26696.92161
BTC,2023-12-03,39450.35,40250.0,39274.86,39972.26,26710.65335
BTC,2023-12-04,39972.26,42420.0,39972.26,41991.1,79272.33059
BTC,2023-12-05,41991.1,44488.0,41414.0,44073.32,67490.74644
BTC,2023-12-06,44073.82,44297.21,43335.28,43762.69,51431.10492
BTC,2023-12-07,43762.69,44047.33,42821.1,43273.14,47103.26845
BTC,2023-12-08,43273.15,44700.0,43081.1,44170.99,42900.37556
BTC,2023-12-09,44171.0,44358.02,43584.51,43713.6,24925.97008
BTC,2023-12-10,43713.59,44049.0,43563.0,43789.51,18956.61758
BTC,2023-12-11,43789.5,43804.5,40222.0,41253.4,76663.89804
BTC,2023-12-12,41253.41,42104.12,40680.0,41492.39,42722.69773
BTC,2023-12-13,41492.38,43475.2,40555.0,42869.03,45865.99773
BTC,2023-12-14,42869.03,43420.0,41400.0,43022.26,42047.05709
BTC,2023-12-15,43022.26,43080.81,41666.0,41940.3,33421.7932
BTC,2023-12-16,41940.29,42724.43,41605.0,42278.03,24118.85747
BTC,2023-12-17,42278.02,42424.07,41252.0,41374.65,27722.11452
BTC,2023-12-18,41374.64,42757.81,40542.93,42657.8,46734.0925
BTC,2023-12-19,42657.8,43497.0,41811.1,42275.99,40927.86444
BTC,2023-12-20,42275.99,44283.0,42206.0,43668.93,48710.2947
BTC,2023-12-21,43668.92,44242.35,43286.72,43861.8,34624.29384
BTC,2023-12-22,43861.79,44398.26,43412.54,43969.04,32783.19638
BTC,2023-12-23,43969.04,43988.68,43291.1,43702.16,16557.1293
BTC,2023-12-24,43702.15,43946.0,42500.0,42991.5,25144.33496
BTC,2023-12-25,42991.5,43802.32,42720.43,43576.13,27021.23992
BTC,2023-12-26,43576.12,43592.68,41637.6,42508.93,41010.04282
BTC,2023-12-27,42508.93,43677.0,42098.69,43428.85,36191.21136
BTC,2023-12-28,43428.86,43787.57,42241.79,42563.76,35150.52485
BTC,2023-12-29,42563.76,43111.0,41300.0,42066.95,42597.18912
BTC,2023-12-30,42066.94,42612.32,41520.3,42140.28,22906.57818
BTC,2023-12-31,42140.29,42899.0,41965.84,42283.58,23585.91603
BTC,2024-01-01,42283.58,44184.1,42180.77,44179.55,27174.29903
BTC,2024-01-02,44179.55,45879.63,44148.34,44946.91,65146.40661
BTC,2024-01-03,44946.91,45500.0,40750.0,42845.23,81194.55173
BTC,2024-01-04,42845.23,44729.58,42613.77,44151.1,48038.06334
BTC,2024-01-05,44151.1,44357.46,42450.0,44145.11,48075.25327
BTC,2024-01-06,44145.12,44214.42,43397.05,43968.32,17835.06144
BTC,2024-01-07,43968.32,44480.59,43572.09,43929.02,23023.8508
BTC,2024-01-08,43929.01,47248.99,43175.0,46951.04,72814.57589
BTC,2024-01-09,46951.04,47972.0,44748.67,46110.0,69927.66617
BTC,2024-01-10,46110.0,47695.93,44300.36,46653.99,89911.41203
BTC,2024-01-11,46654.0,48969.48,45606.06,46339.16,87470.3296
BTC,2024-01-12,46339.16,46515.53,41500.0,42782.73,86327.93707
BTC,2024-01-13,42782.74,43257.0,42436.12,42847.99,36118.47464
BTC,2024-01-14,42847.99,43079.0,41720.0,41732.35,28228.40894
BTC,2024-01-15,41732.35,43400.43,41718.05,42511.1,40269.89303
BTC,2024-01-16,42511.1,43578.01,42050.0,43137.95,45045.74589
BTC,2024-01-17,43137.94,43198.0,42200.69,42776.1,33266.21388
BTC,2024-01-18,42776.09,42930.0,40683.28,41327.5,43907.51641
BTC,2024-01-19,41327.51,42196.86,40280.0,41659.03,48342.74559
BTC,2024-01-20,41659.03,41872.56,41456.3,41696.04,15923.99493
BTC,2024-01-21,41696.05,41881.39,41500.98,41580.33,11730.16301
BTC,2024-01-22,41580.32,41689.65,39431.58,39568.02,55426.19911
BTC,2024-01-23,39568.02,40176.74,38555.0,39897.6,57956.63351
BTC,2024-01-24,39897.59,40555.0,39484.19,40084.88,39293.82861
BTC,2024-01-25,40084.89,40300.24,39550.0,39961.09,31022.11853
BTC,2024-01-26,39961.09,42246.82,39822.52,41823.51,47384.96726
BTC,2024-01-27,41823.51,42200.0,41394.34,42120.63,16224.41667
BTC,2024-01-28,42120.63,42842.68,41620.81,42031.06,27294.99838
BTC,2024-01-29,42031.05,43333.0,41804.88,43302.7,31542.74207
BTC,2024-01-30,43302.71,43882.36,42683.99,42941.1,37619.24546
BTC,2024-01-31,42941.1,43745.11,42276.84,42580.0,39871.13688
BTC,2024-02-01,42580.0,43285.13,41884.28,43082.94,35231.04664
BTC,2024-02-02,43082.95,43488.0,42546.79,43200.0,29672.14418
BTC,2024-02-03,43199.99,43380.01,42880.0,43011.09,12033.40998
BTC,2024-02-04,43011.1,43119.04,42222.0,42582.88,17066.89404
BTC,2024-02-05,42582.88,43569.76,42258.1,42708.7,29467.75905
BTC,2024-02-06,42708.7,43399.98,42574.0,43098.95,24675.85433
BTC,2024-02-07,43098.96,44396.5,42788.0,44349.6,34392.59915
BTC,2024-02-08,44349.6,45614.3,44331.1,45288.65,45439.62231
BTC,2024-02-09,45288.66,48200.0,45242.12,47132.77,73503.481
BTC,2024-02-10,47132.78,48170.0,46800.0,47751.09,24802.35936
BTC,2024-02-11,47751.08,48592.66,47557.16,48299.99,29958.80837
BTC,2024-02-12,48300.0,50334.82,47710.01,49917.27,59009.96705
BTC,2024-02-13,49917.28,50368.61,48300.95,49699.59,55551.56706
BTC,2024-02-14,49699.6,52043.71,49225.01,51795.17,57046.37401
BTC,2024-02-15,51795.17,52816.62,51314.0,51880.0,53816.03055
BTC,2024-02-16,51880.01,52572.08,51566.0,52124.11,37772.25318
BTC,2024-02-17,52124.1,52162.82,50625.0,51642.64,25674.00622
BTC,2024-02-18,51642.64,52377.0,51163.28,52137.67,21992.10363
BTC,2024-02-19,52137.68,52488.77,51677.0,51774.73,29534.99432
BTC,2024-02-20,51774.74,52985.0,50760.37,52258.82,49614.47318
BTC,2024-02-21,52258.82,52366.8,50625.0,51849.39,43079.40049
BTC,2024-02-22,51849.38,52065.78,50940.78,51288.42,35309.44574
BTC,2024-02-23,51288.42,51548.54,50521.0,50744.15,30545.79544
BTC,2024-02-24,50744.15,51698.0,50585.0,51568.22,16560.4211
BTC,2024-02-25,51568.21,51958.55,51279.8,51728.85,18721.63159
BTC,2024-02-26,51728.85,54910.0,50901.44,54476.47,51256.72199
BTC,2024-02-27,54476.48,57588.15,54450.13,57037.34,67194.98562
BTC,2024-02-28,57037.35,64000.0,56691.85,62432.1,118763.46984
BTC,2024-02-29,62432.11,63676.35,60364.7,61130.98,78425.07603
BTC,2024-03-01,61130.99,63114.23,60777.0,62387.9,47737.93473
BTC,2024-03-02,62387.9,62433.19,61561.12,61987.28,25534.73659
BTC,2024-03-03,61987.28,63231.88,61320.0,63113.97,28994.90903
BTC,2024-03-04,63113.97,68499.0,62300.0,68245.71,84835.16005
BTC,2024-03-05,68245.71,69000.0,59005.0,63724.01,132696.7813
BTC,2024-03-06,63724.01,67641.1,62779.14,66074.04,78738.85491
BTC,2024-03-07,66074.04,67980.0,65551.0,66823.17,53059.8869
BTC,2024-03-08,66823.18,69990.0,66082.66,68124.19,74261.932842
BTC,2024-03-09,68124.2,68541.1,67861.1,68313.27,19872.89743
BTC,2024-03-10,68313.28,69887.61,68094.75,68955.88,38404.66835
BTC,2024-03-11,68955.88,72800.0,67024.96,72078.1,75292.825726
BTC,2024-03-12,72078.1,73000.0,68620.82,71452.01,68783.546691
BTC,2024-03-13,71452.0,73650.25,71333.31,73072.41,52659.711647
BTC,2024-03-14,73072.4,73777.0,68555.0,71388.94,71757.628746
BTC,2024-03-15,71388.94,72419.71,65600.0,69499.85,103334.03546
BTC,2024-03-16,69499.84,70043.0,64780.0,65300.63,55926.95336
BTC,2024-03-17,65300.64,68904.4,64533.0,68393.48,49742.21589
BTC,2024-03-18,68393.47,68956.0,66565.2,67609.99,55691.08088
BTC,2024-03-19,67610.0,68124.11,61555.0,61937.4,101005.32487
BTC,2024-03-20,61937.41,68100.0,60775.0,67840.51,90420.58592
BTC,2024-03-21,67840.51,68240.47,64529.01,65501.27,53357.48002
BTC,2024-03-22,65501.28,66649.62,62260.0,63796.64,51482.37821
BTC,2024-03-23,63796.64,65999.0,63000.0,63990.01,26410.11409
BTC,2024-03-24,63990.02,67628.69,63772.29,67209.99,31395.78015
BTC,2024-03-25,67210.0,71150.0,66385.06,69880.01,53431.14486
BTC,2024-03-26,69880.0,71561.1,69280.0,69988.0,38934.38417
BTC,2024-03-27,69987.99,71769.54,68359.18,69469.99,49119.35685
BTC,2024-03-28,69469.99,71552.06,68903.62,70780.6,35439.03239
BTC,2024-03-29,70780.6,70916.16,69009.0,69850.54,25445.08353
BTC,2024-03-30,69850.53,70321.1,69540.0,69582.18,13644.61142
BTC,2024-03-31,69582.17,71366.0,69562.99,71280.01,19396.34433
BTC,2024-04-01,71280.0,71288.23,68062.86,69649.8,41445.32039
BTC,2024-04-02,69649.81,69674.23,64550.0,65463.99,71799.82793
BTC,2024-04-03,65463.99,66903.63,64493.07,65963.28,39887.21778
BTC,2024-04-04,65963.27,69309.91,65064.52,68487.79,41510.48453
BTC,2024-04-05,68487.8,68756.67,65952.56,67820.62,37915.23073
BTC,2024-04-06,67820.63,69692.0,67447.83,68896.0,20134.28919
BTC,2024-04-07,68896.0,70326.29,68824.0,69360.39,21534.74433
BTC,2024-04-08,69360.38,72797.99,69043.24,71620.0,45723.87624
BTC,2024-04-09,71620.0,71758.19,68210.0,69146.0,39293.90242
BTC,2024-04-10,69146.0,71172.08,67518.0,70631.08,42006.02377
BTC,2024-04-11,70631.08,71305.89,69567.21,70006.23,31917.25595
BTC,2024-04-12,70006.22,71227.46,65086.86,67116.52,56072.86229
BTC,2024-04-13,67116.52,67929.0,60660.57,63924.51,71395.22019
BTC,2024-04-14,63924.52,65840.0,62134.0,65661.84,61599.17818
BTC,2024-04-15,65661.85,66867.07,62274.4,63419.99,52389.53069
BTC,2024-04-16,63419.99,64365.0,61600.0,63793.39,53435.29331
BTC,2024-04-17,63793.4,64499.0,59678.16,61277.37,50610.54509
BTC,2024-04-18,61277.38,64117.09,60803.35,63470.08,43601.60918
BTC,2024-04-19,63470.09,65450.0,59600.01,63818.01,69774.30271
BTC,2024-04-20,63818.01,65419.0,63090.07,64940.59,23137.42975
BTC,2024-04-21,64940.58,65695.56,64237.5,64941.15,19316.42152
BTC,2024-04-22,64941.15,67232.35,64500.0,66819.32,31397.99371
BTC,2024-04-23,66819.32,67183.01,65765.81,66414.0,22599.90004
BTC,2024-04-24,66414.0,67070.43,63606.06,64289.59,33595.69637
BTC,2024-04-25,64289.58,65297.94,62794.0,64498.34,31341.46338
BTC,2024-04-26,64498.33,64820.01,63297.48,63770.01,27085.19346
BTC,2024-04-27,63770.0,63923.41,62391.24,63461.98,20933.06052
BTC,2024-04-28,63461.98,64370.0,62781.0,63118.62,16949.20005
BTC,2024-04-29,63118.62,64228.35,61765.53,63866.0,28150.22947
BTC,2024-04-30,63866.0,64734.0,59191.6,60672.0,54947.65535
BTC,2024-05-01,60672.01,60841.63,56552.82,58364.97,81166.46823
BTC,2024-05-02,58364.97,59625.0,56911.84,59060.61,47583.81961
BTC,2024-05-03,59060.6,63333.0,58811.32,62882.01,43628.40143
BTC,2024-05-04,62882.01,64540.0,62541.03,63892.04,24368.69282
BTC,2024-05-05,63892.03,64646.0,62822.17,64012.0,18526.75029
BTC,2024-05-06,64012.0,65500.0,62700.0,63165.19,34674.91949
BTC,2024-05-07,63165.18,64422.41,62261.0,62312.08,25598.79472
BTC,2024-05-08,62312.07,63020.22,60888.0,61193.03,26121.19004
BTC,2024-05-09,61193.03,63429.03,60630.0,63074.01,30660.8061
BTC,2024-05-10,63074.0,63469.13,60187.12,60799.99,36529.34025
BTC,2024-05-11,60799.99,61515.0,60487.09,60825.99,13374.56936
BTC,2024-05-12,60825.99,61888.0,60610.0,61483.99,12753.13236
BTC,2024-05-13,61484.0,63450.0,60749.21,62940.08,32733.41839
BTC,2024-05-14,62940.09,63118.36,61142.77,61577.49,29088.72041
BTC,2024-05-15,61577.49,66444.16,61319.47,66206.5,43559.74719
BTC,2024-05-16,66206.51,66752.01,64602.77,65235.21,31106.3671
BTC,2024-05-17,65235.21,67451.2,65106.38,67024.0,26292.23409
BTC,2024-05-18,67024.0,67400.01,66600.0,66915.2,14441.25774
BTC,2024-05-19,66915.2,67700.0,65857.25,66274.01,18025.30409
BTC,2024-05-20,66274.0,71515.56,66060.31,71446.62,50816.7011
BTC,2024-05-21,71446.62,71979.0,69162.94,70148.34,49607.4336
BTC,2024-05-22,70148.34,70666.0,68842.19,69166.62,27673.18026
BTC,2024-05-23,69166.62,70096.12,66312.16,67969.65,40513.17374
BTC,2024-05-24,67969.66,69250.0,66600.12,68549.99,28095.83664
BTC,2024-05-25,68549.99,69610.0,68500.0,69290.57,12130.39418
BTC,2024-05-26,69290.56,69562.23,68128.01,68507.67,11872.11797
BTC,2024-05-27,68507.67,70687.56,68250.0,69436.43,23136.92737
BTC,2024-05-28,69436.43,69591.81,67277.91,68398.39,32622.97042
BTC,2024-05-29,68398.4,68935.68,67124.65,67652.42,23159.83149
BTC,2024-05-30,67652.41,69500.0,67128.0,68352.17,28478.2184
BTC,2024-05-31,68352.17,69044.1,66670.0,67540.01,26690.32184
BTC,2024-06-01,67540.01,67900.0,67428.44,67766.85,8837.66133
BTC,2024-06-02,67766.84,68460.0,67257.47,67765.63,15426.32529
BTC,2024-06-03,67765.62,70288.0,67612.48,68809.9,29633.374
BTC,2024-06-04,68809.89,71063.45,68567.32,70537.84,29619.78489
BTC,2024-06-05,70537.83,71758.0,70383.66,71108.0,28703.18082
BTC,2024-06-06,71108.0,71700.0,70117.64,70799.06,21842.00449
BTC,2024-06-07,70799.06,71997.02,68420.0,69355.6,35598.45045
BTC,2024-06-08,69355.6,69582.2,69168.02,69310.46,9773.82967
BTC,2024-06-09,69310.46,69857.14,69130.24,69648.14,9890.56709
BTC,2024-06-10,69648.15,70195.94,69172.29,69540.0,17122.66941
BTC,2024-06-11,69540.0,69590.01,66051.0,67314.24,41436.01588
BTC,2024-06-12,67314.23,69999.0,66905.0,68263.99,37175.32356
BTC,2024-06-13,68263.98,68449.3,66251.78,66773.01,29079.55571
BTC,2024-06-14,66773.01,67370.24,65078.0,66043.99,28408.18797
BTC,2024-06-15,66043.99,66478.48,65857.1,66228.25,11451.80242
BTC,2024-06-16,66228.25,66998.7,66034.5,66676.87,9392.52223
BTC,2024-06-17,66676.86,67298.81,65130.0,66504.33,27386.16851
BTC,2024-06-18,66504.33,66588.23,64060.0,65175.32,42350.10244
BTC,2024-06-19,65175.32,65727.54,64666.0,64974.37,20060.79576
BTC,2024-06-20,64974.37,66482.94,64559.15,64869.99,24265.29031
BTC,2024-06-21,64869.99,65066.66,63379.35,64143.56,25993.56442
BTC,2024-06-22,64143.56,64546.81,63943.82,64262.01,7308.95542
BTC,2024-06-23,64262.01,64521.0,63178.32,63210.01,8224.45447
BTC,2024-06-24,63210.01,63369.8,58402.0,60293.3,52161.35414
BTC,2024-06-25,60293.3,62420.0,60257.06,61806.01,31189.24361
BTC,2024-06-26,61806.01,62487.81,60712.0,60864.99,22485.66463
BTC,2024-06-27,60864.98,62389.22,60606.63,61706.47,18344.28631
BTC,2024-06-28,61706.46,62225.31,60063.0,60427.84,24821.19255
BTC,2024-06-29,60427.84,61224.0,60383.77,60986.68,11509.55904
BTC,2024-06-30,60986.68,63058.76,60712.21,62772.01,17326.30136
BTC,2024-07-01,62772.01,63861.76,62497.2,62899.99,24547.10538
BTC,2024-07-02,62900.0,63288.83,61806.28,62135.47,18573.11875
BTC,2024-07-03,62135.46,62285.94,59400.0,60208.58,32160.11127
BTC,2024-07-04,60208.57,60498.19,56771.0,57050.01,54568.77276
BTC,2024-07-05,57050.02,57546.0,53485.93,56628.79,81348.24756
BTC,2024-07-06,56628.79,58475.0,56018.0,58230.13,21651.31558
BTC,2024-07-07,58230.13,58449.46,55724.37,55857.81,19118.93918
BTC,2024-07-08,55857.81,58236.73,54260.16,56714.62,48090.2049
BTC,2024-07-09,56714.61,58296.0,56289.45,58050.0,27732.20788
BTC,2024-07-10,58050.0,59470.0,57157.79,57725.85,24951.73799
BTC,2024-07-11,57725.85,59650.0,57050.0,57339.89,29761.05735
BTC,2024-07-12,57339.89,58526.68,56542.47,57889.1,23652.4569
BTC,2024-07-13,57889.09,59850.0,57756.63,59204.02,15357.74519
BTC,2024-07-14,59204.01,61420.69,59194.01,60797.91,21178.33907
BTC,2024-07-15,60797.91,64900.0,60632.3,64724.14,38690.9782
BTC,2024-07-16,64724.06,65388.97,62373.24,65043.99,42530.52915
BTC,2024-07-17,65044.0,66128.63,63854.0,64087.99,29567.52954
BTC,2024-07-18,64087.99,65133.3,63238.48,63987.92,22568.7225
BTC,2024-07-19,63987.92,67386.0,63300.67,66660.0,35634.72739
BTC,2024-07-20,66660.01,67598.0,66222.46,67139.96,14386.92434
BTC,2024-07-21,67139.97,68366.66,65777.0,68165.34,21819.11191
BTC,2024-07-22,68165.35,68474.55,66559.97,67532.01,21451.04303
BTC,2024-07-23,67532.0,67750.98,65441.08,65936.01,31406.15316
BTC,2024-07-24,65936.0,67102.01,65111.0,65376.0,23082.56277
BTC,2024-07-25,65376.01,66175.49,63456.7,65799.95,35126.42934
BTC,2024-07-26,65799.95,68200.0,65722.63,67907.99,24244.36023
BTC,2024-07-27,67908.0,69399.99,66650.0,67896.5,31710.21921
BTC,2024-07-28,67896.49,68318.43,67066.66,68249.88,10868.69394
BTC,2024-07-29,68249.88,70079.99,66428.0,66784.69,36467.29633
BTC,2024-07-30,66784.68,67000.0,65302.67,66188.0,23132.25441
BTC,2024-07-31,66188.0,66849.24,64530.0,64628.0,22625.43905
BTC,2024-08-01,64628.01,65659.78,62302.0,65354.02,35542.26854
BTC,2024-08-02,65354.02,65596.14,61230.01,61498.33,38820.42937
BTC,2024-08-03,61498.34,62198.22,59850.0,60697.99,28034.71567
BTC,2024-08-04,60697.99,61117.63,57122.77,58161.0,31616.52003
BTC,2024-08-05,58161.0,58305.59,49000.0,54018.81,162065.59186
BTC,2024-08-06,54018.82,57040.99,53950.0,56022.01,55884.77676
BTC,2024-08-07,56022.0,57736.05,54558.62,55134.16,44269.37684
BTC,2024-08-08,55133.76,62745.14,54730.0,61685.99,48349.52949
BTC,2024-08-09,61686.0,61744.37,59535.0,60837.99,30972.48017
BTC,2024-08-10,60837.99,61470.58,60242.0,60923.51,9995.20621
BTC,2024-08-11,60923.51,61858.0,58286.73,58712.59,19189.84512
BTC,2024-08-12,58712.59,60711.09,57642.21,59346.64,37009.91743
BTC,2024-08-13,59346.64,61578.1,58392.88,60587.15,27858.95851
BTC,2024-08-14,60587.16,61800.0,58433.18,58683.39,28422.76326
BTC,2024-08-15,58683.39,59849.38,56078.54,57541.06,37686.17622
BTC,2024-08-16,57541.05,59817.76,57098.62,58874.6,27610.84344
BTC,2024-08-17,58874.59,59700.0,58785.05,59491.99,7721.72931
BTC,2024-08-18,59491.99,60284.99,58408.92,58427.35,13634.85717
BTC,2024-08-19,58427.35,59617.63,57787.3,59438.5,22809.31251
BTC,2024-08-20,59438.5,61400.0,58548.23,59013.8,31477.44548
BTC,2024-08-21,59013.8,61820.93,58783.47,61156.03,27983.6422
BTC,2024-08-22,61156.03,61400.0,59724.87,60375.84,21241.20588
BTC,2024-08-23,60375.83,64955.0,60342.14,64037.24,38118.07089
BTC,2024-08-24,64037.24,64494.5,63531.0,64157.01,15857.15616
BTC,2024-08-25,64157.02,65000.0,63773.27,64220.0,12305.47977
BTC,2024-08-26,64219.99,64481.0,62800.0,62834.0,19470.05276
BTC,2024-08-27,62834.0,63212.0,58034.01,59415.0,35135.94178
BTC,2024-08-28,59415.0,60234.98,57860.0,59034.9,36868.54275
BTC,2024-08-29,59034.9,61166.99,58713.09,59359.01,27020.90743
BTC,2024-08-30,59359.0,59944.07,57701.1,59123.99,28519.32195
BTC,2024-08-31,59123.99,59462.38,58744.0,58973.99,8798.409
BTC,2024-09-01,58974.0,59076.59,57201.0,57301.86,20705.15741
BTC,2024-09-02,57301.77,59425.69,57128.0,59132.13,22895.01461
BTC,2024-09-03,59132.12,59809.65,57415.0,57487.73,22828.18447
BTC,2024-09-04,57487.74,58519.0,55606.0,57970.9,35560.82146
BTC,2024-09-05,57970.9,58327.07,55643.65,56180.0,27806.91413
BTC,2024-09-06,56180.0,57008.0,52550.0,53962.97,54447.76826
BTC,2024-09-07,53962.97,54850.0,53745.54,54160.86,16694.04774
BTC,2024-09-08,54160.86,55318.0,53629.01,54869.95,16274.14779
BTC,2024-09-09,54869.95,58088.0,54591.96,57042.0,32384.51737
BTC,2024-09-10,57042.01,58044.36,56386.4,57635.99,23626.78126
BTC,2024-09-11,57635.99,57981.71,55545.19,57338.0,33026.56757
BTC,2024-09-12,57338.0,58588.0,57324.0,58132.32,31074.40631
BTC,2024-09-13,58132.31,60625.0,57632.62,60498.0,29825.23333
BTC,2024-09-14,60497.99,60610.45,59400.0,59993.03,12137.90901
BTC,2024-09-15,59993.02,60395.8,58691.05,59132.0,13757.92361
BTC,2024-09-16,59132.0,59210.7,57493.3,58213.99,26477.5642
BTC,2024-09-17,58213.99,61320.0,57610.01,60313.99,33116.25878
BTC,2024-09-18,60313.99,61786.24,59174.8,61759.99,36087.02469
BTC,2024-09-19,61759.98,63850.0,61555.0,62947.99,34332.52608
BTC,2024-09-20,62948.0,64133.32,62350.0,63201.05,25466.37794
BTC,2024-09-21,63201.05,63559.9,62758.0,63348.96,8375.34608
BTC,2024-09-22,63348.97,64000.0,62357.93,63578.76,14242.19892
BTC,2024-09-23,63578.76,64745.88,62538.75,63339.99,24078.05287
BTC,2024-09-24,63339.99,64688.0,62700.0,64262.7,23185.04759
BTC,2024-09-25,64262.7,64817.99,62947.08,63152.01,17813.11168
BTC,2024-09-26,63152.01,65839.0,62670.0,65173.99,28373.30593
BTC,2024-09-27,65173.99,66498.0,64819.9,65769.95,22048.80487
BTC,2024-09-28,65769.95,66260.0,65422.23,65858.0,9127.23316
BTC,2024-09-29,65858.0,66076.12,65432.0,65602.01,8337.74111
BTC,2024-09-30,65602.01,65618.8,62856.3,63327.59,30011.08752
BTC,2024-10-01,63327.6,64130.63,60164.0,60805.78,43671.48108
BTC,2024-10-02,60804.92,62390.31,60000.0,60649.28,31534.70118
BTC,2024-10-03,60649.27,61477.19,59828.11,60752.71,26221.43472
BTC,2024-10-04,60752.72,62484.85,60459.9,62086.0,21294.65994
BTC,2024-10-05,62086.0,62370.56,61689.26,62058.0,7807.46141
BTC,2024-10-06,62058.01,62975.0,61798.97,62819.91,8906.86177
BTC,2024-10-07,62819.91,64478.19,62128.0,62224.0,25966.1852
BTC,2024-10-08,62224.01,63200.0,61860.31,62160.49,19702.22371
BTC,2024-10-09,62160.5,62543.75,60301.0,60636.02,20011.15684
BTC,2024-10-10,60636.01,61321.68,58946.0,60326.39,23967.92481
BTC,2024-10-11,60326.4,63417.56,60087.64,62540.0,23641.35209
BTC,2024-10-12,62539.99,63480.0,62487.23,63206.22,10911.30116
BTC,2024-10-13,63206.23,63285.72,62050.0,62870.02,11909.21995
BTC,2024-10-14,62870.02,66500.0,62457.81,66083.99,37669.95222
BTC,2024-10-15,66084.0,67950.0,64800.01,67074.14,43683.95423
BTC,2024-10-16,67074.14,68424.0,66750.49,67620.01,29938.25544
BTC,2024-10-17,67620.0,67939.4,66666.0,67421.78,25328.22861
BTC,2024-10-18,67421.78,69000.0,67192.36,68428.0,28725.635
BTC,2024-10-19,68427.99,68693.26,68010.0,68378.0,8193.66737
BTC,2024-10-20,68377.99,69400.0,68100.0,69031.99,12442.47378
BTC,2024-10-21,69032.0,69519.52,66840.67,67377.5,31374.42184
BTC,2024-10-22,67377.5,67836.01,66571.42,67426.0,24598.96268
BTC,2024-10-23,67426.01,67472.83,65260.0,66668.65,25530.2407
BTC,2024-10-24,66668.65,68850.0,66510.0,68198.28,22589.83877
BTC,2024-10-25,68198.27,68771.49,65596.29,66698.33,34479.71125
BTC,2024-10-26,66698.32,67454.55,66439.9,67092.76,11842.9077
BTC,2024-10-27,67092.76,68332.05,66913.73,68021.7,8653.19592
BTC,2024-10-28,68021.69,70270.0,67618.0,69962.21,29046.75459
BTC,2024-10-29,69962.21,73620.12,69760.0,72736.42,50128.60594
BTC,2024-10-30,72736.41,72961.0,71436.0,72344.74,26885.99056
BTC,2024-10-31,72344.75,72700.0,69685.76,70292.01,29352.10297
BTC,2024-11-01,70292.01,71632.95,68820.14,69496.01,38301.86755
BTC,2024-11-02,69496.0,69914.37,69000.14,69374.74,10521.67243
BTC,2024-11-03,69374.74,69391.0,67478.73,68775.99,24995.70243
BTC,2024-11-04,68775.99,69500.0,66835.0,67850.01,29800.39187
BTC,2024-11-05,67850.01,70577.91,67476.63,69372.01,33355.06888
BTC,2024-11-06,69372.01,76400.0,69298.0,75571.99,104126.994787
BTC,2024-11-07,75571.99,76849.99,74416.0,75857.89,44869.422345
BTC,2024-11-08,75857.89,77199.99,75555.0,76509.78,36521.099583
BTC,2024-11-09,76509.78,76900.0,75714.66,76677.46,16942.07915
BTC,2024-11-10,76677.46,81500.0,76492.0,80370.01,61830.100435
BTC,2024-11-11,80370.01,89530.54,80216.01,88647.99,82323.665776
BTC,2024-11-12,88648.0,89940.0,85072.0,87952.01,97299.887911
BTC,2024-11-13,87952.0,93265.64,86127.99,90375.2,86763.854127
BTC,2024-11-14,90375.21,91790.0,86668.21,87325.59,56729.51086
BTC,2024-11-15,87325.59,91850.0,87073.38,91032.07,47927.95068
BTC,2024-11-16,91032.08,91779.66,90056.17,90586.92,22717.87689
BTC,2024-11-17,90587.98,91449.99,88722.0,89855.99,23867.55609
BTC,2024-11-18,89855.98,92594.0,89376.9,90464.08,46545.03448
BTC,2024-11-19,90464.07,93905.51,90357.0,92310.79,43660.04682
BTC,2024-11-20,92310.8,94831.97,91500.0,94286.56,42203.198712
BTC,2024-11-21,94286.56,98988.0,94040.0,98317.12,69228.360477
BTC,2024-11-22,98317.12,99588.01,97122.11,98892.0,46189.309243
BTC,2024-11-23,98892.0,98908.85,97136.0,97672.4,24757.84367
BTC,2024-11-24,97672.4,98564.0,95734.77,97900.04,31200.97838
BTC,2024-11-25,97900.05,98871.8,92600.19,93010.01,50847.45096
BTC,2024-11-26,93010.01,94973.37,90791.1,91965.16,57858.73138
BTC,2024-11-27,91965.16,97208.21,91792.14,95863.11,41153.42734
BTC,2024-11-28,95863.11,96564.0,94640.0,95643.98,28814.54357
BTC,2024-11-29,95643.99,98619.99,95364.99,97460.0,27701.78231
BTC,2024-11-30,97460.0,97463.95,96092.01,96407.99,14503.83306
BTC,2024-12-01,96407.99,97836.0,95693.88,97185.18,16938.60452
BTC,2024-12-02,97185.17,98130.0,94395.0,95840.62,37958.66981
BTC,2024-12-03,95840.61,96305.52,93578.17,95849.69,35827.32283
BTC,2024-12-04,95849.69,99000.0,94587.83,98587.32,43850.53728
BTC,2024-12-05,98587.32,104088.0,90500.0,96945.63,109921.729662
BTC,2024-12-06,96945.63,101898.99,95981.72,99740.84,45049.5331
BTC,2024-12-07,99740.84,100439.18,98844.0,99831.99,14931.9459
BTC,2024-12-08,99831.99,101351.0,98657.7,101109.59,14612.99688
BTC,2024-12-09,101109.6,101215.93,94150.05,97276.47,53949.11595
BTC,2024-12-10,97276.48,98270.0,94256.54,96593.0,51708.68933
BTC,2024-12-11,96593.0,101888.0,95658.24,101125.0,37753.78291
BTC,2024-12-12,101125.0,102540.0,99311.64,100004.29,29232.08745
BTC,2024-12-13,100004.29,101895.26,99205.0,101424.25,21904.03923
BTC,2024-12-14,101424.24,102650.0,100609.41,101420.0,14191.70326
BTC,2024-12-15,101420.0,105250.0,101237.14,104463.99,22228.921775
BTC,2024-12-16,104463.99,107793.07,103333.0,106058.66,41302.40274
BTC,2024-12-17,106058.65,108353.0,105321.49,106133.74,29064.936466
BTC,2024-12-18,106133.74,106524.98,100000.0,100204.01,50307.99755
BTC,2024-12-19,100204.01,102800.11,95700.0,97461.86,55147.398
BTC,2024-12-20,97461.86,98233.0,92232.54,97805.44,62884.1357
BTC,2024-12-21,97805.44,99540.61,96398.39,97291.99,23483.54143
BTC,2024-12-22,97292.0,97448.08,94250.35,95186.27,19353.83036
BTC,2024-12-23,95186.28,96538.92,92520.0,94881.47,32810.76703
BTC,2024-12-24,94881.47,99487.99,93569.02,98663.58,23674.22488
BTC,2024-12-25,98663.58,99569.15,97632.02,99429.6,14474.1651
BTC,2024-12-26,99429.61,99963.7,95199.14,95791.6,21192.36727
BTC,2024-12-27,95791.6,97544.58,93500.01,94299.03,26501.26429
BTC,2024-12-28,94299.03,95733.99,94135.66,95300.0,8385.8929
BTC,2024-12-29,95300.0,95340.0,93009.52,93738.2,13576.00578
BTC,2024-12-30,93738.19,95024.5,91530.45,92792.05,27619.4225
BTC,2024-12-31,92792.05,96250.0,92033.73,93576.0,19612.03389
BTC,2025-01-01,93576.0,95151.15,92888.0,94591.79,10373.32613
BTC,2025-01-02,94591.78,97839.5,94392.0,96984.79,21970.48948
BTC,2025-01-03,96984.79,98976.91,96100.01,98174.18,15253.82936
BTC,2025-01-04,98174.17,98778.43,97514.79,98220.5,8990.05651
BTC,2025-01-05,98220.51,98836.85,97276.79,98363.61,8095.63723
BTC,2025-01-06,98363.61,102480.0,97920.0,102235.6,25263.43375
BTC,2025-01-07,102235.6,102724.38,96181.81,96954.61,32059.87537
BTC,2025-01-08,96954.6,97268.65,92500.9,95060.61,33704.67894
BTC,2025-01-09,95060.61,95382.32,91203.67,92552.49,34544.83685
BTC,2025-01-10,92552.49,95836.0,92206.02,94726.11,31482.86424
BTC,2025-01-11,94726.1,95050.94,93831.73,94599.99,7047.9043
BTC,2025-01-12,94599.99,95450.1,93711.19,94545.06,8606.86622
BTC,2025-01-13,94545.07,95940.0,89256.69,94536.1,42619.56423
BTC,2025-01-14,94536.11,97371.0,94346.22,96560.86,27846.61753
BTC,2025-01-15,96560.85,100681.94,96500.0,100497.35,30509.99179
BTC,2025-01-16,100497.35,100866.66,97335.13,99987.3,27832.85317
BTC,2025-01-17,99987.3,105865.22,99950.77,104077.48,39171.85292
BTC,2025-01-18,104077.47,104988.88,102277.55,104556.23,24307.82998
BTC,2025-01-19,104556.23,106422.43,99651.6,101331.57,43397.28298
BTC,2025-01-20,101331.57,109588.0,99550.0,102260.01,89529.231732
BTC,2025-01-21,102260.0,107240.81,100119.04,106143.82,45941.02002
BTC,2025-01-22,106143.82,106394.46,103339.12,103706.66,22248.69254
BTC,2025-01-23,103706.66,106850.0,101262.28,103910.34,53953.12031
BTC,2025-01-24,103910.35,107120.0,102750.0,104870.5,23609.24017
BTC,2025-01-25,104870.51,105286.52,104106.09,104746.85,9068.32377
BTC,2025-01-26,104746.86,105500.0,102520.44,102620.0,9812.51238
BTC,2025-01-27,102620.01,103260.0,97777.77,102082.83,50758.1341
BTC,2025-01-28,102082.83,103800.0,100272.68,101335.52,22022.05765
BTC,2025-01-29,101335.52,104782.68,101328.01,103733.24,23155.35802
BTC,2025-01-30,103733.25,106457.44,103278.54,104722.94,19374.07472
BTC,2025-01-31,104722.94,106012.0,101560.0,102429.56,21983.18193
BTC,2025-02-01,102429.56,102783.71,100279.51,100635.65,12290.95747
BTC,2025-02-02,100635.66,101456.6,96150.0,97700.59,34619.49939
BTC,2025-02-03,97700.59,102500.01,91231.0,101328.52,75164.7385
BTC,2025-02-04,101328.51,101732.31,96150.0,97763.13,40267.98697
BTC,2025-02-05,97763.14,99149.0,96155.0,96612.43,26233.30444
BTC,2025-02-06,96612.44,99120.0,95676.64,96554.35,23515.20405
BTC,2025-02-07,96554.35,100137.99,95620.34,96506.8,31794.22065
BTC,2025-02-08,96506.8,96880.0,95688.0,96444.74,10147.24294
BTC,2025-02-09,96444.75,97323.09,94713.0,96462.75,14120.91613
BTC,2025-02-10,96462.75,98345.0,95256.0,97430.82,20572.87537
BTC,2025-02-11,97430.82,98478.42,94876.88,95778.2,18647.76379
BTC,2025-02-12,95778.21,98119.99,94088.23,97869.99,29151.16625
BTC,2025-02-13,97870.0,98083.91,95217.36,96608.14,19921.77616
BTC,2025-02-14,96608.13,98826.0,96252.82,97500.48,18173.02646
BTC,2025-02-15,97500.47,97972.26,97223.58,97569.66,7349.37683
BTC,2025-02-16,97569.67,97704.47,96046.18,96118.12,8191.4249
BTC,2025-02-17,96118.12,97046.59,95205.0,95780.0,16492.0451
BTC,2025-02-18,95780.01,96753.91,93388.09,95671.74,23368.19471
BTC,2025-02-19,95671.74,96899.99,95029.99,96644.37,16438.50954
BTC,2025-02-20,96644.37,98711.36,96415.09,98305.0,17057.39177
BTC,2025-02-21,98305.01,99475.0,94871.95,96181.98,32249.2814
BTC,2025-02-22,96181.99,96980.0,95770.49,96551.01,11268.17708
BTC,2025-02-23,96551.01,96650.0,95227.94,96258.0,10884.84913
BTC,2025-02-24,96258.0,96500.0,91349.26,91552.88,31550.10299
BTC,2025-02-25,91552.88,92540.69,86050.99,88680.4,78333.11111
BTC,2025-02-26,88680.39,89414.15,82256.01,84250.09,56893.54409
BTC,2025-02-27,84250.09,87078.46,82716.49,84708.58,42505.45439
BTC,2025-02-28,84708.57,85120.0,78258.52,84349.94,83648.03969
BTC,2025-03-01,84349.95,86558.0,83824.78,86064.53,25785.05464
BTC,2025-03-02,86064.54,95000.0,85050.6,94270.0,54889.09045
BTC,2025-03-03,94269.99,94416.46,85117.11,86220.61,59171.10218
BTC,2025-03-04,86221.16,88967.52,81500.0,87281.98,55609.10706
BTC,2025-03-05,87281.98,91000.0,86334.53,90606.01,38264.01163
BTC,2025-03-06,90606.0,92810.64,87836.0,89931.89,34342.44902
BTC,2025-03-07,89931.88,91283.02,84667.03,86801.75,57980.35713
BTC,2025-03-08,86801.74,86897.25,85218.47,86222.45,12989.23054
BTC,2025-03-09,86222.46,86500.0,80000.0,80734.37,26115.39345
BTC,2025-03-10,80734.48,84123.46,77459.91,78595.86,47633.38405
BTC,2025-03-11,78595.86,83617.4,76606.0,82932.99,48770.06853
BTC,2025-03-12,82932.99,84539.85,80607.65,83680.12,31933.986
BTC,2025-03-13,83680.12,84336.33,79939.9,81115.78,27546.27412
BTC,2025-03-14,81115.78,85309.71,80818.84,83983.2,26858.52755
BTC,2025-03-15,83983.19,84676.28,83618.0,84338.44,11324.7332
BTC,2025-03-16,84338.44,85117.04,81981.12,82574.53,17596.12531
BTC,2025-03-17,82574.52,84756.83,82456.0,84010.03,17214.74358
BTC,2025-03-18,84010.02,84021.74,81134.66,82715.03,17610.89883
BTC,2025-03-19,82715.03,87000.0,82547.16,86845.94,28151.05374
BTC,2025-03-20,86845.93,87453.67,83655.23,84223.39,22090.30463
BTC,2025-03-21,84223.38,84850.33,83175.25,84088.79,11956.97443
BTC,2025-03-22,84088.79,84539.17,83625.1,83840.59,5420.22114
BTC,2025-03-23,83840.59,86129.64,83809.75,86082.5,8461.97813
BTC,2025-03-24,86082.5,88765.43,85519.09,87498.16,30115.62111
BTC,2025-03-25,87498.16,88539.63,86310.0,87392.87,22643.25248
BTC,2025-03-26,87392.88,88275.0,85860.0,86909.17,18408.78485
BTC,2025-03-27,86909.17,87756.39,85800.0,87232.01,17098.03897
BTC,2025-03-28,87232.01,87515.67,83585.0,84424.38,27182.73169
BTC,2025-03-29,84424.38,84624.73,81644.81,82648.54,11696.39864
BTC,2025-03-30,82648.53,83534.64,81565.0,82389.99,9864.49508
BTC,2025-03-31,82390.0,83943.08,81278.52,82550.01,20569.13885
BTC,2025-04-01,82550.0,85579.46,82432.74,85158.34,20190.39697
BTC,2025-04-02,85158.35,88500.0,82320.0,82516.29,39931.457
BTC,2025-04-03,82516.28,83998.02,81211.24,83213.09,27337.84135
BTC,2025-04-04,83213.09,84720.0,81659.0,83889.87,32915.53976
BTC,2025-04-05,83889.87,84266.0,82379.95,83537.99,9360.40468
BTC,2025-04-06,83537.99,83817.63,77153.83,78430.0,27942.71436
BTC,2025-04-07,78430.0,81243.58,74508.0,79163.24,78387.53089
BTC,2025-04-08,79163.24,80867.99,76239.9,76322.42,35317.32063
BTC,2025-04-09,76322.42,83588.0,74620.0,82615.22,75488.28772
BTC,2025-04-10,82615.22,82753.21,78464.36,79607.3,33284.80718
BTC,2025-04-11,79607.3,84300.0,78969.58,83423.84,34435.43797
BTC,2025-04-12,83423.83,85905.0,82792.95,85276.9,18470.74437
BTC,2025-04-13,85276.91,86100.0,83034.23,83760.0,24680.04181
BTC,2025-04-14,83760.0,85799.99,83678.0,84591.58,28659.09348
BTC,2025-04-15,84591.58,86496.42,83600.0,83643.99,20910.99528
BTC,2025-04-16,83643.99,85500.0,83111.64,84030.38,20867.24519
BTC,2025-04-17,84030.38,85470.01,83736.26,84947.91,13728.84772
BTC,2025-04-18,84947.92,85132.08,84303.96,84474.69,6529.96315
BTC,2025-04-19,84474.7,85677.99,84364.45,85077.01,9666.58153
BTC,2025-04-20,85077.0,85320.76,83949.52,85179.24,8091.67725
BTC,2025-04-21,85179.24,88465.99,85144.76,87516.23,31773.37262
BTC,2025-04-22,87516.22,93888.0,87076.03,93442.99,43872.74705
BTC,2025-04-23,93442.99,94696.05,91935.41,93691.08,27404.16808
BTC,2025-04-24,93691.07,94005.0,91660.01,93980.47,19497.06071
BTC,2025-04-25,93980.47,95758.04,92855.96,94638.68,27500.66648
BTC,2025-04-26,94638.68,95199.0,93870.69,94628.0,9415.06875
BTC,2025-04-27,94628.0,95369.0,93602.58,93749.3,11162.841
BTC,2025-04-28,93749.29,95630.0,92800.01,95011.18,22157.53351
BTC,2025-04-29,95011.18,95461.53,93742.54,94256.82,16955.3402
BTC,2025-04-30,94256.82,95228.45,92910.0,94172.0,17661.2751
BTC,2025-05-01,94172.0,97424.02,94130.43,96489.91,21380.45343
BTC,2025-05-02,96489.9,97895.68,96350.0,96887.14,14905.74811
BTC,2025-05-03,96887.13,96935.67,95753.01,95856.42,9723.34838
BTC,2025-05-04,95856.42,96304.48,94151.38,94277.62,11036.38342
BTC,2025-05-05,94277.61,95199.0,93514.1,94733.68,17251.18189
BTC,2025-05-06,94733.68,96920.65,93377.0,96834.02,16122.64513
BTC,2025-05-07,96834.02,97732.0,95784.61,97030.5,16644.83854
BTC,2025-05-08,97030.5,104145.76,96876.29,103261.6,34962.02847
BTC,2025-05-09,103261.61,104361.3,102315.14,102971.99,27617.39907
BTC,2025-05-10,102971.99,104984.57,102818.76,104809.53,15324.78611
BTC,2025-05-11,104809.53,104972.0,103345.06,104118.0,17987.12197
BTC,2025-05-12,104118.0,105819.45,100718.37,102791.32,31272.77792
BTC,2025-05-13,102791.32,104976.25,101429.7,104103.72,21253.42409
BTC,2025-05-14,104103.72,104356.95,102602.05,103507.82,16452.9081
BTC,2025-05-15,103507.83,104192.7,101383.07,103763.71,17998.98604
BTC,2025-05-16,103763.71,104550.33,103100.49,103463.9,15683.88024
BTC,2025-05-17,103463.9,103709.86,102612.5,103126.65,11250.89622
BTC,2025-05-18,103126.65,106660.0,103105.09,106454.26,21599.98726
BTC,2025-05-19,106454.27,107108.62,102000.0,105573.74,30260.03524
BTC,2025-05-20,105573.73,107320.0,104184.72,106849.99,23705.48275
BTC,2025-05-21,106850.0,110797.38,106100.01,109643.99,45531.040345
BTC,2025-05-22,109643.99,111980.0,109177.37,111696.21,31630.77313
BTC,2025-05-23,111696.22,111800.0,106800.0,107318.3,31737.72309
BTC,2025-05-24,107318.3,109506.03,106875.41,107761.91,16782.53129
BTC,2025-05-25,107761.9,109299.99,106600.64,109004.19,17710.04695
BTC,2025-05-26,109004.2,110422.22,108670.58,109434.79,14649.11593
BTC,2025-05-27,109434.78,110718.0,107516.57,108938.17,21276.65635
BTC,2025-05-28,108938.17,109284.7,106769.43,107781.78,15633.78829
BTC,2025-05-29,107781.78,108891.91,105322.86,105589.75,19834.70116
BTC,2025-05-30,105589.75,106313.12,103621.0,103985.48,23706.49799
BTC,2025-05-31,103985.47,104900.0,103068.55,104591.88,11289.35922
BTC,2025-06-01,104591.88,105866.91,103752.49,105642.93,9709.70006
BTC,2025-06-02,105642.93,105935.63,103659.88,105857.99,13453.98813
BTC,2025-06-03,105858.0,106794.67,104872.5,105376.89,13259.52634
BTC,2025-06-04,105376.9,106000.0,104179.0,104696.86,14034.89482
BTC,2025-06-05,104696.86,105909.71,100372.26,101508.68,22321.50154
BTC,2025-06-06,101508.69,105333.0,101095.8,104288.44,15839.07385
BTC,2025-06-07,104288.43,105900.0,103871.09,105552.15,8344.93206
BTC,2025-06-08,105552.15,106488.14,104964.14,105734.0,8048.06305
BTC,2025-06-09,105734.01,110530.17,105318.37,110263.02,19975.37451
BTC,2025-06-10,110263.02,110400.0,108331.03,110274.39,17071.82839
BTC,2025-06-11,110274.39,110392.01,108064.0,108645.12,13115.91638
BTC,2025-06-12,108645.13,108813.55,105671.72,105671.73,17778.67218
BTC,2025-06-13,105671.74,106179.53,102664.31,106066.59,26180.81734
BTC,2025-06-14,106066.59,106252.0,104300.0,105414.64,8798.93969
BTC,2025-06-15,105414.63,106128.57,104494.53,105594.01,7164.20047
BTC,2025-06-16,105594.02,108952.38,104980.37,106794.53,14922.6654
BTC,2025-06-17,106794.53,107771.34,103371.02,104551.17,17866.33025
BTC,2025-06-18,104551.17,105550.27,103500.0,104886.78,13968.64167
BTC,2025-06-19,104886.79,105226.17,103929.27,104658.59,7678.60737
BTC,2025-06-20,104658.59,106524.65,102345.0,103297.99,16419.06283
BTC,2025-06-21,103297.98,103982.64,100837.9,102120.01,11154.21332
BTC,2025-06-22,102120.02,103399.62,98200.0,100963.87,28746.41072
BTC,2025-06-23,100963.87,106074.2,99613.33,105333.93,27666.50609
BTC,2025-06-24,105333.94,106290.0,104622.02,106083.0,14651.69335
BTC,2025-06-25,106083.0,108135.3,105808.03,107340.58,16701.15551
BTC,2025-06-26,107340.59,108272.45,106562.5,106947.06,10573.27279
BTC,2025-06-27,106947.06,107735.34,106356.76,107047.59,12232.44042
BTC,2025-06-28,107047.58,107577.75,106811.51,107296.79,3282.17352
BTC,2025-06-29,107296.79,108528.5,107172.52,108356.93,6831.7364
BTC,2025-06-30,108356.93,108789.99,106733.33,107146.5,9754.12491
BTC,2025-07-01,107146.51,107540.0,105250.85,105681.14,10505.62437
BTC,2025-07-02,105681.13,109730.0,105100.19,108849.6,17691.89592
BTC,2025-07-03,108849.59,110529.18,108530.4,109584.78,13047.08225
BTC,2025-07-04,109584.77,109767.59,107245.0,107984.24,11793.86615
BTC,2025-07-05,107984.25,108420.56,107756.31,108198.12,3736.9757
BTC,2025-07-06,108198.12,109700.0,107800.01,109203.84,6447.607
BTC,2025-07-07,109203.85,109700.0,107513.2,108262.94,9405.37601
BTC,2025-07-08,108262.94,109216.56,107429.57,108922.98,9216.0208
BTC,2025-07-09,108922.99,111999.79,108324.53,111233.99,17282.2865
BTC,2025-07-10,111234.0,116868.0,110500.0,116010.0,24883.450665
BTC,2025-07-11,116010.01,118869.98,115222.22,117527.66,25873.521148
BTC,2025-07-12,117527.66,118200.0,116900.05,117420.0,8446.60437
BTC,2025-07-13,117420.0,119488.0,117224.79,119086.64,9550.792947
BTC,2025-07-14,119086.65,123218.0,118905.18,119841.18,27269.348877
BTC,2025-07-15,119841.17,119940.83,115736.92,117758.09,32018.46083
BTC,2025-07-16,117758.08,120063.84,117017.29,118630.43,17039.90851
BTC,2025-07-17,118630.44,120998.71,117453.57,119177.56,15728.57651
BTC,2025-07-18,119177.56,120820.71,116812.76,117924.84,19924.66266
BTC,2025-07-19,117924.84,118499.9,117277.34,117840.0,6635.80306
BTC,2025-07-20,117840.01,118856.8,116467.02,117265.12,12962.92889
BTC,2025-07-21,117265.11,119676.73,116515.0,117380.36,17107.33128
BTC,2025-07-22,117380.36,120247.8,116128.0,119954.42,20959.12973
BTC,2025-07-23,119954.43,120090.0,117301.0,118755.99,14558.75083
BTC,2025-07-24,118756.0,119450.0,117103.1,118340.99,15806.89043
BTC,2025-07-25,118340.98,118451.57,114723.16,117614.31,38406.34873
BTC,2025-07-26,117614.31,118297.35,117138.38,117919.99,6991.67206
BTC,2025-07-27,117919.99,119766.65,117825.5,119415.55,9328.30919
BTC,2025-07-28,119415.56,119800.0,117427.5,118062.32,13961.74754
BTC,2025-07-29,118062.32,119273.36,116950.75,117950.76,15137.93445
BTC,2025-07-30,117950.75,118792.0,115796.23,117840.3,15586.73631
BTC,2025-07-31,117840.29,118922.45,115500.0,115764.08,17010.0073
BTC,2025-08-01,115764.07,116052.0,112722.58,113297.93,24487.10206
BTC,2025-08-02,113297.92,114063.49,112003.0,112546.35,11507.33428
BTC,2025-08-03,112546.35,114799.97,111920.0,114208.8,7397.76046
BTC,2025-08-04,114208.81,115720.0,114107.6,115055.03,9667.67916
BTC,2025-08-05,115055.03,115127.81,112650.0,114129.75,12042.79078
BTC,2025-08-06,114129.75,115716.0,113355.13,114992.27,9761.15318
BTC,2025-08-07,114992.27,117621.0,114259.0,117472.01,13468.56263
BTC,2025-08-08,117472.02,117630.0,115878.71,116674.74,10045.31278
BTC,2025-08-09,116674.74,117944.05,116299.13,116462.25,9514.13144
BTC,2025-08-10,116462.25,119311.11,116460.63,119294.01,14322.77073
BTC,2025-08-11,119294.27,122335.16,118050.11,118686.0,26494.33429
BTC,2025-08-12,118686.0,120324.43,118207.47,120134.08,16720.10893
BTC,2025-08-13,120134.09,123667.79,118920.92,123306.43,23210.07102
BTC,2025-08-14,123306.44,124474.0,117180.0,118295.09,27980.947586
BTC,2025-08-15,118295.09,119216.82,116803.99,117342.05,13623.33874
BTC,2025-08-16,117342.04,117898.99,117143.98,117380.66,6393.68117
BTC,2025-08-17,117380.66,118575.0,117172.21,117405.01,5898.64192
BTC,2025-08-18,117405.01,117543.75,114640.14,116227.05,17745.93954
BTC,2025-08-19,116227.05,116725.69,112732.58,112872.94,18065.47424
BTC,2025-08-20,112872.95,114615.38,112380.0,114271.24,15636.34194
BTC,2025-08-21,114271.23,114821.76,112015.67,112500.0,10839.69235
BTC,2025-08-22,112500.0,117429.05,111684.79,116935.99,23128.09037
BTC,2025-08-23,116936.0,117030.0,114560.0,115438.05,11329.36197
BTC,2025-08-24,115438.06,115666.68,110680.0,113493.59,21175.98462
BTC,2025-08-25,113493.59,113667.28,109274.1,110111.98,25182.79379
BTC,2025-08-26,110111.98,112371.0,108666.66,111763.22,18452.43877
BTC,2025-08-27,111763.22,112625.0,110345.42,111262.01,13392.60875
BTC,2025-08-28,111262.01,113485.9,110862.42,112566.9,11104.27744
BTC,2025-08-29,112566.9,112638.64,107463.9,108377.4,22580.31045
BTC,2025-08-30,108377.4,108926.15,107350.1,108816.33,10708.39159
BTC,2025-08-31,108816.33,109480.02,108076.93,108246.35,9489.51596
BTC,2025-09-01,108246.36,109912.4,107255.0,109237.42,16053.60219
BTC,2025-09-02,109237.43,111771.52,108393.39,111240.01,18510.28756
BTC,2025-09-03,111240.01,112575.27,110528.71,111705.71,11773.72084
BTC,2025-09-04,111705.72,112180.0,109329.12,110730.87,12203.13536
BTC,2025-09-05,110730.87,113384.62,110206.96,110659.99,21587.40888
BTC,2025-09-06,110660.0,111307.7,109977.0,110187.97,5000.29897
BTC,2025-09-07,110187.98,111600.0,110180.0,111137.34,5681.29944
BTC,2025-09-08,111137.35,112924.37,110621.78,112065.23,11582.40211
BTC,2025-09-09,112065.23,113293.29,110766.66,111546.39,15379.28248
BTC,2025-09-10,111546.38,114313.13,110917.45,113960.0,17517.41823
BTC,2025-09-11,113960.0,115488.09,113430.0,115482.69,13676.73119
BTC,2025-09-12,115482.69,116665.63,114740.99,116029.42,15324.10719
BTC,2025-09-13,116029.41,116298.78,115127.27,115918.29,8269.40394
BTC,2025-09-14,115918.29,116165.19,115135.0,115268.01,6707.60197
BTC,2025-09-15,115268.01,116757.99,114384.0,115349.71,13212.51149
BTC,2025-09-16,115349.71,116964.27,114737.11,116788.96,10926.9094
BTC,2025-09-17,116788.96,117286.73,114720.81,116447.59,16754.2454
BTC,2025-09-18,116447.6,117900.0,116092.76,117073.53,11657.23365
BTC,2025-09-19,117073.53,117459.99,115100.0,115632.38,8992.09065
BTC,2025-09-20,115632.39,116121.81,115408.47,115685.63,4674.92752
BTC,2025-09-21,115685.63,115819.06,115188.0,115232.29,4511.52219
BTC,2025-09-22,115232.29,115379.25,111800.0,112650.99,20781.71356
BTC,2025-09-23,112650.99,113290.5,111458.73,111998.8,12301.3203
BTC,2025-09-24,111998.8,113940.0,111042.66,113307.0,12369.25967
BTC,2025-09-25,113307.01,113510.23,108631.51,108994.49,21231.14957
BTC,2025-09-26,108994.49,110300.0,108620.07,109643.46,14243.01591
BTC,2025-09-27,109643.46,109743.91,109064.4,109635.85,5501.78643
BTC,2025-09-28,109635.85,112350.0,109189.99,112163.95,7542.3316
BTC,2025-09-29,112163.96,114400.0,111560.65,114311.96,15541.12005
BTC,2025-09-30,114311.97,114792.0,112656.27,114048.93,15044.15633
BTC,2025-10-01,114048.94,118649.1,113966.67,118594.99,20036.39516
BTC,2025-10-02,118594.99,121022.07,118279.31,120529.35,19670.83503
BTC,2025-10-03,120529.35,123894.99,119248.3,122232.0,23936.328
BTC,2025-10-04,122232.21,122800.0,121510.0,122391.0,8208.16678
BTC,2025-10-05,122390.99,125708.42,122136.0,123482.31,22043.097553
BTC,2025-10-06,123482.32,126199.63,123084.0,124658.54,19494.628793
BTC,2025-10-07,124658.54,125126.0,120574.94,121332.95,21633.99385
BTC,2025-10-08,121332.96,124197.25,121066.14,123306.0,17012.618
BTC,2025-10-09,123306.01,123762.94,119651.47,121662.4,21559.36007
BTC,2025-10-10,121662.41,122550.0,102000.0,112774.5,64171.93927
BTC,2025-10-11,112774.49,113322.39,109561.59,110644.4,35448.51652
BTC,2025-10-12,110644.4,115770.0,109565.06,114958.8,32255.30272
BTC,2025-10-13,114958.81,115963.81,113616.5,115166.0,22557.24033
BTC,2025-10-14,115166.0,115409.96,109866.0,113028.14,31870.32974
BTC,2025-10-15,113028.13,113612.35,110164.0,110763.28,22986.48811
BTC,2025-10-16,110763.28,111982.45,107427.0,108194.28,29857.17252
BTC,2025-10-17,108194.27,109240.0,103528.23,106431.68,37920.66838
BTC,2025-10-18,106431.68,107499.0,106322.2,107185.01,11123.18766
BTC,2025-10-19,107185.0,109450.07,106103.36,108642.78,15480.66423
BTC,2025-10-20,108642.77,111705.56,107402.52,110532.09,19193.4416
BTC,2025-10-21,110532.09,114000.0,107473.72,108297.67,37228.01659
BTC,2025-10-22,108297.66,109163.88,106666.69,107567.44,28610.78451
BTC,2025-10-23,107567.45,111293.61,107500.0,110078.18,17573.09294
BTC,2025-10-24,110078.19,112104.98,109700.01,111004.89,15005.16913
BTC,2025-10-25,111004.9,111943.19,110672.86,111646.27,6407.96864
BTC,2025-10-26,111646.27,115466.8,111260.45,114559.4,13454.47737
BTC,2025-10-27,114559.41,116400.0,113830.01,114107.65,21450.23241
BTC,2025-10-28,114107.65,116086.0,112211.0,112898.45,15523.42257
BTC,2025-10-29,112898.44,113643.73,109200.0,110021.29,21079.71376
BTC,2025-10-30,110021.3,111592.0,106304.34,108322.88,25988.82838
BTC,2025-10-31,108322.87,111190.0,108275.28,109608.01,21518.20439
BTC,2025-11-01,109608.01,110564.49,109394.81,110098.1,7378.50431
BTC,2025-11-02,110098.1,111250.01,109471.34,110540.68,12107.00087
BTC,2025-11-03,110540.69,110750.0,105306.56,106583.04,28681.18779
BTC,2025-11-04,106583.05,107299.0,98944.36,101497.22,50534.87376
BTC,2025-11-05,101497.23,104534.74,98966.8,103885.16,33778.77571
BTC,2025-11-06,103885.16,104200.0,100300.95,101346.04,25814.62139
BTC,2025-11-07,101346.04,104096.36,99260.86,103339.08,32059.50942
BTC,2025-11-08,103339.09,103406.22,101454.0,102312.94,12390.77985
BTC,2025-11-09,102312.95,105495.62,101400.0,104722.96,16338.97096
BTC,2025-11-10,104722.95,106670.11,104265.02,106011.13,22682.25673
BTC,2025-11-11,106011.13,107500.0,102476.09,103058.99,24196.50718
BTC,2025-11-12,103059.0,105333.33,100813.59,101654.37,20457.63906
BTC,2025-11-13,101654.37,104085.01,98000.4,99692.02,36198.50771
BTC,2025-11-14,99692.03,99866.02,94012.45,94594.0,47288.14481
BTC,2025-11-15,94594.0,96846.68,94558.49,95596.24,15110.89391
BTC,2025-11-16,95596.23,96635.11,93005.55,94261.44,23889.4051
BTC,2025-11-17,94261.45,96043.0,91220.0,92215.14,39218.59806
BTC,2025-11-18,92215.14,93836.01,89253.78,92960.83,39835.14769
BTC,2025-11-19,92960.83,92980.22,88608.0,91554.96,32286.6376
BTC,2025-11-20,91554.96,93160.0,86100.0,86637.23,39733.19073
BTC,2025-11-21,86637.22,87498.94,80600.0,85129.43,72256.12679
BTC,2025-11-22,85129.42,85620.0,83500.0,84739.74,14193.93263
BTC,2025-11-23,84739.75,88127.64,84667.57,86830.0,19734.46418
BTC,2025-11-24,86830.0,89228.0,85272.0,88300.01,24663.12795
BTC,2025-11-25,88300.01,88519.99,86116.0,87369.96,19567.0411
BTC,2025-11-26,87369.97,90656.08,86306.77,90484.02,21675.82239
BTC,2025-11-27,90484.01,91950.0,90089.91,91333.95,16833.50932
BTC,2025-11-28,91333.94,93092.0,90180.63,90890.7,18830.86012
BTC,2025-11-29,90890.71,91165.65,90155.47,90802.44,7429.88291
BTC,2025-11-30,90802.44,92000.01,90336.9,90360.0,9687.74175
BTC,2025-12-01,90360.01,90417.0,83822.76,86286.01,34509.01227
BTC,2025-12-02,86286.01,92307.65,86184.39,91277.88,28210.22732
BTC,2025-12-03,91277.88,94150.0,90990.23,93429.95,25712.52585
BTC,2025-12-04,93429.95,94080.0,90889.0,92078.06,19803.94059
BTC,2025-12-05,92078.06,92692.36,88056.0,89330.04,19792.97218
BTC,2025-12-06,89330.04,90289.97,88908.01,89236.79,8409.50016
BTC,2025-12-07,89236.8,91760.0,87719.28,90395.31,13021.11185
BTC,2025-12-08,90395.32,92287.15,89612.0,90634.34,15793.63887
BTC,2025-12-09,90634.35,94588.99,89500.0,92678.8,21240.43014
BTC,2025-12-10,92678.81,94476.0,91563.15,92015.37,18998.68083
BTC,2025-12-11,92015.38,93555.0,89260.63,92513.38,19972.58758
BTC,2025-12-12,92513.38,92754.0,89480.0,90268.42,16679.19169
BTC,2025-12-13,90268.43,90634.55,89766.39,90240.01,5895.70788
BTC,2025-12-14,90240.0,90472.4,87577.36,88172.17,9416.94004
BTC,2025-12-15,88172.16,90052.64,85146.64,86432.08,19778.6919
BTC,2025-12-16,86432.08,88175.98,85266.0,87863.42,18456.05017
BTC,2025-12-17,87863.43,90365.85,85314.0,86243.22,19834.11729
BTC,2025-12-18,86243.23,89477.61,84450.01,85516.41,25405.41763
BTC,2025-12-19,85516.41,89399.97,85110.24,88136.94,21256.65004
BTC,2025-12-20,88136.95,88573.07,87795.76,88360.9,5123.13194
BTC,2025-12-21,88360.91,89081.77,87600.04,88658.86,7132.87258
BTC,2025-12-22,88658.87,90588.23,87900.0,88620.79,14673.2197
BTC,2025-12-23,88620.79,88940.0,86601.9,87486.0,13910.32904
BTC,2025-12-24,87486.0,88049.89,86420.0,87669.45,9140.8432
BTC,2025-12-25,87669.44,88592.74,86934.72,87225.27,7096.58235
BTC,2025-12-26,87225.27,89567.75,86655.08,87369.56,18344.61505
BTC,2025-12-27,87369.56,87984.0,87253.05,87877.01,4469.55156
BTC,2025-12-28,87877.0,88088.75,87435.0,87952.71,4446.29285
BTC,2025-12-29,87952.71,90406.08,86806.5,87237.13,19894.98575
BTC,2025-12-30,87237.13,89400.0,86845.66,88485.49,13105.91001
BTC,2025-12-31,88485.5,89200.0,87250.0,87648.22,11558.62047
BTC,2026-01-01,87648.21,88919.45,87550.43,88839.04,6279.57133
BTC,2026-01-02,88839.05,90961.81,88379.88,89995.13,17396.97301
BTC,2026-01-03,89995.14,90741.16,89314.01,90628.01,7057.46716
BTC,2026-01-04,90628.01,91810.0,90628.0,91529.73,10426.5297
BTC,2026-01-05,91529.74,94789.08,91514.81,93859.71,20673.59584
BTC,2026-01-06,93859.71,94444.44,91262.94,93747.97,18546.41829
BTC,2026-01-07,93747.97,93747.97,90675.52,91364.16,14276.49025
BTC,2026-01-08,91364.16,91687.99,89311.0,91099.99,16132.79117
BTC,2026-01-09,91100.0,92082.55,89694.66,90641.28,15590.27939
BTC,2026-01-10,90641.27,90832.0,90404.0,90504.7,3104.11722
BTC,2026-01-11,90504.7,91283.89,90236.0,91013.65,5477.13594
BTC,2026-01-12,91013.66,92519.95,90128.44,91296.2,16188.08268
BTC,2026-01-13,91296.2,96495.0,91042.66,95414.0,23021.51482
BTC,2026-01-14,95413.99,97924.49,94559.28,96951.78,22851.89428
BTC,2026-01-15,96951.78,97193.34,95134.48,95604.8,21725.81369
BTC,2026-01-16,95604.81,95871.47,94293.46,95550.94,11167.7146
BTC,2026-01-17,95550.94,95639.45,95021.67,95147.77,4280.80137
BTC,2026-01-18,95147.77,95531.12,93615.4,93673.14,6895.17819
BTC,2026-01-19,93673.14,93673.14,91910.2,92631.0,14295.52747
BTC,2026-01-20,92630.99,92870.0,87895.98,88427.66,22007.3261
BTC,2026-01-21,88427.66,90574.0,87263.53,89454.73,20617.50372
BTC,2026-01-22,89454.73,90359.99,88515.37,89559.67,10825.50492
BTC,2026-01-23,89559.68,91224.99,88578.36,89600.26,13918.48919
BTC,2026-01-24,89600.26,89957.39,89162.08,89225.34,4226.56737
BTC,2026-01-25,89225.34,89319.13,86074.72,86670.36,14426.22019
BTC,2026-01-26,86670.36,88860.0,86509.63,88347.08,17766.51453
BTC,2026-01-27,88347.08,89523.16,87304.33,89250.0,13125.40425
BTC,2026-01-28,89249.99,90600.0,88833.65,89299.99,14332.18502
BTC,2026-01-29,89300.0,89348.0,83383.33,84650.16,30431.38201
BTC,2026-01-30,84650.16,84735.75,81118.0,84260.49,35195.84793
BTC,2026-01-31,84260.5,84270.02,75719.9,78741.09,39491.89133
BTC,2026-02-01,78741.1,79424.0,75700.0,76968.21,25395.48168
BTC,2026-02-02,76968.22,79360.0,74604.0,78738.61,42273.59016
BTC,2026-02-03,78738.6,79186.81,72945.5,75770.21,39120.10889
BTC,2026-02-04,75770.21,76971.52,71888.0,73165.83,38375.36
BTC,2026-02-05,73165.84,73341.18,62345.0,62909.86,106298.82899
BTC,2026-02-06,62909.87,71751.33,60000.0,70580.26,92539.21531
BTC,2026-02-07,70580.26,71690.07,67300.0,69289.38,44255.48036
BTC,2026-02-08,69289.37,72271.41,68888.0,70330.38,21420.53168
BTC,2026-02-09,70330.38,71453.53,68308.0,70138.0,29152.72842
BTC,2026-02-10,70138.0,70527.59,67800.0,68841.29,20373.77072
BTC,2026-02-11,68841.28,69292.88,65756.0,67082.52,28718.24602
BTC,2026-02-12,67082.52,68410.52,65118.0,66272.17,24271.74283
BTC,2026-02-13,66272.17,69482.97,65872.46,68853.96,20244.54955
BTC,2026-02-14,68853.97,70560.01,68730.13,69822.95,18114.78393
BTC,2026-02-15,69822.94,70983.0,68000.0,68832.58,22290.05208
BTC,2026-02-16,68832.59,70126.67,67294.11,68892.43,15515.76534
BTC,2026-02-17,68892.43,69241.5,66621.06,67503.52,16489.06921
BTC,2026-02-18,67503.52,68476.22,65870.0,66461.0,15492.43839
BTC,2026-02-19,66461.0,67320.0,65631.83,67003.73,14542.26988
BTC,2026-02-20,67003.73,68318.39,66280.2,68020.01,35351.87091
BTC,2026-02-21,68020.0,68698.7,67534.69,67975.93,8032.84131
BTC,2026-02-22,67975.93,68245.0,67190.0,67643.4,8175.13484
BTC,2026-02-23,67643.39,67684.86,63888.79,64656.02,33075.90923
BTC,2026-02-24,64656.01,65026.75,62510.28,64058.15,23102.83622
BTC,2026-02-25,64058.15,69988.83,63913.27,67988.04,30749.99259
BTC,2026-02-26,67988.04,68860.0,66500.0,67485.18,20737.77792
BTC,2026-02-27,67485.19,68216.8,64914.46,65872.1,21228.58424
BTC,2026-02-28,65872.09,67760.0,63030.0,66973.26,22548.71649
BTC,2026-03-01,66973.26,68199.99,65056.0,65776.47,23201.85859
BTC,2026-03-02,65776.48,70096.0,65259.21,68830.06,32010.38431
BTC,2026-03-03,68830.06,69258.08,66158.0,68338.0,24972.2418
BTC,2026-03-04,68338.01,74050.0,67400.0,72666.77,44919.0761
BTC,2026-03-05,72666.77,73558.15,70645.47,70890.72,26590.51253
BTC,2026-03-06,70891.02,71419.98,67744.78,68114.02,22629.88722
BTC,2026-03-07,68114.02,68551.04,66915.26,67262.91,12719.54315
BTC,2026-03-08,67262.91,68200.0,65618.49,65971.2,21593.63901
BTC,2026-03-09,65971.2,69516.65,65821.97,68432.16,28896.7213
BTC,2026-03-10,68432.16,71777.0,68391.41,69948.63,32602.57726
BTC,2026-03-11,69948.64,71321.0,68977.91,70191.86,27249.27542
BTC,2026-03-12,70191.86,70800.0,69205.91,70541.34,21997.1605
BTC,2026-03-13,70541.34,73913.74,70386.01,70930.0,35996.61678
BTC,2026-03-14,70930.01,71307.92,70317.0,71211.95,13017.24737
BTC,2026-03-15,71211.95,73199.0,70858.82,72815.24,14037.30704
BTC,2026-03-16,72815.25,74909.08,72270.41,74884.67,28409.53019
BTC,2026-03-17,74884.67,76000.0,73399.19,73909.36,24521.26636
BTC,2026-03-18,73909.37,74672.34,70500.0,71246.54,23392.88093
BTC,2026-03-19,71246.55,71613.79,68793.35,69930.0,22364.81819
BTC,2026-03-20,69930.01,71367.0,69388.0,70510.73,18121.16745
BTC,2026-03-21,70510.73,71100.94,68571.42,68918.12,13397.1675
BTC,2026-03-22,68918.12,69588.79,67360.66,67859.0,14843.78682
BTC,2026-03-23,67859.0,71817.09,67445.18,70906.45,28335.09119
BTC,2026-03-24,70906.45,71400.0,68923.07,70556.74,20702.42244
BTC,2026-03-25,70556.74,72026.09,70408.0,71336.53,17719.50066
BTC,2026-03-26,71336.53,71436.82,68153.0,68820.31,20820.45768
BTC,2026-03-27,68820.31,69179.05,65548.25,66407.28,28603.69557
BTC,2026-03-28,66407.28,67288.94,65932.09,66377.03,11462.39847
BTC,2026-03-29,66377.04,67130.5,65000.0,66010.93,10052.85584
BTC,2026-03-30,66010.93,68169.65,65800.59,66797.37,18353.38975
BTC,2026-03-31,66797.38,68589.49,65998.05,68284.48,22105.40662
BTC,2026-04-01,68284.49,69310.0,67578.75,68113.92,19020.1899
BTC,2026-04-02,68113.92,68653.38,65712.12,66901.99,20203.47916
BTC,2026-04-03,66901.99,67370.42,66282.0,66964.3,11429.13131
BTC,2026-04-04,66964.29,67562.93,66775.91,67300.42,7373.51613
BTC,2026-04-05,67300.42,69136.2,66611.66,69034.18,11733.46752
BTC,2026-04-06,69034.18,70351.46,68300.0,68853.66,20281.61044
BTC,2026-04-07,68853.66,72761.0,67732.01,71924.22,23750.49661
BTC,2026-04-08,71924.22,72857.0,70707.23,71069.93,19802.68627
BTC,2026-04-09,71069.93,73145.0,70466.0,71787.97,18158.42159
BTC,2026-04-10,71787.98,73434.0,71426.15,72962.7,17372.63288
BTC,2026-04-11,72962.71,73790.0,72513.09,73043.16,9070.94374
BTC,2026-04-12,73043.16,73137.24,70505.88,70740.98,13472.46801
BTC,2026-04-13,70741.56,74900.0,70566.99,74417.99,24230.21625
BTC,2026-04-14,74418.0,76038.0,73795.47,74131.55,26532.94456
BTC,2026-04-15,74131.55,75425.0,73514.0,74809.99,14425.04167
BTC,2026-04-16,74809.99,75534.76,73309.85,75154.29,17088.68777
BTC,2026-04-17,75154.28,78333.0,74529.4,77072.0,25941.36694
BTC,2026-04-18,77072.01,77420.08,75445.16,75691.76,9141.84456
BTC,2026-04-19,75691.76,76240.66,73762.9,73801.79,11369.82232
BTC,2026-04-20,73801.8,76558.62,73724.31,75840.97,16993.41034
BTC,2026-04-21,75840.97,76927.57,74821.57,76336.15,14912.57132
BTC,2026-04-22,76336.14,79472.82,76132.95,78178.23,19737.51225
BTC,2026-04-23,78178.22,78662.5,76960.0,78257.48,16970.79501
BTC,2026-04-24,78257.48,78581.93,77264.08,77437.13,12675.14315
BTC,2026-04-25,77437.13,77885.35,77140.23,77625.0,5685.1142
BTC,2026-04-26,77625.0,78961.0,77326.51,78657.55,7963.56162
BTC,2026-04-27,78657.55,79485.66,76459.64,77371.32,16046.92418
BTC,2026-04-28,77371.32,77478.0,75666.6,76342.77,13210.72383
BTC,2026-04-29,76342.78,77904.93,74937.52,75780.0,18279.93022
BTC,2026-04-30,75780.0,76669.14,75323.65,76346.57,10381.81607
BTC,2026-05-01,76346.58,78914.12,76320.42,78231.13,17315.46502
BTC,2026-05-02,78231.13,79199.48,78040.0,78686.85,6150.87642
BTC,2026-05-03,78686.84,79447.0,78084.08,78568.57,7425.7929
BTC,2026-05-04,78568.58,80776.99,78202.0,79861.01,26042.96135
BTC,2026-05-05,79861.01,81791.48,79808.72,80905.52,16947.17995
BTC,2026-05-06,80905.53,82850.0,80731.14,81447.01,18798.77396
BTC,2026-05-07,81447.01,81708.32,79500.0,80006.0,16154.80338
BTC,2026-05-08,80006.0,80500.0,79181.48,80193.17,16001.31009
BTC,2026-05-09,80193.18,81080.0,80129.85,80678.4,7548.42177
BTC,2026-05-10,80678.41,82479.32,80279.77,82210.07,12034.31882
BTC,2026-05-11,82210.07,82380.0,80462.97,81745.65,12951.76056
BTC,2026-05-12,81745.66,81788.0,79843.59,80504.47,12386.25676
BTC,2026-05-13,80504.47,81324.64,78754.65,79313.61,14810.05643
BTC,2026-05-14,79313.61,82048.13,78922.0,81089.99,19727.86807
BTC,2026-05-15,81090.0,81664.45,78659.0,79113.21,17351.27079
BTC,2026-05-16,79113.2,79227.77,77640.0,78148.05,12132.86192
BTC,2026-05-17,78148.05,78599.99,76735.16,77457.67,8442.7022
BTC,2026-05-18,77457.67,77800.0,76051.0,77001.87,18745.51678
BTC,2026-05-19,77001.88,77414.62,76144.71,76834.36,11024.85978
BTC,2026-05-20,76834.36,77853.04,76516.74,77552.23,11296.26307
BTC,2026-05-21,77552.24,78200.0,76719.47,77615.52,11318.25841
BTC,2026-05-22,77615.52,77900.0,75359.18,75539.5,11272.36134
BTC,2026-05-23,75539.5,77404.18,74289.6,76752.01,15086.88814
BTC,2026-05-24,76752.0,77543.15,76108.0,77064.96,8398.00156
BTC,2026-05-25,77064.96,77905.52,76914.25,77322.01,7672.32197
BTC,2026-05-26,77322.01,78080.0,75677.97,75930.01,16953.47629
BTC,2026-05-27,75930.01,76174.15,74243.99,74449.3,16877.77483
BTC,2026-05-28,74449.31,74590.77,72582.82,73617.51,21274.02026
BTC,2026-05-29,73617.52,74514.1,72512.49,73460.78,18686.74141
BTC,2026-05-30,73460.78,74143.76,73216.0,73884.38,7515.40909
BTC,2026-05-31,73884.38,74275.66,73400.0,73674.39,6986.45707
BTC,2026-06-01,73674.39,74092.0,70686.68,71408.9,23921.09184
BTC,2026-06-02,71408.9,71408.9,66193.0,66760.83,32858.19586
BTC,2026-06-03,66760.84,67516.0,64092.49,64142.75,30138.3065
BTC,2026-06-04,64142.75,64764.32,61383.56,63885.99,43577.17571
BTC,2026-06-05,63885.99,63978.0,59130.91,61056.47,55027.28807
BTC,2026-06-06,61056.47,61530.05,59500.0,60884.62,19795.58877
BTC,2026-06-07,60884.62,62960.0,60746.0,61814.48,16823.9307
